XTEkYdlM,_1tSRIohB 2,_2EO0yd2j,
Dushantha Ellewala,"on Feb 7, 2025","very pleased with it, value for money, quick delivery, perfect 👌",
Anne-Marie Kellar,"on Jan 23, 2025",awesome little light. Nice size and bright light. Very happy,
Akila Fernando,"on May 5, 2025","handy pointer, ideal, exactly as described, awesome little light, very pleased with it, value for money",
71***16,"on Jun 17, 2025",very useful item . large circle covering this light . thanks Temu,
W.L. Krishan Niluka,"on Apr 25, 2025",Highly recommend.,
Udaya Kumara,"on Apr 8, 2025","awesome little light, exactly as described",
77***83,"on Feb 21, 2025",Just as advertised. Very bright and compact. Covers a big area.,
Udara Shashipriya,"on Jan 18, 2025",,
De***al,"on Mar 23, 2025",Love the miniature size of the flashlight. Charges and works well as per the description. The product gives the expected brightness. However I am not satisfied with the LMD partner hence only giving 4 stars!,
72***70,"on Jun 14, 2025","handy pointer, ideal, exactly as described, wonderful product, value for money, perfect 👌",
Melson Patrick,"on Apr 23, 2025","quick delivery, perfect 👌, amazing, thank you temu🥰😍",
sh***95,"on Feb 4, 2025","exactly as described, , awesome little light with covering wide area😎",
Chaminda K,"on Jun 7, 2025",quick delivery perfect 👌 its fine,
Jasintha Kanthasamy,"on May 14, 2025",very easy to handle. Good product to buy,
Viji Vija,"on Jan 21, 2025",it's good quality I'm happy for your service,
Lakshan Niranjana,"on May 13, 2025",,
Nititaylor Slayer,"on Apr 10, 2025",Bright Flashlight 👍,
Nishantha Maduranga,"on Feb 28, 2025","well packed, and delivered as expected, exactly as described",
Buraida Mc,"on Sep 2, 2025",,
Mahesha Rathnayake,"on Mar 8, 2025",Thanks ! very pleased with it,
Maheshika Perera,"on Jun 7, 2025","awesome little light, very pleased with it",
Ruwan Kaweesha,"on Jul 17, 2025","Awesome Light,",
Prasanna Prasanna,"on Apr 25, 2025",good product ...i like it,
Priyanga Chathuranga,"on Aug 27, 2025",The touch is good. Thank you very much.,
pa***ge,"on Apr 23, 2025",very economical ..superb ! Recommend 💐👍,
ranjith kumara,"on Mar 13, 2025","quick delivery, very pleased with it",
Krisshanthan Dharmarajah,"on Mar 8, 2025",Received as described and well packed.,
migara Silva,"on Sep 2, 2025","Perfect worth the mony
spent",
Aravinda Wanasinghe,"on Apr 3, 2025","exactly as described, excellent product",
Danushka Hendavitarana,"on Mar 19, 2025",its good for daily use,
Dhanu M,"on May 12, 2025",exactly as described ❤️❤️,
Delrine Prithiviraj,"on Apr 25, 2025",very pleased with it,
Mahinda Pathirana,"on Aug 13, 2025",very convenient for the price,
Praba Praba,"on May 21, 2025",value for money,
77***63,"on May 4, 2025",value for money,
Nipuna Nishantha,"on Apr 26, 2025",value for money,
Yugantha Kalu Arachchilage,"on Apr 25, 2025",awesome little light,
Thakshi,"on Apr 23, 2025",value for money.,
මේනක බංඩාර මංචනායක,"on Apr 19, 2025",The value is worth it,
Neranjani Withana,"on Apr 17, 2025",good and bright,
Wushan Hettiarachchi,"on Mar 27, 2025",value for money,
ha***hd,"on Mar 16, 2025",exactly as described,
Ha***he,"on Mar 2, 2025",awesome little light,
Charith Sandaruwan,"on Feb 11, 2025",awesome little light,
Nipuna Anuranga,"on Feb 5, 2025",sctuall it's good,
Nalin Siriwardhana,"on Jan 30, 2025",awesome little light,
Chaminda Fonseka,"on May 27, 2025",Product also good,
Waruni Uthpala,"on Mar 3, 2025",worth the money spent,
rasika rukshan,"on May 26, 2025",awesome little,
pr***ge,"on May 16, 2025",perfect 👌,
H.D Janath Suranga Fernando,"on May 9, 2025",excellent product,
76***20,"on May 1, 2025",Nice item,
Thilagesh Waran,"on Apr 28, 2025",perfect 👌,
Aysh Zahr,"on Apr 25, 2025",very useful,
sandun shanka,"on Apr 24, 2025",excellent product,
is***ni,"on Apr 13, 2025",excellent product,
NL,"on Apr 12, 2025",Its superb,
Sudeera Srimal Rathnayake,"on Mar 31, 2025",excellent product,
sr***sh,"on Mar 29, 2025",excellent product,
Prageeth Amarasinghe,"on Mar 29, 2025",excellent product,
N**D,"on Mar 22, 2025",perfect 👌,
Renu Namalika,"on Mar 12, 2025",perfect 👌,
asanthi fernando,"on Mar 10, 2025",perfect 👌,
71***29,"on Feb 6, 2025",Good Product,
Ruwan Bandara,"on Jan 30, 2025",excellent thanks,
77***26,"on Jan 27, 2025",excellent thanks,
Su***va,"on Jan 23, 2025",quality item,
Vijay_Param,"on Jan 10, 2025",Birth product,
71***20,"on Apr 15, 2025",Worth the price.,
W T COMPANY,"on Feb 21, 2025",good bright light,
Nalaka Sampat,"on Feb 10, 2025","good, quick delivery",
77***16,"on Jun 7, 2025",Good product,
thimesh chanuka,"on Apr 21, 2025",good product,
75***54,"on Feb 25, 2025",super product,
74***12,"on Aug 21, 2025",good,
77***61,"on Apr 30, 2025",good,
Carmel Dilooshany,"on Apr 26, 2025",fantastic,
sh***58,"on Apr 18, 2025",good,
Nadeesh Mani Anand,"on Mar 25, 2025",AWESOME,
77***15,"on Mar 20, 2025",normal,
manuja ayodya,"on Mar 18, 2025",Good,
Gaetano Ferraro,"on Jan 29, 2025","Excellent flashlight, lightweight and powerful with 2 light intensities. The lower one is still sufficient for common uses.",
Srta_Ale,"on May 9, 2025","Fascinated with the flashlight.
It has 3 lighting modes.
Very good intensity.
It's lightweight, ultra-portable.
Easy and fast charging.
Shows how much charge is left in the flashlight.
HIGHLY RECOMMENDED 💯 * 💯",
ke***ie,"on Jan 24, 2025","CAUTION FOR VIDEO VIEWERS WITH EPILEPSY. PHOTOSENSITIVE IMAGES!!!
Awesome light!
Flashlight about the size of an adult hand. It illuminates very well in a dark hallway. Ideal for emergencies outside the home, in a garage, or in a poorly lit area.
Zoom mode to focus on a specific point.
No need for a battery as it's rechargeable with an included cable.
Very light and easy to slip into a pocket or bag.
Satisfied with my purchase. Time will tell now...",
ZUKO,"on Apr 14, 2025",It has good lighting and the battery lasts well. I personally received it undamaged.,
Wiky,"on Mar 26, 2025","It provides a lot of light and was fully charged in less than 2 hours on its first charge. I haven't seen how long the battery will last yet, but the quality and price are very good.",
va tandaş,"on Apr 26, 2025","It has a nice 3-level light, and it's quite useful. The price is already known to be reasonable for us, so we recommend it.",
54***07,"on Oct 10, 2024","I don't know what your expectation is, but it works
Arrived on time
thanks",
fa***ko,"on Mar 28, 2025","It beats really well and the battery lasts a long time, so it's worth buying.",
Игорь,"on Jun 27, 2025","Good flashlight. It arrived charged. I recommend the seller. Thank you, Temu.",
co***ir,"on Nov 7, 2024",Simple and practical ! !️,
ზაზა ნიკოლეიშვილი,"on May 7, 2025","It's very good, thank you.",
so***an,"on Feb 15, 2025",Super,
a*,"on Jan 30, 2025","The flashlight arrived as described, and its cylindrical design feels comfortable to hold. The build quality seems decent, though I haven't yet tested its durability in rugged conditions.
It I appreciate the rechargeable feature and the convenience of USB charging. The three modes, including the high/low frequency flashing, offer good versatility for different situations. The light output is certainly bright, as advertised, which should be useful for outdoor activities or when needing a strong beam.",
jevgeni masalkin,"on May 20, 2025","The flashlight is good for its price. The body is plastic, but it shines brightly and has a good zoom function. The flashing mode also works interestingly. I'm satisfied.",
dj***ty,"on Jan 30, 2025","Absolutely amazing value torch for less than £2 GBP.
I fully charged it and left it turned on, on full power and it lasted 2 hours before the red light came on, the light was still bright enough so I left it for another hour and it kept getting dimmer. So I would say it is usable for 2 hours and then still ok for another hour but it was getting quite dim. I then put it on charge and it took 75 minutes to fully charge up.",
iz**as,"on Jan 18, 2025",Small but excellent. Works just as described,
Milan Cvetković,"on Oct 16, 2024","I don't know how long the battery will last, but it's great. It is better seen live than on video. Recommendation",
Ma***tt,"on Mar 12, 2025","handy pointer, ideal, awesome little light, very pleased with it, value for money, quick delivery, perfect 👌, lovely. The quality is good. Handy little light.",
Mətləb Yusibov,"on Jan 9, 2026",Thank you so much! My order arrived and I absolutely love it. I highly recommend this product to everyone. I want to thank the temu company again and give them a big thumbs up! 👏🏻🫶🏻👍🏻❤️🥰😘😊💥🎊🎉,
ol***n2,"on May 15, 2025",for the amount of money you pay for it. works perfectly with your phone while you are driving. Safe travels and enjoy your trip with one push of a button you can concentrate on the road. Very important. Thanks again Temu. Great product.,
te***ej,"on Jan 19, 2025","Trust me you need to buy one, it goes over 40 metres and still able to see clearly, partner and little one loves it ( careful you will be blinded if pointed at you ) the strobe effect is very fast so please be aware if someone is epileptic. Very light and bright. Very good quality torch. Highly recommend",
Joanna Biały,"on Oct 21, 2024",flashlight super!charged via USB. two light ranges. I am satisfied. Thank you,
Покупатель,"on Feb 2, 2025",The product matches the description.,
Marta Ravaioli,"on Dec 13, 2024",Excellent!! Comes with its own small charger! Very bright light!,
Manqoba Ndlovu,"on Jan 12, 2026","Arrive exactly the day was speculated no fakes delived as the same products I ordered.
Thank you Temu",
Βα***ης,"on Mar 22, 2025",Very good lens!!! I'm very happy with it!!! Fast delivery...,
65***94,"on Apr 18, 2025",It works wonderfully. I recommend this flashlight.,
Aco Ivanka Soposki,"on Nov 26, 2024",Very good product and Very fast deliverey. Thank you,
Yavuz KURCAN,"on Feb 28, 2025","The product is very good for its price. I bought it to use while working on my car in the parking lot at night. It has plenty of light, but I haven't been able to test how long the charge lasts.",
al da,"on Jan 10, 2025",Good lamp with charging cable,
sv***ki,"on Jan 11, 2025",Perfect,
philippe pierre,"on Sep 8, 2024","hello, without battery, this recharge via USB I am amazed at the power it is perfect !!!! Strobe mode as well.",
Si***an,"on Mar 27, 2025","It's very light and small, making it easy to carry, and it provides excellent illumination considering its size. The fact that it's rechargeable is also a great feature. It arrived in a very short time. I highly recommend it to everyone.",
ابو ياسين محمد احمد,"on Nov 25, 2025",,
34***86,"on Feb 4, 2025",,
Francisco Pastrana Gomez,"on Oct 20, 2024","The flashlight works perfectly and shines quite a bit. It has three functions, intense light, medium light, and flashing light for signaling. I recommend it. PS: The photos are taken next to a glasses case so you can see the size of the flashlight. It is lightweight and fits anywhere.",
İsmail ersin Özdemir,"on Mar 5, 2025","It seems to serve its purpose, and I hope it's durable. The initial impression is that it will do the job.",
Bern Korten,"on May 9, 2025","This is a great torch, easy to charge with charging wire included. very bright and good size for carrying about. pleased with purchase and best of all good price",
marcelo brito,"on Sep 20, 2024","It seems to illuminate closed places well, I'm going to test it outdoors, I haven't tested autonomy, but the on and off button has a light that shows how the charge is. Loved.",
th***91,"on Nov 8, 2024","Flashlight that does its job, for the price it is very good. I use it to fix the car and motorcycles.",
Dominika K,"on Apr 17, 2025","The video I recorded is not perfect, but the flashlight is quite strong in my opinion, and I give it 5 stars.",
Alamettin Budak,"on Oct 14, 2024","The product is the same as the image. The quality of lighting is high, I will explain the charging time later. But it's a product worth the money. Thanks",
To‘g‘risini aytsam,"on Jan 4, 2025",That's a good thing,
bo***94,"on Nov 10, 2025","Easy to use, powerful enough for the garden at night, portable, fast charge...In few words: Everything that you expect from flashlight plus ( in case you have some military experience ) very useful using codes with it's three operation modes. 100% Trustworthy.",
On***ci,"on Feb 21, 2025",The product is sturdy and provides good illumination.,
Olabode Olatunbosun,"on Dec 12, 2024","Very portable and handy, it also pocket friendly, ideal, value for money, am very pleased with it, exactly as described",
Monika Monika,"on Apr 2, 2025",Everything is as described. The flashlight is small but works well. I recommend it.,
Da***ze,"on Nov 13, 2024","excellent thanks, value for money, exactly as described",
Игорь Кулинский,"on Nov 24, 2024","I am glad that I bought such a flashlight, it shines well, it holds a charge for a long time, it is light in small size, pleasant to the touch.",
R.**K.,"on Sep 23, 2024","Super flashlight 🔦! Very compact and extremely bright, I would not have thought! The beam of light bundles into a perfect circle!",
Алёнка Бистрика,"on Nov 15, 2024","Excellent phanar, charged on occasion, plastic, 3 functions -yaruiy, not bright and sos",
niny guacci,"on Jun 23, 2025",Really useful and effective flashlight! Good quality product with an optimal price-to-performance ratio!,
jgeraldomendes,"on Jul 9, 2025","Very good. I'm going to order another one. It's light, small, and illuminates very well. I gave it the first charge, and it's lasting quite a long time.",
wa***10,"on Oct 28, 2024","Nickel, the flashlight is as described, it's functional, I love it.
I recommend it without worries.",
Oscar Alvarez,"on Jun 9, 2025","Works perfectly, plastic, seems good quality.",
Dastan Nurzhanuly,"on Jan 30, 2026",It's okay❤️,
tc***19,"on Nov 27, 2024","excellent thanks, value for money, great product",
ro***78,"on Jan 18, 2026",Excellent product... I was surprised by how bright the light is!,
Tesfalem,"on Nov 19, 2024","awesome little light, very pleased with it, exactly as described, great product, perfect, top, handy pointer, ideal, excellent thanks, value for money, good quality, awesome little light, very pleased with it, very pleased with it",
yo***el,"on Oct 27, 2024",Matches the description. Light Lamp,
53***92,"on Mar 5, 2025",The product comes with a charging cable as shown in the photo. It has 3 different lighting modes that are actively working. The lighting is noticeable even during the day indoors. It's very good for its price.,
Jean Mi,"on Nov 18, 2024",Very well solid,
E**a,"on Mar 24, 2025","Excellent little light, very powerful, love the 3 modes: strong light, lower and emergency light. Honestly this is a fab buy, little so you can easily carry, efficient and super useful . I recommend this item",
Da***li,"on Jan 17, 2025","Excellent product, great light with three modes and USB charging so it can be charged directly in the car.",
Sello Sindane Matsemela,"on Sep 26, 2024",Very user-friendly and beautiful. Its very bright when fully charged. I love it for hiking and walks at night. Very pleased with it,
MA***IE,"on Oct 5, 2024",Works well and no hassle with batteries you get a USB cable with it to charge and it has 3 modes 1.sharp light 2.dim light 3.flashing light,
ba***si,"on Oct 2, 2024",very pleased with it... The light is strong. The build quality could have been better. But for the price! I can't complain.,
sa***99,"on Jan 28, 2025",I just love this torch it’s not big which is great but the power of light from it well it’s great and also can be dimmed etc highly recommend,
pa***ab,"on Nov 18, 2024","thus is really cool. I got this for late dark night when I take my black greyhound for a walk. I can't see him when he wanders over the field, it's so dark. Problem now solved, this torch is really powerful. I can see for hundreds of feet. great stuff",
Vladimir Miron,"on Nov 29, 2024","For this price, it’s the best light forevere",
ad***cz,"on Mar 17, 2025",excellent thanks,
al***fo,"on Feb 15, 2025","Everything is perfect. It's small; I expected it to be a bit larger, but it's very practical for a pocket. Delivered on time. Thank you!!",
lo***66,"on Nov 24, 2024","great and it is great when I take the dog out for her night walk and it has a very good beam , exactly as described, great product, value for money",
Angelique Vynckier,"on Mar 29, 2025","Nice lightweight flashlight. Easy to use, with three settings.",
Dario Kovačić,"on Nov 20, 2024",,
ro***op,"on Nov 28, 2024","I have purchased torches before.
This is really nice torch with simple focusing of light by turning torch housing on lens end to spread or spot beam of bright light.
Being USB rechargeable takes away the need to replace batteries.
Nice little feature on the on off button when charging.
Button is backed by Red light when charging which goes Green when suitably charged this is easily seen.
A good useful torch with bright light, easy to use, and charge with supplied USB cable.",
ma***ja,"on Aug 13, 2025",I love this item. Great and easily portable and user friendly,
Samantha Colclough,"on Nov 9, 2024","great product, value for money Used it tonight on the dog walk it does the job I could see my dog at the other side of the field I recommend",
karen powell,"on Mar 24, 2025","awesome little light, very pleased with it, exactly as described, quick delivery, perfect 👌, fantastic, fantastic, lovely, normal, handy pointer, ideal, handy pointer, ideal, awesome little light",
Grzegorz Skowron,"on Jan 18, 2025","The flashlight is lightweight and provides good illumination. I haven't tested its durability in harsh conditions or battery life yet, but it looks good and I hope it will serve well.",
Anton Turcan,"on Feb 15, 2025",,
74***58,"on Dec 26, 2024","Lovely design, super, beautiful and Thank you so much with all.",
bo***70,"on Oct 10, 2024","Fits the description, I'm satisfied.",
68***96,"on Feb 7, 2025",,
Nikoloz Gachechiladze,"on Mar 25, 2025","Believe me, it's a very useful item, it lights up really well. 10/10",
William Mahlangu,"on Aug 5, 2025","The product is ok, I love it",
Aydın Eroktay,"on Dec 27, 2024","It illuminates the dark room very well, and it's nice that it's rechargeable. It also fits in a bag, and we liked it a lot.",
Ali Doylu,"on Dec 10, 2024","The product is sturdy, fits in a small pocket, is rechargeable, and can be used to make the light bigger or smaller with the help of a lens. It has 3 levels: a lot of light, a little light, and a soft light.",
Muhammet Dağlı,"on Jun 21, 2025","Nice product, I like it. It serves my purpose.",
Nadia Rosbif,"on Jan 15, 2025","It works great, a very good gift.",
67***08,"on Oct 26, 2024","It shines perfectly, the :) has already come charged",
pa***re,"on Feb 6, 2025",Item matches the description. Very bright light and recharges via USB.,
al***er,"on Sep 21, 2024","Beautiful lighting. Bright colorful. Work excellent , very pleased with it. Going to order more.",
Alex Purcelea,"on Oct 17, 2024",great product,
Matteo Daga,"on Jan 27, 2025",,
ts*wn,"on Mar 7, 2025",Everything that was ordered came as it is it's was fast and reasonable thanks themu,
ma***c1,"on Dec 30, 2024","Great, she is satisfied.",
Sa***vá,"on May 6, 2025","Perfect, it lights up well, and it's lightweight.",
geo dez,"on Dec 15, 2024","excellent quality, shines brightly",
an***47,"on Feb 2, 2025","awesome little light, very pleased with it, value for money, my friend bought me a similar one a few yrs back, but it stopped working, so I replaced it with this one, so far so good.",
ri***ok,"on Jan 26, 2025","Great lights I bought two, powerful and light excellent. Also it great to be able to charge up the light as it beats putting in three batteries regular. Also what a great price, the light cost less than three batteries.",
le***ka,"on Feb 4, 2025","Arrived on time, everything works, I'm happy with the purchase.",
75***72,"on May 27, 2025","Really handy torch light, also can be charged, can keep in hand bag for emergency , very pleased with it.",
ge***on,"on Nov 23, 2024","items arrived.
all very good as expected, very pleased with it, very pleased with it, exactly as described, excellent thanks, value for money, great product",
go***64,"on Feb 1, 2025",Very nice flashlight,
di**69,"on Feb 21, 2025",Good for everyday using.Long working battery.,
ma***64,"on May 21, 2025","Great Service, Fast Delivery, Super Bright Touch, Highly Recommended, Would Buy From Again, Thanks.",
albert caron,"on Feb 19, 2025","cool, work, awesome little light, very pleased with it, exactly as described, value for money, super article, extra",
me***86,"on Mar 11, 2025","It's quite nice, the light is sufficient, and all functions are active.",
sy*el,"on Feb 11, 2025",,
Satılmış Çatal,"on Dec 8, 2024",It looks very useful.,
st***ns,"on Nov 16, 2024","This is a very good torch that slips into any pocket, excellent beam & very easy to use…. Good value!",
Roger Hughes,"on Dec 12, 2024","A perfectly usable lightweight torch/flashlight Three settings Somewhat bright / less bright And Strobing, Short and handy USB Cable included, Good value V's cost, Handy coat pocket sized backup, , awesome little light,",
66***36,"on Jun 13, 2025",Excellent,
at***et,"on Sep 17, 2024",Lovely little torch with bright light so perfect for walking to the shed in the dark. Great value.,
mi***84,"on Jan 5, 2025",Excellent battery-powered lamp. It's better than I expected. It has three levels of brightness. I will definitely buy another one.,
Kvngprof elite,"on Apr 11, 2025",The person that delivered asking additional money and that's not the problem 😔 but all the stressed I pass through is still waiting us... Nice product anyway amazing 😻🤩,
iv***ov,"on Sep 24, 2024","Very good product, shines at a long distance with a directed beam.",
pe***18,"on Nov 4, 2024","value for money, great product, handy pointer, ideal, excellent thanks, good quality, awesome little light, awesome little light, very pleased with it",
Vicki Hopes,"on Dec 20, 2024",excellent. easy to use. handy. one of many already purchased gear stocking filler. I prefer to keep mine! one in each room and car,
lorna ebanks,"on Feb 22, 2025","awesome little light, very pleased with it, excellent thanks, quick delivery, perfect 👌, lovely",
cf***18,"on Jan 7, 2025",Very good light. Smaller than I expected but I just needed a small light at my study desk for emergencies and it's exactly what I needed. Good value.,
sh***on,"on Mar 14, 2025","Does exactly what it promised.... a bit smaller that I had thought, but that said its a very useful addition to my house",
Steph Harper,"on Jan 29, 2025","awesome little light, very pleased with it, excellent thanks, value for money, quick delivery",
Neil Jeffrey,"on Dec 7, 2024","Works well. I use it when delivering parcels. Small, light, easy to carry in a pocket, easily bright enough.",
ly***61,"on May 1, 2025",this torch is brilliant. charges USB n beam is fabulous. can be used as wide or narrow beam. highly recommend,
58***98,"on Jul 4, 2025","The package was subjected to a lot of rough handling during transit to me. Also, there is no adapter for recharging it, but it's okay as it works well.",
Saverio Alberghi,"on Nov 20, 2024","Arrived in a short time according to the description, very powerful light. satisfied with the purchase.",
ab***05,"on May 10, 2025",The package arrived on time. The product is interesting.,
Gareth Gi Jones,"on Mar 12, 2025","handy pointer, ideal, awesome little light, very pleased with it, value for money, quick delivery, perfect 👌",
ka***ha,"on Nov 16, 2024","Everything is fine, I liked it",
Gemma Hutchinson,"on Nov 6, 2024","very pleased with it, exactly as described, value for money, great product, works, awesome little light, very pleased with it",
au***il,"on Jan 28, 2025",Nice gift very glad,
ha***29,"on Jan 11, 2025","very lightweight, bright light, battery lasts long enough, just right for light use",
Matúš Bariak,"on Oct 21, 2024","Just like in the photo, it works and shines beautifully strongly",
Erikas Hiksa,"on Feb 20, 2025",Good quality,
Antonio Gómez Palacios,"on Mar 27, 2025","Powerful flashlight, very bright.",
em*ce,"on Jul 31, 2025",omg this torch is brilliant. I didn't expect much for the price but this is so bright. ive ordered another for when we go camping soon,
pa***er,"on Jan 17, 2025","cool, okay, handy pointer, ideal, awesome little lightl, very pleased with it, exactly as described, excellent thanks, excellent thanks",
John john,"on May 23, 2025",exactly as described so bright and good price same torch being sold on popular auction sites for twice as much,
sl***53,"on Apr 28, 2025",Charged up great .My husband was pleased with it .he used it in the loft and said it has a bright light and he likes the charger as it is a usb .. he said it will go on holiday with us for the night time..,
Jo***ls,"on Mar 12, 2025","brought as a back up touch, it was charged for a little while but died again so will be recharging it. the torch is great and is very easily to use and the light is definitely easy to spot in any dark surroundings.",
bu***la,"on Dec 15, 2024","great light, dont look at it as it will blind you for some period of time (learned the hard way). charging port cover could be a bit firmer. overal great bang for buck.",
pe**at,"on Dec 14, 2024","It is a awesome little light, very pleased with it, handy works well. I used it at work and my colleagues loved it when they first saw me use it. They have all decided to get one for the personal use. It absolutely perfect andexactly as described.👍",
83***36,"on Dec 5, 2024",Wow. Perfect gift!,
Ür*an,"on Jan 21, 2026",great,
Goran Špiljak,"on Dec 20, 2024",Top,
bu***as,"on Oct 3, 2024","Excellent flashlight, good lighting coverage, only comes with a cord without charger",
Seçkin Söğüt,"on Feb 5, 2025","Thank you, the product arrived as described and the lighting is excellent. I highly recommend it. 🇹🇷🇹🇷🇹🇷🇹🇷🌲🌲🪻",
77***42,"on Oct 10, 2024","excellent thanks. To be fair I wasn’t expecting it to be as good as it is. It is really bright, and does what it says.",
Janice Nutting,"on Mar 16, 2025","Brilliant item. Great light, really bright and easy to use.",
Steve Rothwell,"on Nov 26, 2024",Fantastic quality love it but delivery left my parcel open against the fence so giving three stars for delivery would have gave torch 5 stars,
Ivan Ivanov,"on Feb 28, 2025","It works, please keep the refunded amount. I don't know how it was left in the package.",
74***57,"on Nov 21, 2024",Great torch. Powerful and bright. Shines a long way when adjusted to narrow beam. 3 settings and charged fairly quickly. 👍,
Lucica Padure,"on Mar 27, 2025",Very good,
Dave Taylor,"on Nov 5, 2024","very pleased with it, exactly as described, value for money, great product, works, handy pointer, ideal, excellent thanks",
vl***77,"on Jun 11, 2025",,
Hamza Majdalae,"on Sep 20, 2025",Very satisfied! I am extremely pleased with the product and the service.,
Dennis Paroutsas,"on Jun 28, 2025","Impressive capability for its size and cost. Every detail can be seen up to 20 meters away in the wide beam, while in the narrow beam it can reach 40 meters or more.",
Cool Cloud,"on May 12, 2025","A nice little handheld lamp, it's brighter than expected. The size is perfect for keeping it handy and not taking up much space. It was charged and ready to use right out of the box.",
Bl***21,"on May 7, 2025","Very bright light. It doesn't have the ability to focus the beam, but the intensity is very good. It's rechargeable, so you don't have to worry about running out of power if you have a charger with you.",
Ni***la,"on May 6, 2025","Everything was delivered on time. The products are affordable and excellent. I will definitely make more purchases. You can buy with confidence, I recommend it.",
So*go,"on Apr 29, 2025","I received the product and I absolutely love it! It's very hard to find a product of this quality at this price. It's definitely a value-for-money product, and I highly recommend it to everyone. Thank you also for the fast shipping and careful packaging. I'm considering making another purchase.
Thank you, Temu",
mi***00,"on Apr 27, 2025",Very bright for such a little torch I’m very impressed with it and it doesn’t take long to fully charge and the battery last longer than I thought it would great item definitely recommend,
Alien Hydron,"on Apr 6, 2025","I haven't had the chance to fully test the product, but it looks good. The user manual that comes with the flashlight states a range of 300 meters. It also operates with a rechargeable 18650 battery, and the charging port is located on the flashlight itself. The head section is adjustable, allowing you to focus and defocus the light. The flashlight has different modes as well.",
Rachel Stewart,"on Mar 25, 2025",great wee torches love these I've actually bought 8 of these 2x in my car 24/7 2x hubby uses for dog walking and 1 in my big first aid bag 1x in my emergency drawer in kitchen 1x on my bedside table n now this one for my father in law,
Genadijus Tarasevicius,"on Mar 22, 2025",,
ya***27,"on Mar 19, 2025","Absolutely love shopping on Temu! They offer a huge selection of products at incredibly low prices. The delivery is fast, and the items always arrive in good condition. Customer service is also very responsive. A fantastic shopping experience every time!",
pr***ca,"on Mar 6, 2025","A small flashlight with no major pretensions, to be kept in the car dashboard or in the purse. It provides a good light, and the zoom function is very useful for improving the depth of the illumination.",
tr***88,"on Mar 3, 2025","I received this product for free. It's a product that comes with the free-to-take option. It would have been a great product if the plastic were a bit better or if it had a metal body. Nevertheless, it's still a very nice product. It's something that can be easily used for daily tasks. Thank you.",
do***ne,"on Feb 28, 2025","This is the second flashlight I've bought, and it's lightweight, small, easy to handle, and very bright. It's also rechargeable via the USB charger of my phone.",
ba***ro,"on Feb 20, 2025","I've only had it for a few days, but I can already give it an excellent review. It provides good illumination and has a long-lasting battery. It recharges like a smartphone, and in fact, along with the flashlight, there's also a USB charging cable, although it's not the latest generation type.
So far, the flashlight has proven to be worth more than the price paid; it hasn't fallen out of my hand yet, so I don't know how durable it is in use.",
Francesco,"on Feb 19, 2025","An excellent product warmly recommended I found myself really very well, I recommend it and I hope in the delivery times that you have as described goodbye.
I'm getting along really well with this online shopping site, they seem to be extremely serious and punctual people, I strongly recommend you to give it a chance, unlike other sites they have a wide range of products, I highly recommend it, I am a person who demands quality and seriousness and for now it has been proven would be to care and inform you if this does not happen, have a good evening. I would like to add that step by step you are followed both in the tracking after payment in all the steps that lead to the delivery of the product through punctual emails and all the steps that there are are tracked through the email to which it is accompanied through the post office I strongly advise you to follow all the instructions that are given to you you have all the time,  In order not to make mistakes at the same time, try to follow the instructions which are very important because they lead you to the acquisition of timing and quality in delivery.",
an***30,"on Feb 12, 2025","what a great torch, the light it gives off is excellent and it is so light it is ideal for elderly people and extra plus you don't need batteries because it's rechargeable so really happy with this little torch 👍😄",
érik cinka,"on Feb 12, 2025",,
mark till,"on Jan 24, 2025",extremely pleased with this item extremely bright and adjustable light sauce great that you can just charge it up no batteries required had it for only £1 with the discount,
Mari Postovit,"on Jan 23, 2025","Excellent quality, convenient size, and has 3 lighting modes: bright, medium, and flickering. It comes with a charger and runs on a battery. I will order more! Thank you for the order.",
Vlad Rotaru,"on Jan 20, 2025",,
68***39,"on Jan 19, 2025","Small, just as I wanted, and for its size, it illuminates much more than a larger one. It's perfect to carry in a purse for emergencies. I love that it has 3 modes: 1 very intense light, 2 slightly less intense light, and 3 flashing light.",
claudio giannesi,"on Jan 10, 2025",Really an unexpected dimension of the light beam. And then the position with intermittency to attract attention or signal danger. Very satisfied.,
dr***oc,"on Dec 23, 2024","I ordered this lamp to equip a survival kit. Rechargeable is a plus. It is lightweight and compact, with two levels of illumination and a stroboscopic effect, making it an instrument that fits the intended use.",
ca***38,"on Dec 22, 2024","Also received, a lamp that recharges via USB, very practical, the only problem is that you can't adjust the beam, but otherwise it lights up very well, it even has a bit of a strobe effect.",
Davor Milosevic,"on Dec 18, 2024",,
60***44,"on Dec 12, 2024","It lasted me 2 weeks but at my job it already lasts quite a while, I put a lot of effort into it. Good light and between 6 and 8 hours of charge, it gradually loses light but doesn't turn off, you notice when it needs a charge and the lighting positions are very good for remote locations.",
Coco Devos,"on Dec 8, 2024",3 different light settings. One very strong and very far away. The 2nd less strong and less far away and the 3rd is flashing. Great. Recharges via USB cable.,
Andy Ferrara,"on Dec 8, 2024","Spectacular!! Very good product.. lots of light power and various modes of use, variations in the amount of light with excellent power",
sa***sb,"on Dec 2, 2024","Super well made, I had never seen a flashlight rechargeable by cable, great never out of battery! Not too big fits well in the hand, and 3 light selections well found! Well done!",
ni***37,"on Nov 28, 2024","Wow . Didn’t think it was going to be as bright as stated , but it surely is . Perfect for the dog walkers , night runners ect . Absolute bargain .",
Artist plastic,"on Nov 27, 2024",,
Peter Paul Truijen,"on Nov 11, 2024",First impression is good. Powerful beam that is adjustable. I'm charging them now and I'm curious how long that takes (and how long the lamp lasts on 1 charge).,
er***in,"on Nov 9, 2024","Nice little practical lamp to leave in your vehicle or carry in a bag. It also recharges on electricity with its USB cord either at home or in your vehicle. No more need to constantly buy replacement batteries, so it's a saving for everyone.",
70***34,"on Nov 8, 2024","I received the flashlight on time. It gets dark early now, and I walk home from work in the dark. I don't see very well in the dark. Now the flashlight saves me from stepping into a puddle or dirt. Thank you very much!",
i*,"on Nov 7, 2024","It is excellent to carry around because it is very easy to handle and above all it illuminates a lot and up to a long range.
It also has flashing light as a function ... I recommend",
Ahmed Mohamed Ibrahim,"on Oct 27, 2024",,
do***58,"on Oct 24, 2024","Just received my torch Y/day, being a taxi driver I start work about 4am/5am, found it a great device this morning when looking for a house Noʻ in an area I'm not familiar with. would defo recommend it especially in situations like this👏👏👏",
Balazs Varhelyi,"on Oct 18, 2024",All superb except one thing: it's micro usb for charging so I have to have another usb lead or converter with me. It's a must have for every glovebox in any car.,
at***04,"on Oct 18, 2024","Truly an exceptional product with a price, as always, very small. The first one I received I think had a defect because being charged it turned on perfectly but then disconnected the current .. it no longer lit up. I simply indicated the problem in the chat available and immediately they sent me another one. A great absolute seriousness and attention to the ""customer"" person. The latest arrival is very good and although I have already used it several times and also lent it to those who needed it and appreciated it very much, it was not once again put on charge because it is always very bright.",
Robby Veekmans,"on Oct 17, 2024","This flashlight shines harder than I have now, so I'm happy with it and doesn't weigh much and different functions. very good item. Thank you Temu and Post NL for the fast delivery.",
pi***rt,"on Oct 14, 2024",,
Юрий Маринеску,"on Oct 12, 2024","The flashlight shines, be healthy.MicroUSB charging is so-so, the last century, but for the flashlight it will do.Clear charge indicator.I recommend the seller, the delivery is excellent.",
va***35,"on Sep 29, 2024","Very well done its job and the fact that you can recharge it is very good and ecological, no batteries. Top illumination with the possibility of adjustment. I recommend.",
Coşkun Demir,"on Sep 20, 2024","It is light and useful, it illuminates quite well. I just got my hands on it. I have no idea how much the charge is going. But it charges very quickly",
me***li,"on Sep 13, 2024",,
Lydia Benegesserit,"on Aug 28, 2024",Extraordinary! Interesting light beam power. Excellent in the car just in case... Charging is done using the USB cord and it's perfect. I'm going to buy some again for the house and give them as gifts.,
Ryu Hayabusa,"on Jul 28, 2024","It is quite powerful and illuminates an entire building of 7 avocados (in my case) and adjusts to give only in one area or all around, the truth is quite good 👍",
Susan Coombe,"on Feb 22, 2025","Excellent, amazing beam lights up entire room easy to charge, , awesome little light, very pleased with it, quick delivery",
78***27,"on May 25, 2025","very bright and easy to use, would be great if there was a blackout.",
gi***06,"on Nov 12, 2024",very good works well,
Maksim Safonau,"on Apr 21, 2025",🖐️🔦👍🙏,
ENES BATUR FAN,"on Nov 17, 2024",Very nice and useful for fine work,
Sam Payea,"on Jan 27, 2025","excellent thanks, value for money, quick delivery, awesome little light, very pleased with it",
Dave Bennett,"on Jan 21, 2025","excellent thanks Looks amazing and for such a great price!
Fast delivery too! ;-) thanks",
53***99,"on Jan 31, 2025","I've charged the flashlight, but haven't had a chance to use it yet.
I'll test its illumination performance later.
It looks like it has a metal casing in the photos, but it's actually made of plastic.
It's a lightweight product.",
63***84,"on May 9, 2025",It has three positions and quite a bit of lighting. One of the positions has a flashing effect. It's medium-sized but looks quite impressive.,
co***c7,"on Nov 13, 2024",Absolutely brilliant. Nice shine wide and deep. Go.t some other modes which are quite good. Plus I can just plug it in to my existing cable to charge,
Виолетта Гейжане,"on Jul 2, 2025",,
Ethan Cox,"on Jan 29, 2025","The range is brilliant, maybe if there was an extra switch to toggle other lighting modes such as strobe effect to change to and from the modes would be brilliant since you press it once to turn on then again, for the next and so on until you get the strobe. And you have to go through the whole light cycle, to turn it off. It's made of plastic on the outside instead of metal, but does feel pretty sturdy and good to hold so no problems there really. Other than that though, I'm really pleased with it since it competes with some of my military torches that have excellent range. So I would recommend it for a decent lighting device.",
ir***ac,"on Mar 2, 2025","The flashlight is excellent, with a rechargeable battery and a durable plastic casing. The brightness is more than satisfactory. I highly recommend it!!!",
Lone Wolf,"on Feb 25, 2025","It's a great product, and the battery-powered lamp is quite powerful for its size, getting the job done for everyday tasks where it's needed. I'm honestly satisfied.",
jp***er,"on Dec 10, 2024","After some issues with the delivery, my package finally arrived, I am satisfied with my purchases², thank you Tému for the return of the package.",
51***60,"on Nov 29, 2024",The flashlight is great. It takes up little space in the bag. It's compact and lightweight. It fulfills its role completely. It illuminates very well and I highly recommend it.,
63***34,"on Oct 29, 2024","Very practical flashlight with great light vision capacity, illuminates a lot and with a large vision radius, small to be able to carry it in a bag",
je***96,"on Sep 26, 2024","Very good article, with the rotation of the front cover, which allows you to widen or concentrate the light beam. A +: it is rechargeable on USB.",
pa***lg,"on Feb 19, 2025","excellent product, arrived quickly and in very good packaging. thank you",
Br***er,"on Jan 27, 2025","brilliant little torch, very bright and will come in handy for all sorts. Especially when walking home in the dark while on holiday",
do***42,"on Oct 7, 2024","It arrived safely, packed in a box with a charging cable.",
Ramunė Račiūnaitė,"on Sep 25, 2024",,
Hannie De Bruin-van Meijeren,"on Nov 21, 2024",Delivered super fast. Works great too. Reaches far in the dark.,
catriona warren,"on Nov 20, 2024","awesome little light, very pleased with it, exactly as described, excellent thanks, great product for my husband's work",
ro***ry,"on Mar 1, 2025","I received my order, I am very satisfied with the product. Thank you to the seller.",
jo***an,"on Feb 1, 2025",fantastic small torch with a very useful adjustable beam and easy rechargeable power unit. Handy little household tool.,
tr***01,"on Sep 19, 2024",For how small it is it's amazing,
Pa***53,"on Nov 2, 2024","This is brilliant and is really bright . I am very pleased with it , also be good for a present",
bo***72,"on May 20, 2025","How lovely! I absolutely love it, it's super adorable. It really touched my heart. I want to see more things this beautiful. It's absolutely gorgeous!",
fa***42,"on May 10, 2025","It's a very nice and wonderful product. The delivery is a bit late, but that's not a big deal. It arrives in good condition, in its special packaging. I've ordered it a second time. I highly recommend it.",
69***91,"on Jan 24, 2025","Works well, lighting is good for its size
All plastic, so it's lightweight
Practical for the car, can be recharged via the car stereo",
es***sa,"on Nov 26, 2024","I needed a flashlight for the car and this is because of the size and the light it gives very good.
The price is very economical and gives a lot of light. That's great",
Elena Latici,"on Feb 10, 2025","Perfect. Just small enough to fit in my pocket. Bright, strong light in two sizes. There's also a blinking light.",
Anthony Hudson,"on Oct 15, 2024","A very good tool Bright Light, flasher and dim and useful Zoom in and out.
Easy to recharge small and handy",
Mobareka Salajee,"on Nov 8, 2024","good product .
a strap facility would have been better
value for money.
a strap facility would have been helpful",
ju***02,"on Jun 7, 2025","Brilliant torch lost my last one but this is even better, lightweight & really bright, perfect for late night walks with dogs",
ma***li,"on Nov 11, 2024","awesome little light, very pleased with it, good quality, value for money",
Alexis Molina,"on Nov 9, 2024","awesome little light, very pleased with it, great product, value for money",
Computer repairs Southampton,"on Mar 25, 2025","awesome little light, very pleased with it, exactly as described, quick delivery, perfect 👌",
29***34,"on Nov 19, 2024","everything worked, looks good.",
fi***as,"on Feb 7, 2025","Nice, bright light. Easy to use and charge",
Каныш Кайралапов,"on Apr 28, 2025","The flashlight is excellent, compact, and shines well. The only drawback is that there is neither a lanyard to hang it on the hand nor a loop for a lanyard.",
Mayzan mckie,"on May 6, 2025","works well , very pleased with it, exactly as described, excellent product, value for money",
Christine Gates,"on Nov 19, 2024","very pleased with it, exactly as described, handy pointer, ideal, value for money, good quality",
mu***ak,"on Jul 8, 2025","The product is a value-for-money item with 3 different modes, and the clarity and intensity can be adjusted by moving it back and forth. I got it for free, so I'm quite happy with it.",
ga***65,"on Mar 31, 2025","No pic but it's great from getting back and for from the car to the house with no lights on, can see quite far with it too.",
78***90,"on Mar 25, 2025",The perfect pocket-sized light assistant - handle the rubber cover of the mini-USB charging port with care... FRAGILE,
ec***30,"on Feb 28, 2025",The flashlight is small but it really illuminates very well. It's also great that it doesn't require batteries and is rechargeable. I like it.,
Keith Jones,"on Dec 7, 2024",value for money.A great size to fit in my pocket.👍,
Ay***it,"on May 16, 2025","I liked the product, the lighting is nice, and it charges well. Thank you.",
30*oe,"on Feb 14, 2025",This is great it’s so bright and the dual that shows you how much charge it has left is so helpful,
Marjorie Crooks,"on Oct 9, 2024","works, , exactly as described very bright. Just what i need living out in the country with no street lughts etc.",
sc***50,"on Nov 27, 2024",As usual excellent product and great service too,
ma***cj,"on Mar 27, 2025","very pleased with it, exactly as described, great value for money especially as I got it at a discounted price",
78***65,"on Mar 15, 2025","very pleased with it, exactly as described, excellent thanks, value for money, , awesome little light, very pleased with it",
Rob Goddard,"on Jul 11, 2025","lightweight, excellent beam on wide or narrow beam. very bright. pocket sized or in the tool box",
tr***76,"on Feb 18, 2025","Brilliant very bright, shines a fair distance. Light in weight ideal for walking my dogs at night",
Ro***ya,"on Jan 30, 2025",The flashlight is lightweight as it is made of hard plastic...it has good illumination and is charged with micro USB.,
ca***95,"on Nov 13, 2024",At night on walks with the dogs in the forest it helps me a lot,
fernando hernandez,"on Mar 27, 2025","awesome little light, value for money, quick delivery, exactly as described",
ma***29,"on Jan 27, 2025","very pleased with it, excellent thanks, value for money, quick delivery",
Fanie van der Linde,"on Mar 26, 2025","very pleased with it, exactly as described, excellent product, value for money, perfect 👌",
mo***em,"on Jan 22, 2025","Very bright, easy to use and a great find!",
Trev Doc,"on Nov 3, 2024","this is the first time iv got anything on temu, and I love it. I'm happy with this. If you are thinking about getting it, do",
an**la,"on Apr 26, 2025",Very good,
Derya ***,"on Nov 19, 2024",Excellent product. Could have been better if it was metal.,
Uğ***ir,"on Dec 15, 2024","It's a very nice product, portable and the light is very good. I recommend it.",
Tracey Putter,"on Sep 30, 2025",Husband is very happy with the flashlight just how they show on the temu site,
63***66,"on May 2, 2025","handy pointer, ideal, awesome little light, very pleased with it, exactly as described, exactly as described, value for money",
ne***69,"on Oct 15, 2024",I recieved my package with torch I purchased and arrived within dates quoted intact I will get lots of use from it and is very handy to fit in my jacket and easy to use,
mu***47,"on Apr 10, 2025",good and new fashion am just waiting for the charger,
Ruben Nogueira,"on Jan 23, 2025","Very good, it matches the description well, I recommend it.
Well packaged.",
Shikar Zeynalov,"on Mar 18, 2025",,
the best,"on Jun 3, 2025",,
Viktorija Zavoronok,"on May 21, 2025",Wery good strong flashlight. Super lightweight satisfied with purchase,
mi***an,"on Jan 9, 2025","very pleased with it, exactly as described, excellent thanks, value for money, awesome little light",
Pa***er,"on Jan 8, 2025","awesome little light, very pleased with it, exactly as described, excellent thanks, value for money",
ph***er,"on Nov 8, 2024","awesome little light, very pleased with it, exactly as described, excellent thanks, value for money",
Alexandru Damian,"on Mar 11, 2025",👍👍👍👌,
ja***ng,"on Nov 18, 2024",amazingly bright light lights up my whole back garden and also has a power indicator don't know how long it lasts but very impressed,
Natasha Earith,"on Nov 8, 2024",Very pleased with it. Just what I need for the last dog walk of the day as our local park has no lights whatsoever,
Oana Andreea,"on May 3, 2025","Good, good quality",
ve***un,"on Apr 6, 2025",I received it today. It seems to be fine. I put it on charge. It's great. Thank you.,
sa***35,"on Jan 29, 2025","very pleased with it, great little light it's very bright without being bulky , very pleased with it.",
el***rd,"on Sep 17, 2024","Love it. it is compact, and easy to use. I like the brightness of it",
de***op,"on May 14, 2025","very pleased with it, excellent product, cool",
Joanna Fedczuk,"on Mar 5, 2025","Great flashlight! It's rechargeable via cable, so no more batteries needed! It has 3 modes - bright, dimmer, and flashing. It's lightweight. I recommend it!",
Francesco Ippolito,"on Feb 11, 2025","The product meets the needs, I don't know the battery life yet but the value for money is excellent, I'm satisfied.",
al***bg,"on Jan 28, 2025","It more than meets expectations. A powerful beam of light with two intensities and the possibility of flashes.
An excellent purchase.",
rd*um,"on Jan 10, 2025",Already a customer and once again perfectly satisfied in all respects (product quality / price / delivery times) etc.,
va***ra,"on Dec 4, 2024","I've had it before. I bought 2 more, I am very satisfied with the lighting and the price. Full Price Performance Product",
mi***se,"on Nov 17, 2024","This little torch is amazing, I love it. The amount of light it gives is brilliant. No batteries required all you do is recharge it.",
ad***87,"on Oct 15, 2024",Happy with the torch tested it when it arrived nice little torch going to put it in the car in case I ever need one.,
Donald Mohlala,"on Apr 30, 2025","awesome little light, the intensity and brightness is great",
es***i3,"on Nov 16, 2025","very much in love with it, thanks temu. very bright and easy to move around. I strongly recommend it",
ir***04,"on Jan 16, 2025","The flashlight is okay for the price. It's small, rechargeable, and practical.",
Ionut adrian Radeanu,"on Nov 14, 2024",perfect,
rita droszczak,"on Nov 16, 2024","Great, three light modes, I'm happy with it",
Chris Darch,"on Sep 30, 2024",very pleased with it will come in very useful many thanks Chris 👍👍,
jo***96,"on May 26, 2025",This is a very good torch and it is rechargeable which is ideal and it's a very good price.,
ch***on,"on Apr 20, 2025","Fantastic flashlight, perfect fit and very bright.",
al***50,"on Feb 5, 2025","very pleased with it, value for money, quick delivery",
Nuraisha,"on Nov 28, 2025","It doesn't emit much light, but it works well 👍🏻",
kasper skovbjerg,"on Jan 30, 2025","I didn't have high expectations for it when I received it. It felt cheap and plasticky.
But it lights up well, and it's easy to charge! I've bought an extra one for my car's glove compartment. Really pleasantly surprised",
Prof. Alessandro Gelli,"on Jan 28, 2025","Good value for money, entirely made of very light plastic. The internal battery is rechargeable via USB at 5 V DC. It illuminates quite well. The internal battery's durability needs to be tested.",
an***88,"on Sep 16, 2024","Powerful flashlight, illuminates a lot, very practical for camping night.",
68***96,"on May 31, 2025","Already charging, very convenient... Thank you.",
67***59,"on Apr 18, 2025","Product already purchased, it is as described and provides good lighting. The old one held the charge well, and I hope this product will be identical in that regard.",
ro***23,"on Jan 30, 2025","still going strong do not over charge !!
excellent
my dig lost his use in one ear ....fab for calling using the flicker !!
gr8 product !!",
Steven Beeston,"on Jan 14, 2025","very happy with my first purchase,was a bit unsure what it was going to like,but the torch is well made and dose the job,thanks.",
jb*up,"on Dec 23, 2024",Very good rechargeable product with a very powerful lighting! We'll have to see how its rechargeable battery holds up over time!,
Илькин Мамедов,"on Nov 11, 2024","Good flashlight, as described, price and quality match. And most importantly, it works on a charge, no need to buy batteries.",
ev***er,"on Oct 2, 2024",Lamp without battery awesome super happy recharges via USB I am surprised of the perfect power thanks to the seller,
Florian Joly,"on Sep 22, 2024",After recharging the lamp the lighting is super bright as specified. I have no regrets about my purchase.,
MEHMET POLAT,"on Feb 23, 2025",,
km***03,"on Nov 7, 2024",Bright light for such a small torch. Excellent awesome little light,
74***02,"on Jan 24, 2025",have to say all torches i have bought for myself and others have been really bright great gadgets,
mo***64,"on Jan 14, 2025","This is the second flashlight I’ve bought. Very bright! , awesome little light.",
Gabriele Sanfilippo,"on Feb 3, 2025",Arrived at the right time.,
Zelda Brits,"on Oct 28, 2024","handy pointer, ideal, exactly as described, awesome little light, great product, very pleased with it, good quality",
so***09,"on Nov 27, 2024",Top,
r**5,"on Nov 29, 2024",Great little piece of equipment at a great price. Easily fits in your pockets car glove box,
mr torque,"on Nov 29, 2024",Exactly as described. Great product!,
sk***ee,"on Jul 30, 2025","Practical, especially for interiors and small spaces. Lightweight and with good battery life. The power is decent but quickly reaches its limits outdoors.",
Geta Vlad,"on Jan 4, 2025","The flashlight is very good, and the battery lasts a long time.",
mh***ul,"on May 20, 2025","very pleased with it. , value for money, , perfect 👌
very strong light",
ra***te,"on Jan 15, 2025","awesome little light, very pleased with it, exactly as described, value for money",
Stephen Clifford,"on Nov 4, 2024","awesome little light, very pleased with it, exactly as described, value for money",
jm***32,"on Jan 7, 2025","very pleased with it, excellent thanks just what I wanted , lovely",
JManuel Cstño,"on May 11, 2025",It comes fully charged. Quite powerful.,
ma***14,"on Oct 4, 2024","awesome little light, very pleased with it, works, great, my wife hijacked it for her handbag she thinks it's great thank you",
Idalmis Gil Rodríguez,"on Feb 17, 2025","Excellent product, I recommend it",
Наталия Мульченко,"on May 18, 2025","Nice flashlight, haven't tested it in action yet. But it looks good.",
Saddam Shah,"on Oct 25, 2024","Exactly same as shown, worth more than the prize.",
Chinyere Alokwe,"on Oct 4, 2024",I’m so happy with my torchlight. I absolutely love it and it’s very,
Zu***be,"on Oct 8, 2025",Lovely flashlight and bright .,
50***31,"on Jan 27, 2026","Item received intact and beautiful. Exact size as seen, Charging and working. Yet to see how bright 🔆 it'll be in the evening.",
50***57,"on Jun 11, 2025","So far, it looks very good. Time will tell how long the battery lasts and how the charging situation is in the future. The first impression is positive.",
do***er,"on Apr 17, 2025","Wow, this flashlight works very well, I'm amazed by its power. Excellent value for money.",
jo***57,"on Feb 16, 2025",The package arrived on time in excellent condition and was exactly as I had ordered! Thank you very much! :-D,
Francis Montaño,"on Feb 8, 2025","It works very well and is well-made. It's made of plastic. The light is powerful, and the strobe effect is strong.",
du***es,"on Jan 3, 2025","Perfect for scaring away the squatters in my barn.
Another use is for help in case of problems on the road.",
Melita Ivković,"on Dec 7, 2024","excellent flashlight battery. I don't know yet how long it takes for the battery to run out, but for now the light is great.",
51***17,"on Nov 10, 2024","The flashlight for this cash register shines well. It is lightweight, made of plastic, so you should be careful not to drop it. Best regards.",
Marinette Degorgue,"on Nov 9, 2024",I inform you that these lamps 🔦 are great I highly recommend to buy THANK YOU very much Temu and the team,
jo***68,"on Sep 23, 2024","very pleased with it, excellent, I haven't tried it yet in the dark but it works well in daylight so should be OK.",
Natali M🇺🇦,"on Sep 22, 2024","comfortable, bright
Takes up little space in a woman's handbag
It is convenient that it can be charged through a socket or from batteries",
Emanuele Nazzi,"on Sep 13, 2024","Compact and bright flashlight, excellent value for money. Package arrived on schedule and well tracked.",
72***18,"on Sep 13, 2024",An excellent helper. It shines beautifully and can be zoomed and focused with the beam. Just a perfect battery for the money.. 👍,
my***d1,"on Aug 19, 2025",,
th***21,"on Aug 30, 2025",Best product I love,
58***58,"on Dec 1, 2024","brilliant torch, very pleased with it, very pleased with it, very pleased with it, great product",
HorseShoe Peace,"on Mar 1, 2025","Very Light.,weirdly so. Bright as described I'm very happy with it.",
th***tr,"on May 26, 2025","awesome little light, very pleased with it, quick delivery",
ve***le,"on Jan 21, 2025",Brilliant👍🏻 It's small but provides great lighting 🔦,
76***69,"on Jan 14, 2026","Good quality and size, absolutely love it",
le***sh,"on Nov 19, 2024",really bright light - ideal for walks with dog and as car torch,
ma***37,"on Mar 11, 2025","Quality torch
very sturdy and it's functions are first class
beam is direct and lights up a dark area",
adamu binanchi,"on Oct 9, 2025",my boy loved it and its durable,
Mmu Mmu2,"on Jun 24, 2025","ok for the price , does it's job.
the delivery was in 5 days and in excellent condition.",
le**uk,"on Apr 3, 2025","awesome little light, very pleased with it, excellent product and no batteries",
Debra Pascoe,"on Nov 4, 2024","awesome little light, very pleased with it, exactly as described, great product.",
Jonathan Keane,"on Feb 17, 2025","very pleased with it, value for money, super ,, awesome little light",
ha***81,"on Sep 5, 2024","very pleased with it, super, really lovely lights, exactly as described",
je***id,"on Sep 5, 2024","very pleased with it, super, really lovely lights, awesome little light",
er***03,"on May 29, 2025",Small and very handy. I got two of them and is very impressed with them. You can buy it with confidence.,
Tony Evans,"on Mar 29, 2025","This is absolutely amazing , excellent product, value for money👍👍",
Trafford Donald,"on Nov 18, 2024","value for money, , good quality, very pleased with it",
va***hs,"on May 19, 2025",Very good,
Je***7),"on May 14, 2025",very pleased with it. It was really bright and I keep it in my car,
Tamer Demiralp,"on Apr 5, 2025","very pleased with it, has a very bright light and long range (100m+-) solid choice",
De***15,"on Mar 5, 2025",Great torch very bright. Now my husband has a few as he keeps losing them,
John Whybrow,"on Nov 3, 2024","very bright and conveniently small enough to fit in my pocket, also rechargeable, great buy",
ol**64,"on Nov 16, 2024","The flashlight is excellent, it shines brightly, strong, light small.",
Clement Chrl,"on May 7, 2025","Very good product for the price. I use it every day at work. The battery is great, so there's no need for disposable batteries.",
Francisco jose Azofra,"on Apr 23, 2025","It's a gift for a good friend, and she told me it's perfect. We give it a 10 out of 10 for the trust in our friendship.",
ha***27,"on Jan 30, 2025","The product is good, just as described, and its long-distance illumination is excellent. I'm considering buying another one.",
Larbi Alan,"on Dec 9, 2024","The lamp works very well, providing excellent lighting both up close and at a distance. I recommend it for night walking.",
ch***es,"on Nov 27, 2024","Flashlight smaller than the illustration photo but illuminates like a large one, handy in a pocket",
mr***er,"on Oct 31, 2024",exactly as described so surprised the light it sends out - defo recommended now the dark nights have drawn in happy costomer,
65***92,"on Oct 23, 2024",Very good lighting. In blinking form it can be very good for locating or signaling. I would recommend her,
fr***10,"on Oct 4, 2024","At the top!!
Illuminates very brightly and with a beautiful beam of light!
I am amazed and I recommend!",
kr***53,"on Sep 30, 2024","exactly as described. remains to be seen how long the battery lasts before it needs recharging, but quite happy with the purchase",
JANA JOZOVÁ,"on Sep 9, 2024","super flashlight ,beautifully shines 3 kinds of light,light material super USB charging for travel ,for pocket,for car",
Aaron F,"on Sep 24, 2024","nice beam, 3 modes and adjustable",
Paul Fisk,"on Nov 10, 2024","very bright light, excellent value for money",
Ahmet Destegül,"on Mar 12, 2025","I got what I wanted, thank you.",
Janet Foley,"on Jan 17, 2025","very pleased with it. Really pleased it had a usb and not batteries , awesome little light",
JP McCarthy,"on Jan 1, 2025","Amazing quality at a great price
, excellent thanks, value for money",
br***is,"on May 16, 2025","It's small but pretty, and it lights up quite well.",
si***ey,"on Nov 2, 2024","Very bright with a bright,dim and flashing mode. Very simple to use, no need for batteries as charging lead supplied.
Really nice torch but feels a bit plasticky",
pe***on,"on Oct 7, 2024",rearly bright. light weight . small enough to fit in a coat pocket. rearly pleased with this item,
Арина Лупу,"on Sep 29, 2024",,
Mehmethan Bilgin,"on Dec 20, 2024",It illuminates well and is reasonably priced.,
Rimas,"on May 24, 2025",👍,
jo***74,"on Apr 5, 2025",Great tourch very bright for size great price thanks,
da***ns,"on Apr 8, 2025","Very bright light great for finding the dog in garden
N at night",
Ar Ashik,"on Nov 26, 2025",nice,
pa***nn,"on Apr 10, 2025","very pleased with it, excellent product, value for money",
ja***47,"on Jan 26, 2025",Great little torch. hold charge quite well and is very bright. ideal for camping.,
Catherine Glover,"on Oct 30, 2024","Sturdy,v powerful light comes with charging lead.",
Eva DomPe,"on Aug 7, 2025","Although it looks small, it works perfectly and has a very powerful light. I love that it's rechargeable.",
Carlos Montes,"on Jun 23, 2025","The flashlight is very lightweight since it's made of plastic, but it works great and the lithium battery lasts a long time.",
al***en,"on Mar 21, 2025","I think it's very nice, so I gave it to my sister-in-law to keep in her bag in case the power goes out. It has a micro USB charger and a strong light.",
Alejandro Aranda,"on Mar 20, 2025","It's quite good for the price, has adequate power, and the ability to focus the beam is very good.",
Gi***ia,"on Mar 13, 2025","Quality item, works exactly as expected. Can’t say anything about expected battery life but so far holds the charge long enough.",
Na***an,"on Mar 1, 2025",The product is exactly as described. I didn't expect an LED light to have such an effective range.,
bu***30,"on Feb 13, 2025","Great flashlight! I've already ordered a second one. The first one was for my mom, and my son wanted the same one as grandma. I highly recommend it.",
Luciano Amedei,"on Feb 8, 2025","Excellent light beam, adjustable through a zoom, and the possibility of USB charging. Highly recommended.",
Stella,"on Jan 28, 2025","Strong brightness and rechargeable
I am absolutely satisfied and have ordered two of them.",
Noah Kutukwa,"on Jan 21, 2025","A Buffalo promise is a Real promise in quality, quantity and delivery time! Well done. Now partners for the long haul.",
as***11,"on Jan 12, 2025",Came really quick and my daughter is so happy with it more than her Xmas presents 🤣 will be ordering again,
Илена,"on Nov 17, 2024",It shines brightly far away. The flashlight is conveniently sized. You can take it in your purse if necessary. Excellent.,
Kristijan Kralj,"on Oct 30, 2024","This lamp is great, literally as they present it, it really shines very far.. I'm ordering another one",
Tornei Trapani,"on Oct 24, 2024","excellent flashlight with an excellent beam of light, no batteries needed can be recharged with the USB cable supplied",
wa***on,"on Oct 11, 2024",Practical and functional. Easily transportable. Useful in many cases. In line with expectations.,
Ecca Gianluca,"on Oct 7, 2024",Top,
sl***ti,"on Oct 5, 2024",Excellent item. It really gives a lot of light and you can direct the light beam according to your needs,
dd***59,"on Sep 27, 2024","Happy with my purchase.
Fast delivery and works great
Sold with the ""small cable"" for charging",
'Dotun Oke,"on Jan 30, 2026",Bright torch. Very compact and handy. Looking forward to a long working life,
ha***on,"on Feb 15, 2025","awesome little light, exactly as described, very pleased with it, exactly as described, exactly as described",
74***32,"on Nov 6, 2024","value for money, great product, good quality, handy pointer, ideal",
nd***14,"on Jan 23, 2025","Fantastic torch, works well , highly recommend. ❤️🙏🏻",
David Underwood,"on May 13, 2025","exactly as described, very pleased with it, very pleased with it, value for money",
jj**ly,"on Dec 16, 2024","its small awesome little light, very pleased with it,
value for money. Exactly as described.",
na***te,"on Dec 29, 2024","Very good, I just tested it and it's perfect. It illuminates the entire courtyard well. Very happy with it.",
ul***09,"on Jun 1, 2025","Nice product, it does the job",
am***an,"on Feb 2, 2025","awesome little light, value for money this item is just as described by the seller",
ha***ug,"on Nov 1, 2024","Powerful flashlight , still have no experience for battery life , best value for money",
py***r1,"on Jan 28, 2025","awesome little light, value for money, very pleased with it",
Jamie Gettings,"on Dec 22, 2024","very pleased with it, value for money, awesome little light",
73***96,"on Dec 14, 2024","awesome little light, , exactly as described., value for money",
Andy Jefferson,"on Nov 27, 2024","very pleased with it.... , exactly as described, conveniently light and small enough to carry in any pocket comfortably.",
ma***ry,"on Nov 13, 2024",Seems handy as it is just a small one. Tried it in the dark and could see everything! Amazing!,
Richard Balogun,"on Mar 23, 2025","brilliant product, handy pointer, ideal",
Erol seratlı,"on Mar 7, 2025","I liked it, the light intensity is good.",
T Henry,"on Dec 25, 2024","very pleased with it and very bright. , exactly as described, thanks you.",
Gul Nawab,"on Mar 25, 2025",fast delivery and good quality but don't know the durability.,
Sándor Tóth,"on Sep 7, 2025","It's small in size but has great brightness! I can use it in the early hours of the morning or late at night, even while cycling.",
ΑΓΓΕΛΙΚΗ ΜΙΧΑΛΟΠΟΥΛΟΥ,"on Jun 2, 2025",It's of very good quality and shines brightly and far. I use it because I'm a hunter. 11/10,
al***98,"on May 14, 2025","Although I would have liked the light to be a bit brighter, it's quite good and handy to have in the car in case of need.",
Patryk Ślusarek,"on May 8, 2025","I'm pleasantly surprised. It's not of the highest quality, but it lights up really nicely and brightly.",
an***lj,"on Jan 31, 2025","as shown in the picture, very powerful lamp. It fills up quickly. I like that it shows the battery level",
Aleksandrs Popovs,"on Jan 28, 2025","It shines quite brightly, and the size is slightly larger than the palm of my hand. I still need to check how long the battery lasts.",
Gilles Caffier,"on Dec 18, 2024",Good lighting power and very long range!! I recommend it!! Very good product!!,
Ainhoa sanegre. munera,"on Dec 16, 2024","It's perfect, it took a long time to charge, but once charged, it lights up well and is telescopic.",
sa***lt,"on Dec 15, 2024","Package received. The flashlight is very pretty 🤩 PERFECT. Thanks to the seller, I recommend. TOP ✨",
Ottó Otohál,"on Dec 8, 2024","Good quality, strong light. It lights up in 3 modes and the beam can be adjusted. The battery is holding up well so far.",
ta***va,"on Nov 29, 2024","A good flashlight for short distances - 3m, charged battery - bought it and started using it right away, nice",
Avelina Roman,"on Nov 20, 2024","Super, I didn't notice that it was with a charger, I wanted it with batteries still perfect and it lights up quite a lot",
Rini de Jong,"on Oct 23, 2024","perfect flashlight. Especially the dimming mode is handy. If I could hand out 6 stars, this one would have gotten them",
53***60,"on Oct 10, 2024","A successful product, I bought it to carry on my motorcycle, it came quickly and it is a solid product as said",
ja***22,"on Oct 4, 2024","very pleased with it, only fault is when you turn it off it flashes, no good if you have epilepsy",
je***06,"on Sep 27, 2024",An ultra powerful and optimal effective pocket lamp I highly recommend this product,
wa***zb,"on Sep 26, 2024",Perfect works great 👍👍 with USB provided Good hardware satisfied fast delivery 3 functions,
Cé***so,"on Sep 24, 2024","Illuminates really well, 3 brightness variants.
Will be used for the car that has a usb socket.",
Tutu Mntambo,"on Jan 15, 2025",Nice little flashlight for the bed side. Not very bright but enough to see well in the dark. For the price it is decent quality and amazing rechargeable feature so never need batteries.,
Si***ih,"on Sep 20, 2024",An awesome little light. Very pleased with it. A great beam and level of brightness for the price. Let’s see how it holds up to wear and tear but first impressions are good.,
ju***34,"on Jan 30, 2025",awesome little light just bright enough for the kids when out walking,
ga***ir,"on Feb 14, 2025","awesome little light,, very pleased with it better than I thought thank you TEMU 🤩",
ma***37,"on Feb 6, 2025","awesome little light, awesome little light, very pleased with it, exactly as described, excellent thanks",
Haroon Khan,"on Jun 11, 2025","wonderful experience with temu.
great product low price. highly recommended..",
sylvie gossage,"on Jan 7, 2025",Very good purchase and always useful. Good quality item.,
Abdul Abubakar,"on Jan 27, 2025",super light very bright good for night security men ..I recommend it for all,
Nathan Cuddihy,"on Oct 14, 2024","the torch is very bright, 3 settings for lights and can adjust the size.",
bi**ac,"on Nov 13, 2024","quick delivery , just as described, will definitely use them again",
ni***la,"on Dec 10, 2024",It is fine and I love it,
57***06,"on Jan 8, 2026",Happy to receive my product very satisfied,
Rajendra Prasad,"on Mar 6, 2025","awesome little light, very pleased with it, value for money, exactly as described",
om***92,"on Dec 22, 2024","very pleased with itI have two of them now , value for money",
an***ne,"on Apr 23, 2025","Very pleased with it, works well, good value, although not clear it was of plastic construction. Still satisfied.",
Gotan Project,"on Mar 18, 2025",well deserved 5 stars.very good fit and comfy,
55***21,"on Sep 28, 2024","I tried it during the day, it has a very nice lighting",
al***ly,"on Dec 9, 2024",a brilliant we torch does as it says good quality and price good service.,
87***81,"on Oct 17, 2024","Best ever , 👍",
de***99,"on Nov 11, 2024","Great value for money, handy pointer, ideal for using round Autumn-Winter night/ dark mornings",
po***me,"on Apr 2, 2025","awesome little light, very pleased with it, excellent product",
ma***ce,"on Oct 28, 2024","awesome little light, great product, very pleased with it",
Roger Hare,"on Oct 6, 2024","awesome little light, Good product, very pleased with it",
70***72,"on Dec 3, 2025",is working fine I so much love it.,
Mihai Postaru,"on Feb 5, 2025",very good and easy to use and charge.,
ne***52,"on Oct 8, 2024",Great bit of kit very bright good value,
le***ly,"on May 19, 2025","As described. Very lightweight and with good adjustable lighting and a USB rechargeable battery, but I haven't tested the battery life yet.",
49***90,"on Feb 18, 2025","You can dim and reduce the light, very practical and not heavy in the hand, shines very brightly, very good quality, I'm ordering 3 more of these for the family.",
Erik Maria,"on Apr 30, 2025","All in all (considering the price), it's a decent flashlight with three functions: strong light, medium light, and flashing. It's very lightweight and compact. The longevity of a single charge remains to be seen.",
77***05,"on Mar 7, 2025","fabulous so much I have got from temu (only started using recently ) has been broken not as described cheap nasty ill sized complete tat , but I'm pleased to say this is a little treasure really good wide beam super light without stupid flimsy the charging lead is veryyyy short though but would be ideal to charge in a car perhaps cant say how long batteries will last and I'll probably loose charger. shame not a hole for a wrist strap or a wrist strap attached would be my main criticism that's all good little buy good wide beam of light due to type of bulb used so no falling over following a 2ft wide strip of light planning to add a magnetic to the end of it. and one last point would be a concern th rubber flap that covers charging point may snap over time if not handled with a little care .",
iv***11,"on Mar 5, 2025","Happy with everything,apart from if I am not at home my deliveries are usually left next door at neighbours ,not just laying for the world to see on doorstep.
I can only assume it was a different driver.",
55***89,"on Jan 20, 2025","The product is nice, but it's a bit lightweight. I wonder how durable it might be in the long run. Its working capacity seems good, and other than that, there are no issues.",
ja***ta,"on Jan 19, 2025","This flashlight is the best item I've received from recent orders. It has very good illumination in three modes: very bright, medium, and flashing. It also charges via USB and lasts quite a while.",
P*B,"on Jan 11, 2025",for the size a great torch. handy to carry in a pocket or have it in car gloves box. in fact at the price why not 1 in the car 1in the house as well. re charge by usb always a bonus,
SilverOz,"on Dec 16, 2024",There is a better flashlight available for a similar price. The differences will probably become apparent with long-term use. This one feels more like plastic. The other lamp feels like a combination of plastic and metal. I bought both to try them out. Both are good at lighting.,
se***in,"on Dec 2, 2024","The illumination of the product is quite good. The only problem is the USB socket input. The socket stays inside, and I think it will go further in over time.",
António Nuno,"on Oct 9, 2024","it has a small problem which is to heat up too quickly and discharge, maybe too early....
But it is also important to note that it has an excellent lighting capacity and a lot of area of action",
Beatriz Aroca,"on Oct 6, 2024",For the price it's pretty good. Illuminate you are enough and there are three light positions. I have her as an assistant in my classroom in case there are power outages. Being able to recharge with USB is a plus,
ta***l2,"on Sep 6, 2024","Correct product and sufficient lighting.
Unbeatable 👍🏻👍🏻👍🏻 price
Great experience with TEMU, impeccable follow-up as we would like to see on many mail order sites.",
ga***33,"on Mar 27, 2025",It shines beautifully. We'll see how long it lasts.,
te***ej,"on Jan 26, 2025",Bought 2 of these. Extremely good quality. Rechargeable via usb. Very bright,
64***iz,"on Nov 13, 2024",Fast charging and very very bright. Perfect for the car glove box,
j4***vi,"on Apr 10, 2025","Very good size, easy to carry in a purse or pocket, and it provides a lot of light.",
Mirage Serap Yılmaz,"on Jun 14, 2025","It's easy to carry, and the fact that it doesn't require batteries and can be charged via USB is great. The lighting is quite good. Thank you.",
da***91,"on May 28, 2025",My wife is happy; she finally has a good-sized flashlight for her purse 🫶👍,
ma***39,"on May 14, 2025","Very, very good lighting. Good battery life and lasts a long time after charging. I recommend it.",
Joseba Andoni Uriarte Urtain,"on Apr 20, 2025","It's impressive how the size increases when you remove the cap, and despite being so small, it gives off a lot of light.",
ho***57,"on Mar 28, 2025",Brilliant wee torch and handy for in the car and be charged with the usb in the car too.,
ja***17,"on Mar 24, 2025",It provides very good illumination and the charge lasts a long time (several days if used frequently).,
vi***23,"on Mar 12, 2025","I liked that it charges quickly, and it shines brightly during the day. We'll see if it shines as well at night as it does in the pictures.",
Ismael,"on Mar 2, 2025","Quality-price ratio 10 out of 10, very satisfied with the product, it provides more light than I expected.",
ne***39,"on Jan 18, 2025","It lights up nicely, and for the price, it was worth it. The only downside is that it uses the old micro USB 2.0.",
ch***06,"on Jan 12, 2025",Perfect. Provides excellent illumination and is practical as it can be recharged via USB (no more batteries to buy).,
37***71,"on Jan 10, 2025","Very small but very powerful, the zoom feature is excellent. I need to evaluate the battery life",
fs***re,"on Dec 28, 2024","Excellent product. Small but very powerful. Really very useful.
Perfect to keep in your car.",
fa***de,"on Dec 25, 2024","Very good. Provides good illumination. I appreciate the USB recharging feature, which eliminates the need to buy batteries.",
69***69,"on Dec 10, 2024",Very good brightness...looks like good construction...hope the battery life lasts,
mu***cı,"on Dec 4, 2024","It is light, it is charged quickly and lasts for a long time. It is well worth its money.",
Ph***be,"on Oct 17, 2024","Very satisfied with this flashlight. in motorcycle top case, or glove box. Perfect lighting.",
Svetlana Skorinkina,"on Oct 12, 2024","Excellent flashlight, convenient size and, most importantly, usb charging.",
CONNECT GPS,"on Oct 3, 2024","For this price, the product is really ok.
In particular, by the standards of items on Temu...",
Carlos da Costa,"on Sep 24, 2024",It is a flashlight and illuminates with a good intensity. Very useful at short distances.,
Pamela Wilding,"on Nov 7, 2024","value for money, great product, handy pointer, ideal",
ro***n8,"on Jan 26, 2025",Very bright and handy to have. I keep it in my bag always,
John Goulding,"on Dec 2, 2024",very bright love the way you can change the size of the light,
David Rogerson,"on Oct 24, 2024",Very bright just what I needed nice and light as well good torch,
Sue Thompson,"on Mar 20, 2025","very pleased with it, exactly as described, excellent thanks, value for money",
ro***s4,"on Jan 31, 2025","handy pointer, ideal, very pleased with it, value for money, excellent thanks",
cj***dy,"on Dec 1, 2024","very pleased with it, exactly as described, value for money, excellent thanks",
pe***es,"on Mar 27, 2025","Much lighter than expected as made from plastic. However, light is very effective and adjustable.",
Faruk Alçın,"on Feb 27, 2025",The product is very nice.,
Mc***do,"on May 17, 2025","The product has arrived in perfect condition, with very good quality. Although it is small, it provides a lot of light. I recommend it.",
mj***ik,"on Dec 31, 2024","Really ideal to carry in your coat, super small and light in weight. No batteries needed, rechargeable with a USB stick.",
chick 66,"on Oct 7, 2024","Excellent flashlight, shines with a great view",
Justyna Mydlak,"on Feb 9, 2025","I'm surprised by the flashlight. It's very light. It charges via USB, which is a great convenience. Additionally, the light from the flashlight is really good and strong.",
ri***to,"on Nov 29, 2024","The body is made of plastic and the whole thing is quite light, suggesting a low-quality battery.
However, the quality-price ratio is good.",
Dragan Radulovic,"on Mar 17, 2025",exactly as described,
john lonsdale,"on Sep 27, 2024","works, works, works, works, okay, Good product, Good product, Good product, Good product",
Margaret O'Sullivan,"on Nov 19, 2024","pleased with this torch..
Fits in my handbag well",
Ckl Ersin,"on Oct 22, 2024","very good, very high quality.",
zo***ow,"on Apr 25, 2025","excellent little torch, this is our second one, great value and great features",
ha***er,"on Dec 16, 2024",Very good service and very good price. Loved temu. Purchased from temu .,
Kacper,"on Nov 3, 2024","awesome little light, exactly as described, great product",
Bilal Ahmed (Bilaltistic),"on Nov 2, 2024","awesome little light, exactly as described, great product",
Lyndsay Cowell,"on Nov 21, 2024","Exactly as described. Very bright, good product",
cu***30,"on Oct 23, 2024",Looks good,
bakhodir ibragimov,"on Dec 6, 2024",Thank you very much. The product is worth the money.,
Mike Hatfield,"on Mar 23, 2025","handy pointer, ideal, awesome little light, very pleased with it, exactly as described, brilliant product, excellent thanks",
jr***44,"on Mar 16, 2025","handy pointer, ideal, very pleased with it. Great for use in car fits in centre pocket 👍👍",
ne***gm,"on Dec 5, 2024","very pleased with it, top, awesome little light, exactly as described, incredibly bright torch, delighted with it",
Paul Nkhani,"on Nov 15, 2024","very pleased with it, worth the money",
JP Roche,"on Sep 17, 2024",Great lighting with 3 different modes. USB charging instead of having to buy batteries all the time,
Roisin McColgan,"on Jan 20, 2025",Good bright lights when in use. Arrived safely packaged,
gu***74,"on Jan 31, 2025",Bright and easy to use. charge time good and stays bright for ages. nice and light too.,
Salvo Di grazia,"on Mar 13, 2025","beautiful, strong light",
77***63,"on Mar 19, 2025","very pleased with it, exactly as described, excellent thanks very bright",
ve***53,"on Jul 15, 2025","Good rechargeable flashlight, it provides a lot of light. It's easy to store, even in a pocket.",
Karen Alvarado,"on May 20, 2025","Very good purchase, it provides a lot of light and has 3 levels of brightness. It charges via USB. I highly recommend it.",
66***11,"on May 13, 2025","Very happy with it, it's a bit less bright than I expected, but nothing to complain about for the price.",
Yasin Tokgöz,"on May 12, 2025","It provides good lighting, and although the case is made of plastic, it's sturdy enough. It does the job, and for this price, it's a miracle that it even works.",
Victor Correa,"on Apr 15, 2025",I was surprised by the quality and material for such a low price. Excellent.,
Orhan Sefa,"on Apr 7, 2025","It gives off a very nice light, has three light modes, and is a high-quality product. It served me very well.",
ne***87,"on Feb 20, 2025","It's very good for its price. It met my expectations well. Thank you, Temu and family",
marcin holowczak,"on Feb 19, 2025","The flashlight is great, it shines really brightly, charges quickly, and has a long battery life. I recommend it.",
Roberto Geronaldi,"on Feb 10, 2025","It costs 2.5 euros and works very well, providing excellent light. The light beam can also be zoomed",
volkan mısır,"on Jan 31, 2025","Temu provided this for free, but I liked it so much that I'll order it again and wear it as a helmet",
Fernando Luis Giraldo Pérez,"on Jan 28, 2025",Fantastic night vision. Extremely powerful and long-lasting without needing to recharge.,
63***67,"on Jan 21, 2025","The product has a very strong power, making it ideal for nighttime rides. I highly recommend it.",
Κωνσταντινος Κυπραιος,"on Jan 20, 2025","Very good value for the price, it's a small flashlight with quite good light for an hour of use",
Moa Emy,"on Jan 7, 2025","Super effective, you can see from very far away and you can change the size of the light beam.",
Constantin Bogdan,"on Jan 5, 2025",It's very good for household activities. It's lightweight and provides quite strong illumination.,
Ashley Nicholson,"on Dec 31, 2024","Amazing torch, defo worth it for the money, very happy with my purchase it’s even better than described!",
ol***rd,"on Dec 21, 2024",Very good rechargeable flashlight. Very light and effective. I recommend it.,
bu***ta,"on Nov 27, 2024",It shines very brightly and has different light points. The best part is that it is rechargeable via USB.,
jo***g5,"on Nov 27, 2024",Sooooo bright! I use it to spot my dogs in the garden in the dark. Wow it works!,
va***rc,"on Nov 5, 2024","Very good item as described.
No unfavourable remarks should be highlighted.",
Gigi Andreoletti,"on Oct 22, 2024",super practical with a usb charging impeccable lighting I will buy others,
66***74,"on Oct 17, 2024","Good brightness and a small size practical to carry in your pocket, very practical",
Marko Droneslav,"on Oct 10, 2024",exactly as described i was not expecting it to be this bright for such a small unit. thanks,
Wojciech Margiecok,"on Sep 5, 2024","Super hardware for a great price. Specifically, it pulls the light for a light of 70 meters.
Recommend..",
Malinga karabo,"on Dec 6, 2024",it make bright at night 🌙 I really like it,
David Donaire Jimenez,"on Nov 9, 2024","Everything looks good, and they have arrived more or less in time. The question is whether they will be of good quality, and that is only known with time and use",
Janet Hirst,"on Mar 4, 2025","very pleased with it, exactly as described, brill,, top 👍, awesome little light",
suzanne Parker,"on Nov 22, 2024","Great touch does what it says on the tin lol
, awesome little light",
85***86,"on Dec 30, 2024",value for money and amazing quality 👌,
ka***tt,"on Oct 10, 2024",Great little light and bright,
Imran Khan,"on Nov 21, 2025","Light size is small
But perfect light and easy to use, light is good",
ga***61,"on Feb 15, 2025",Torch does exactly same as picture very bright,
53***49,"on Feb 26, 2025",It's quite nice,
24***81,"on Jan 17, 2026",it's very bright. love it. hope its works for a long time,
Sarah Lea,"on Mar 14, 2025",very bright torch it works perfect for walking dog in a night,
Fin Barnes,"on Nov 30, 2024",Very bright and ergonomic. Can fit in your pocket and works well,
ps***33,"on Nov 21, 2024","Great torch, light weight and very bright",
borin Yohann,"on Jan 21, 2025","Very strong lighting, great!",
William Metcalfe,"on Dec 15, 2024","awesome little light, very pleased with it, value for money, perfect",
mo***bb,"on Nov 20, 2024",awesome little light . excellent! Value for money . Good item,
Barry McQueen,"on Feb 7, 2025",Handy small touch. Very light & bright enough for what I need it for,
Re***ka,"on Aug 30, 2024",super.handy and shines far away,
Samet Erad,"on Feb 24, 2025","Thank you, Temu 🇹🇷",
ja***y1,"on Sep 22, 2024","exactly as described, very light and VERY bright.",
Vineta Ugare,"on Dec 6, 2024",bright.good,
2k***eo,"on Jan 31, 2025","Surprisingly really good quality, very useful.",
Pam Cecilia,"on Oct 3, 2024","very pleased with it, excellent",
To‘g‘risini aytsam,"on Jan 31, 2025",👍,
lo***30,"on Jan 13, 2025","awesome little light, value for money, top",
Maria enilda Solorzano Zambrano,"on May 11, 2025","The flashlight is very useful because it lights up really well, and I don't have to spend money on batteries because it's rechargeable via USB. It's small but powerful😏",
st***e7,"on Dec 9, 2024",Great service excellent delivery,
Алёна Беликова,"on Mar 19, 2025","Cool, bright flashlight",
Meirwen  Roberts,"on May 11, 2025","Works great,good light and light and small to handle and will fit in pocket or bag",
gb**n1,"on Mar 10, 2025",Excellent very good to use outside the big cities it's working fine with me so far,
Leanne5891,"on Feb 4, 2025",Works amazing. Love that it is charged by USB as can never find batteries when needed.,
Graham Rothwell,"on Feb 4, 2025","exactly as described, awesome little light the brightness is excellent in all 3 settings well pleased",
ka***se,"on Dec 8, 2024","perfect we go to a caravan near the coast and it is perfect for that
thank you",
tg***th,"on Oct 30, 2024","very pleased with it, great for these darker nights on long unlit driveway up to house.",
mc***70,"on Oct 11, 2024","very pleased with it, exactly as described this is the second one I've ordered love them.",
kc***er,"on Sep 27, 2024","very pleased with it, excellent, super, top, handy pointer, ideal, awesome little light, exactly as described",
Chriz Christopher,"on Jan 6, 2025","bright light 🚨
it's worth it",
sc***59,"on Jan 23, 2025",This is compact and really bright. Great that it's rechargeable.,
Mike Hollinshead,"on Oct 3, 2024",Really pleased with the torch so compact but so bright,
Ig** S,"on May 17, 2025",,
Dalwinson Devera,"on Jan 20, 2025","Very good, although I'm not entirely satisfied because I wanted a larger lamp. However, it works very well.",
Бабур Тойчубаев,"on Dec 20, 2025","I've put the charger on it. I'll test it out in the evening. But it looks good, and it lights up brightly even during the day",
Ana Dutra,"on Jun 6, 2025","Excellent. The light is strong and very bright, and it arrived in excellent condition. I loved it... thank you",
Be***39,"on May 30, 2025","The flashlight is excellent, it shines brightly! It's a shame there's no string to hang it up.",
pt***69,"on May 23, 2025",brilliant piece of kit. 3 settings including a strobe light and the recharge makes it areal winner.,
vl***ev,"on May 20, 2025","Great flashlight, I bought a few more. The light is strong and the battery lasts quite a long time.",
Wi***rC,"on May 11, 2025","A well-functioning LED flashlight. Lightweight, with a long range, long-lasting battery life, and good charging capabilities.",
Manuel Hernández,"on May 11, 2025",Practical and maneuverable flashlight with good range. The best part is that it's rechargeable.,
Lee Thimm,"on Apr 23, 2025",excellent product i have had it since 26 of March and I have not charged it yet,
Kaire Järv,"on Mar 23, 2025","It works. I like that you can charge it yourself, so you don't have to spend money on batteries all the time.",
74***22,"on Mar 19, 2025","Practical in case of a power outage, for example. Very good value for money.",
jo***34,"on Mar 11, 2025","It's less bright than expected, but it works well, and the positive aspect is that you can recharge it.",
gulcin kara,"on Feb 2, 2025","It gives off excellent light, and the illumination area is very wide in the dark! Thank you, Temu!",
An***ni,"on Feb 1, 2025","Really an excellent purchase, as described, it provides a lot of light, even though it's small.",
Audrey GIRIER-DUFOURNIER,"on Dec 24, 2024","It's one of the best products, with excellent functionality and matching the description in the photo.",
ya***76,"on Nov 20, 2024","Again, it is I to tell you the same thing
Good product and good quality yesiii 👍👍👍👍👍",
va***er,"on Nov 13, 2024","Excellent. Thanks to its small size, it can be transported and handled very easily.",
la***jm,"on Nov 12, 2024","Very happy with my purchase in terms of lighting, very light to fit well in the pockets",
Gertrude Hofleitner,"on Nov 12, 2024",Very handy and light. It fits in the handbag and is quickly accessible.,
Любов Павленко,"on Nov 10, 2024",The package was delivered quickly. The flashlight is lightweight and convenient. It shines brightly and quite far.,
78***08,"on Nov 7, 2024","Fantastic lamp, good broad beam, then changes into a pin point light going a very good distance",
pa***23,"on Nov 3, 2024","Very bright, and convenient for the streets without light. then see it even from afar...",
Maria Jose Rivera,"on Oct 19, 2024","It looks very good, it lights up quite a bit",
el***a3,"on Oct 11, 2024","The products arrived without any problems, I asked for the perfect same product, I was told 2 times the price",
ge***88,"on Oct 10, 2024",exactly as described I have charged this up and it is a lovely torch with different settings,
63***01,"on Oct 8, 2024","Nice bright flashlight. Works really well.
Light in the hand.
Really handy.
Satisfied 👏 👏",
mo***02,"on Oct 8, 2024","Great powerful flashlight, lots of power it has. The battery 🔋 is charged well.",
Ionel Manea,"on Oct 2, 2024","This is good and excellent, I'll come back to the site
to take a big one for hunting...
And ok.",
Cavad,"on Jan 17, 2026",We were very satisfied.,
Marius Pieterse,"on Jun 27, 2025","awesome little light, very pleased with it, exactly as described, wonderful product",
st***is,"on Mar 16, 2025","awesome little light, very pleased with it, exactly as described, perfect 👌",
sa***68,"on Feb 27, 2025","awesome little light, very pleased with it, exactly as described, brilliant product",
lu***30,"on Jan 19, 2025","excellent thanks, very pleased with it, exactly as described, awesome little light",
Keith Barnstable,"on Jan 19, 2025","awesome little light, very pleased with it, exactly as described, excellent thanks",
sh***me,"on Jan 19, 2025","awesome little light, very pleased with it, exactly as described, excellent thanks.",
laurika nieman,"on Dec 31, 2024","awesome little light, very pleased with it, exactly as described, excellent thanks",
de***ft,"on Dec 19, 2024","very pleased with it, awesome little light, exactly as described, excellent thanks",
Gen,"on Dec 4, 2024","very pleased with it, perfect, exactly as described, perfect, awesome little light",
Ashleighisthebest,"on Nov 25, 2024","awesome little light, very pleased with it, exactly as described, excellent thanks",
ea***ar,"on Nov 24, 2024","awesome little light, very pleased with it, exactly as described, excellent thanks",
Ja***57,"on Nov 18, 2024","awesome little light, very pleased with it, exactly as described brilliant torches",
d. lascelles,"on Aug 8, 2025","very bright little torch, covers a wide range on full rotation",
Sheriff Folorunso,"on Jan 23, 2025",Very bright light dispensed from this equipment. Would definitely recommend it.,
pa***25,"on Oct 9, 2024","brilliant torch, really bright and as it's rechargeable no more batteries",
78***21,"on Nov 30, 2024","very pleased with it, brilliant torch, great product, great product",
sa***02,"on Feb 1, 2025","very pleased with it, excellent thanks, value for money, brill",
su***15,"on Dec 2, 2024","very pleased with it, exactly as described, value for money",
Phillip Skinner,"on Nov 8, 2024","very pleased with it, exactly as described, value for money",
Lize Howard,"on Dec 18, 2024",Exactly like described,
pi***mi,"on Nov 11, 2024","The LED lamp is of good quality, but it's hard to find a compatible charger. It would be better and more practical to insert batteries into it.",
Francoise Ballier,"on Jan 21, 2025",Very good,
David Lofts,"on Sep 27, 2024","exactly what I ordered a great little rechargeable Flash light, which is really bright
Al delivered for the distance quite promptly",
Marzena Maja,"on Sep 19, 2024",everything ok 👌,
Tina Dickens,"on Nov 10, 2024",Great little torch very useful,
Duncan Brandwood,"on May 2, 2025",Happy days. Even better nights. Lights everywhere up. Great price. Bargain.,
te***47,"on Sep 18, 2024",fits in the hand lightweight brilliant light. Unbelievable value for money.,
AG AG,"on Sep 26, 2024","In relation to the price, very much Kaya",
di***on,"on Mar 7, 2025",Exactly as described. Thankyou.,
sr***70,"on Sep 27, 2024",excellent value for money. great light,
Adeniyi Okunade,"on Jun 12, 2025","Excellent product.
Very bright and handy.",
jp***an,"on Mar 5, 2025",brilliant product cool little torch.,
77***59,"on Aug 26, 2025",A very cool flashlight,
an***e1,"on May 9, 2025","I am.pleased with my torch as it is quite good and shines very brightly,thanks temu🥰",
Le***nt,"on Apr 3, 2025","Just what I needed to walk the dog a night , very pleased with it",
Lindsey Brown,"on Mar 22, 2025","Fabulous , awesome little light, very pleased with it, exactly as described , brilliant product",
Hannah Wilshire,"on Sep 21, 2024",Great little light! Not as heavy as I thought which is even better for me!,
serkan çelik,"on Sep 21, 2024",The product fits in the beautiful handbag. It has 3 stages with LED light.,
li***51,"on Nov 18, 2024","awesome little light , exactly as described, excellent thanks, value for money, value for money",
Rui Bento Manuel Marques,"on Dec 7, 2024",always very helpful,
dd***41,"on Oct 17, 2024",,
74***24,"on Oct 2, 2024",Good very bright for its size and does its job come with 3 modes bright medium and burst,
Csomor Krisztian,"on Jun 12, 2025",I received it very quickly. It has a really bright light. The battery lasts very well.,
Wladyslaw Krasucki,"on May 5, 2025",It shines very well and you can also adjust the length of the light beam. I recommend it.,
Andrea Nentwich,"on May 4, 2025","Very practical, also because it doesn't require batteries. Good brightness.",
i**o,"on Apr 25, 2025",Nice flashlight. It's rechargeable and stays charged for a long time. It has different light modes.,
Mari Sol Ruiz,"on Apr 22, 2025","I received it today. I'm very happy, but I haven't tried it yet. The flashlight is very good.",
Ba***io,"on Mar 27, 2025",Second one purchased. Still a big fan. Perfect in the glove compartment of the car.,
Jerry Robertson,"on Mar 17, 2025",Great little torch and rechargeable as well. puts out a good beam which is also adjustable.,
Rui Bento Manuel Marques,"on Dec 7, 2024",always very helpful,
dd***41,"on Oct 17, 2024",,
Mustafa Karadeniz,"on Mar 12, 2025","Definitely recommended, it's something that should always be on hand in a rural setting.",
sy***n7,"on Feb 10, 2025","Works great and is visible from a long distance. Thank you very much, Temu",
MARIO BELLUOMINI,"on Feb 7, 2025","It produces a very bright light as described, and it charges via USB. I recommend it.",
at***38,"on Feb 1, 2025",A small lamp that provides excellent illumination and also offers 3 different tones. Bravo!,
cl**29,"on Jan 29, 2025",Excellent product and very useful. It has three lighting functions and works reliably.,
Isaias Muñoz Lidon,"on Jan 24, 2025",Very good flashlight that provides a lot of light in the field and has a long-lasting battery.,
Paula Everaerts..heb ook badhand doeken 4 voor baby en ook voor,"on Jan 22, 2025","Thank you very much. It will definitely come in handy. My grandson said, ""Wow, that shines far and bright!""",
m.***10,"on Jan 15, 2025","Suitable for occasional use and to be left in the car.
Adequate quality",
be***13,"on Jan 10, 2025","Very good product, lightweight, powerful, practical, and excellent value for money.",
la***yo,"on Jan 4, 2025",best you will get for the price. I'm letting my security officers use it on site,
Rianka van Ommen,"on Dec 31, 2024","Just put the batteries in. Bright light for a small flashlight. 3 settings, great!",
78***67,"on Dec 29, 2024","Very practical and rechargeable, so no need for batteries. I love it, and it provides good lighting.",
Andriy Sobchuk,"on Dec 25, 2024","Everything is fine! I received the flashlight! It's cool, just like in the photo! Thank you very much!",
th***el,"on Dec 17, 2024",very good flashlight very easy to handle with three bulbs very good lighting,
bi***mb,"on Nov 16, 2024","super bright, lights up my whole garden when my dog's
go out for their nightly toilet visit",
Marius Basa,"on Oct 6, 2024",it's small and powerful and the easiest thing is that it charges and you don't have to,
re***ka,"on Sep 10, 2024","Satisfied, she's amazing, at least I'll see on the way to work. And avoid the windows 😀😊❤️ on the ice",
Maurizio Grande,"on May 30, 2025",Everything was as indicated. Excellent products. Only the size of the single shirt was too large compared to the normal (XL) size.,
Albana Hoxha,"on Nov 8, 2024","Arrived well in advance, similar to the photo
.",
al***li,"on Mar 4, 2025",,
John Tanner,"on Jan 24, 2025","just purchased found it a great flashlight , awesome little light",
Gü***va,"on Jun 6, 2025","It's great, the light is also very strong.",
69***05,"on Jan 24, 2025",excellent item,
64***84,"on Oct 1, 2024",Nice bright light,
to***lt,"on Jan 3, 2025",Very happy,
si***l7,"on Oct 3, 2024",Perfect,
Gary Nicholas,"on Feb 5, 2025","Brilliant torch, very bright with the addition of being rechargeable.",
ch***12,"on Jan 15, 2025",Very handy size torch for the car and very bright,
Mark Lamb,"on Jan 26, 2025","exactly as described, fast delivery thank you.",
Tahir Zaman,"on Nov 29, 2024","Very good quality recommended , very pleased with it",
Janet James,"on Jan 25, 2025","very pleased with it, excellent thanks, value for money",
an***ws,"on Mar 5, 2025",Very light and easy to charge - brightness is good with zoom,
Dejan Vignjevic,"on Aug 7, 2024",,
Vilma Fuentes,"on Apr 30, 2025",,
81***43,"on Jan 22, 2025",very pleased with it,
abdul ahad,"on Jan 10, 2026",good,
83***23,"on May 2, 2025",Excellent product - going order a few more as gifts,
Ian Tomlinson,"on Nov 16, 2024",Great item. Very useful,
Toluwalase Tomiwa Alpha,"on Apr 3, 2025","quality good for the price, item is same as described",
Terry Barry,"on Dec 31, 2024",value for money spot light best I have ever used.,
AniaS,"on Jul 16, 2025","Very nice device that doesn't require batteries. It needs a micro USB connector for charging, but the cable is included in the set.",
Antonio Vargas vargas,"on Apr 8, 2025","Everything arrived perfectly. However, I'm still waiting for the tablet that was supposed to be a gift. I've placed three orders, spending about 120 in total.",
Sé***nd,"on Dec 21, 2024","I expected it to be more powerful, but for the price it already provides very good illumination and much more than a simple flashlight.",
sebilo samuel,"on Sep 15, 2025",,
noel obrien,"on Jan 22, 2025","bought this item and really happy with it ,also arrived much quicker than expected 😄",
Kosova,"on Jan 3, 2025",very useful and good flashlight,
ro***02,"on Jan 13, 2025",It works correctly.,
Lo***45,"on Oct 24, 2024",Thanks for my free gift!,
vi***by,"on Jun 2, 2025",Very bright light. The rechargeable aspect is good.,
Freda Sharp,"on Apr 10, 2025",Really good torch works well and very bright,
78***99,"on Sep 27, 2024",Was light weight and good value,
em***22,"on Apr 2, 2025",Perfect. Thank you very much.,
VICTOR SIMON,"on Feb 6, 2025",Excellent. I love this item,
Ngqabutho Nkolomi,"on Nov 10, 2024",easy to use n adjustable,
ir***ra,"on Sep 24, 2024",works well thank you.,
Indra Biciene,"on Aug 25, 2025","Very convenient when you go out with the dog in the evening, I recommend it for those who need a bright light.",
austyn styne,"on Jul 22, 2025","bright and very convenient to Handle. however, the sliding should be a little more firm.",
36***07,"on Jun 23, 2025",Very useful rechargeable flashlight. I'm satisfied and recommend the purchase.,
fr***ca,"on Jun 10, 2025",A versatile flashlight. It can be useful in many situations. An excellent purchase.,
53***09,"on May 18, 2025","The flashlight arrived in good condition, thank you. You can call without hesitation if you have any questions.",
ra***47,"on May 15, 2025","This item is very good, a powerful little torch for the home or the car.",
50***44,"on May 15, 2025","Nice product, I like it. The lighting is good, but I'm not sure how long the charge will last.",
de***ne,"on Apr 26, 2025","So far, the lamp is charging well and working properly, and it remains up to date over time.",
le***a3,"on Apr 17, 2025",It's very good; you can carry it in the car since it's small but very useful.,
st***ss,"on Apr 11, 2025","It arrived with damaged packaging, but it works well. The battery was charged.",
Ismail Kahraman,"on Feb 26, 2025","I'm glad I bought the super flashlight; it has been useful to me. The packaging is good, thank you.",
m**e,"on Feb 21, 2025","I haven't used it yet. I'll update once I do. If it works, it looks very high quality.",
to***tt,"on Feb 10, 2025",Torch received in secure package and is made from sturdy plastic and lightweight. Very bright:-),
di***ez,"on Feb 2, 2025",So good that I'm going to order more to put in the cars.,
Yvonne Marthoud,"on Feb 1, 2025",Great flashlight that provides good illumination and is compact. I highly recommend it.,
raul reis,"on Jan 30, 2025",I really liked the flashlight; it's very good.,
74***93,"on Jan 29, 2025","It has 3 light settings including a strobe, and a USB port for charging.",
Oğuz Sandal,"on Jan 3, 2025","The amount of light is very satisfactory, it is a very successful product that is worth its price.",
Sasko,"on Dec 26, 2024","I'm satisfied with the product, it's good value for money, very nice, I like it.",
Bülent KÖROĞLU,"on Dec 7, 2024","The shipping is very fast. The products are working great and without any issues.
Thank goodness for Temu",
lo***el,"on Nov 21, 2024","to leave in the car
just in case???
powerful lighting
good visibility",
Guille Tereso,"on Nov 15, 2024","It is very practical and comfortable to carry in the bag, it has good brightness.",
Na***nk,"on Nov 11, 2024","nice and small and you can charge it which is also handy.
good beam of white light.",
Francesco Cesarano,"on Nov 10, 2024",excellent with a very strong ray of light has a distance of kilometers raga,
Jo***r,"on Nov 8, 2024","So far, it's working quite well according to the description, it lights up quite well, I'm curious how long it will last",
na***ue,"on Nov 6, 2024",For the size it has it is fine and for that price you can't ask for more,
Haydn Morgan's,"on Nov 4, 2024",is what it says brilliant bright and handy for the glove compartment in the car.,
be***63,"on Nov 1, 2024",This is always easy to see better in the dark and open something,
Is***92,"on Oct 30, 2024","The parcel arrived, everything is intact, it works. Thanks to the seller, the store, the delivery.",
Antonio Mancilla,"on Oct 12, 2024","It works well and gives good light, I took it for the car and it does its job.",
lu***69,"on Oct 8, 2024","it is very good, it works as the video says, they put excellent lighting",
lo***ga,"on Sep 30, 2024","Bright, if you need to get in the distance, it shines very far away, very dovolnaya",
fl***75,"on Sep 25, 2024","good product but I expected a better product, still nice light",
ch***na,"on Sep 23, 2024",Amazing lighting: you can see quite a bit in places with poor visibility,
dr***on,"on Sep 19, 2024","It shines for about one hour on a charge.
It works very well and it's lightweight.",
la***zz,"on Aug 31, 2024",Very well. Perfect in a pocket for going for a walk in the evening. Light,
na**k3,"on Mar 3, 2025",Very good,
Grant,"on Dec 19, 2024",Nice and bright...it does as it says,
mi***ce,"on Feb 3, 2025","awesome little light, light and easily haqndled, great distance viweing",
mn**ir,"on Jan 26, 2025","very pleased with it, exactly as described, awesome little light",
De***Oz,"on Jan 25, 2025","awesome little light, very pleased with it, exactly as described♥️👍",
l*s,"on Dec 22, 2024","awesome little light, awesome little light, very pleased with it",
Frank Coelho,"on Oct 28, 2024","awesome little light, awesome little light, very pleased with it",
ma***50,"on Sep 26, 2024","awesome little light, very pleased with it, handy pointer, ideal",
jo***in,"on Sep 23, 2024","awesome little light, very pleased with it, excellent, works, super",
he***44,"on Mar 20, 2025","Works ok,but thought it would be a bit bigger than it was. Not expecting a gigantic light,but one larger in the hand.",
Lello Dalessandro,"on Mar 13, 2025",excellent,
35***90,"on Jan 9, 2025",Thank you very much Temu,
or***67,"on Sep 22, 2024","Extra thing,strong lamp,super length of light casting
It's plastic, but the price and quality are the same.",
jm***en,"on Feb 4, 2025","For the price, it works well. It also charges via USB, and the aperture can be adjusted for more or less light.",
Tomas Lapėnas,"on Dec 4, 2024","The flashlight is very light, made of plastic, I wouldn't say it's extremely bright, but it does light up quite well.",
ew***ta,"on Nov 16, 2024","nice flashlight, USB charging capability, it does not give such a ray of light as in the photo, for home use only",
heinrich,"on Oct 22, 2025",quite handy lil torch. quality feels cheap but it does the trick. brightness is nothing like shown in pics...not as bright. but when zoomed in it does make a difference. I'm happy with item for the price I paid. If u need a cheap torch...this is it guyz.,
Ju***68,"on Jan 4, 2025","very pleased with it , value for money.",
Filipe Alberto Vinhas,"on Sep 24, 2024","Reasonable product, within expectations.",
kaay marshall,"on Jan 30, 2025","good, bright light",
Colin Ansermoz,"on Nov 29, 2024",bright and light.,
Cucu Marian,"on May 27, 2025",Perfect,
Ibrahim Ali Aliyu,"on Dec 25, 2024",As described,
Ap,"on May 2, 2025","It doesn't shine as brightly as I expected, but it works very well and for the price, it's great.",
Plesca Alin,"on Oct 1, 2024",,
ma***uy,"on Dec 31, 2024",Very practical nickel,
Kenneth Brown,"on Nov 28, 2024",Does the job I required it for. Good Quality.,
mi***56,"on Oct 25, 2024",I love my products it's of a good quality,
br***an,"on Feb 15, 2025",outstanding ... excellent value for money. handy little torch,
di***21,"on Mar 26, 2025","Great little torch, really bright and good value for money",
Sezai Çaptuğ,"on Feb 16, 2025",,
Tafweez Hussain,"on May 22, 2025",Very good in this price,
მარი შოთი,"on May 13, 2025",,
ce***a1,"on Jan 24, 2026",,
Ojojohnson Funmilola,"on Mar 30, 2025","handy pointer, ideal, awesome little light, very pleased with it, exactly as described",
denis trojan,"on Jan 12, 2025",really good. I was surprised that for the money I paid. very right,
ke***en,"on Nov 22, 2024","Great item, ideal to leave in the car. Easy to re-charge at anytime.",
Jo***an,"on Nov 19, 2024","very pleased with it, exactly as described, robust and gives a great light",
Roger,"on Nov 6, 2024","like this torch , pocket size and nice and bright,usb charging really good!",
mi***bo,"on Nov 4, 2024","Great handy little light, very pleased with it, exactly as described
works really well::",
da***67,"on Oct 23, 2024",very pleased with it. I particularly like how the beam can be focussed.,
St***nd,"on Dec 28, 2024",I was very pleased with the ease of ordering and the speed of delivery and the quality of all the products,
ch***rd,"on Jan 22, 2025",very good nice and bright,
ve***23,"on Nov 22, 2024",very strong.thanks,
Aquila Essilfie-Turkson,"on Sep 5, 2025",Very useful during emergencies,
Br***eb,"on Jan 6, 2025",Good product,
pa***65,"on Jan 28, 2025",Very pleased with this. It’s very bright,
Antonio Gonzalez Rigaut,"on May 17, 2025","The flashlight works perfectly, although I haven't used it at night yet. The charger works as well.",
Sonia,"on May 11, 2025","It's a good flashlight, although I expected it to be brighter as shown in the photo. For the price, it's quite acceptable.",
Thanos Trag,"on Mar 6, 2025","Very good, it does what it promises, and it arrived quickly. It's small in size (fits everywhere) and quite light.",
Ba***IÇ,"on Feb 28, 2025","For the price, it's very good. There's no need to worry about recharging the battery. I wouldn't say the lighting is exceptional, but it's very useful for camping and in the car.",
Doğan,"on Jan 21, 2025",The battery consists of an 800mah 18650 cell. The light is nice. I replaced the battery right away. Don't expect something of very high quality.,
dj***ic,"on Dec 6, 2024","It appears to be made of quality plastic, it illuminates well, and the width of the light beam can be adjusted.",
Dayami Galvez,"on Apr 30, 2025",It illuminates very well,
Ja***in,"on Mar 25, 2025",very pleased with it,
Inga Zvejniece,"on Oct 18, 2024",quite bright👌,
os***gs,"on Aug 26, 2025","very good item. though delivered late, but it's worth the price and the wait.",
da***67,"on Jul 28, 2025",handy to have in case of power cuts i keep one i every room,
ha***er,"on Jul 4, 2025",We already have several flashlights of this type. Incredible for the price!,
my***50,"on Jun 3, 2025","Easy to use. Very good lighting, easy to charge, just perfect",
el**on,"on May 17, 2025","It works wonderfully, provides good light, and is small enough to fit in your pocket. It's ideal for carrying around.",
Csilla Baranyiné Balogh,"on Apr 30, 2025","Nice product, just like in the pictures. It's smaller than I thought, but it works well.",
ga***by,"on Apr 22, 2025",Practical and small enough to slip into a handbag. The lighting is superb.,
Adebowale Etiko,"on Apr 20, 2025",how can I communicate whit the customer on temu I have a transaction issue,
Mario Mariusz Biernacki,"on Apr 9, 2025","It's plastic, but what can you expect for this price? The kids are happy with it.",
mu***52,"on Apr 5, 2025",It's perfect. The blade cuts very well without snagging and is very smooth.,
christine Vaughan,"on Mar 29, 2025",this is a good torch exactly what I wanted just for my little house,
Mehmet Balci,"on Mar 29, 2025","I decided to put it in a corner, so I bought it there, and it provides nice lighting. I like it.",
Алымкан Кулашова,"on Mar 21, 2025","The flashlight is excellent, my grandson is thrilled with it. It's small, easy to hold, and lightweight.",
paqui ruiz galvez,"on Mar 8, 2025","It provides a lot of light, and I'm happy with the result. The price is excellent.",
di***98,"on Feb 22, 2025",Nice flashlight and it shines brightly. It's very lightweight. Can be charged via USB.,
th***te,"on Feb 19, 2025","Great for nighttime walks or for the car, fits in your pocket.",
hans lussenburg,"on Feb 15, 2025","It looks nice, but the quality isn't great. It does provide a lot of light.",
Pi***ki,"on Jan 30, 2025",The flashlight is well-made and comes with a lanyard. I highly recommend it.,
christian,"on Jan 24, 2025",Lightweight and powerful with its adjustable beam width.,
ga***65,"on Jan 22, 2025",It's good for its price. It also has a zoom function. The lighting is nice.,
Milena Lewandowska,"on Jan 20, 2025",The best flashlight I've ever had. It charges quickly and lasts a long time💪,
h.***ek,"on Jan 19, 2025","It works very well, and the ability to change the focus of the light beam is great.",
Andrew Sheward,"on Jan 17, 2025","Wow super little torch quite powerful, awesome little light usb rechargeable would order again.",
FrancyIuko,"on Jan 14, 2025","Really excellent. Very powerful light, I didn't expect it.
Highly recommended.",
Eros Assandri,"on Jan 13, 2025",I expected it to provide more light than what the photos suggest.,
du***le,"on Jan 13, 2025","Excellent product, it's really great. I highly recommend it.",
66***39,"on Jan 11, 2025","Great lighting, practical given its size, for putting in a handbag.",
Franck Rigobert,"on Jan 10, 2025","This little lamp is really great, providing amazing lighting considering its size.",
93***65,"on Jan 4, 2025",The Fanar USB charger is easy to use and has a long battery life. It's very convenient to use. It's a great product to have.,
LO***O2,"on Dec 30, 2024",I'm happy with the visibility when I walk my dog in the evening.,
daniela chiodi,"on Dec 28, 2024",Useful and easy to use. It's a small flashlight that's quite bright.,
Jacqueline Michonneau,"on Dec 24, 2024","This item is super practical with very powerful lighting, thank you.",
69***46,"on Nov 25, 2024",The product arrived at the agreed time and I am satisfied with the quality.,
Emre Yeşilöz,"on Nov 15, 2024",It's exactly what I saw in the picture. It's a tiny product and gives very strong light.,
Cagatay Özçelik,"on Nov 14, 2024","The product arrived as shown, it had a charge, the light is nice, and it's quite sufficient. FP",
Texno Texno,"on Nov 12, 2024","I liked it a lot, the brightness is great. I'll keep using it, then we'll see.",
св***ва,"on Nov 11, 2024","Very good, charges quickly, strong light, three different levels",
Gi***hi,"on Nov 9, 2024","product arrived on time, very good quality. All good. Thank you",
Vera Sirghi,"on Nov 7, 2024",Product conforms to specifications. Works fine. Thank you for your cooperation.,
Sergiu Sergiu,"on Nov 3, 2024",A good flashlight still works. In the evening I will see how it shines. Thank you,
la***00,"on Oct 29, 2024",Very surprised by this lamp which illuminates really very very well!,
Vincenzo Novello,"on Oct 24, 2024",Excellent compromise quality / price. It does its job👍 very well,
ph***on,"on Oct 10, 2024",Very interesting product by the output power and focal effect,
60***19,"on Sep 28, 2024","Super deal, fast delivery. The product works very well. Recommend.",
65***07,"on Sep 27, 2024","Great, its lights up super well and far, happy with my purchase 👍☺️",
леонид микитченко,"on Sep 27, 2024","It shines beautifully and has a stylish design, I think it will hold the charge for a long time!",
anas meksoub,"on Sep 25, 2024","Great flashlight with special options, thanks for this article",
je***91,"on Sep 17, 2024",Very easy to operate.Consistent with description.Great lighting,
to***07,"on Sep 3, 2024","Nice flashlight works great, finally a flashlight without batteries!",
pa***65,"on Jan 17, 2025",The torch is small and very bright it came quickly and is very good thank you,
zippy,"on Mar 11, 2025",surprisingly bright for a small torch,
Najmul Huda,"on Oct 16, 2025",good light but need to c type charging port.,
da***67,"on May 25, 2025","awesome little light, very pleased with it, wonderful product",
Ka***ew,"on Jan 26, 2025","awesome little light, very pleased with it, excellent thanks",
ad***44,"on Jan 17, 2025","awesome little light, very pleased with it, excellent thanks",
47***83,"on Jan 10, 2025","awesome little light, very pleased with it, excellent thanks",
74***15,"on Nov 23, 2024","awesome little light, very pleased with it, excellent thanks",
ch***34,"on Sep 22, 2024","very pleased with it lightweight , exactly as described",
John Lynch,"on Sep 11, 2024",very pleased with it nice light from the tourch,
Sher Lala,"on Nov 28, 2025",,
bs***53,"on Nov 3, 2024",excellent for price and very bright for size,
is***sm,"on Sep 24, 2024",Brilliant value..charges and very bright ..exceeded my expectations,
dj***16,"on Apr 22, 2025","handy pointer, ideal, quick delivery",
di***as,"on Feb 10, 2025","very good bright, quick delivery",
jo***e1,"on Feb 7, 2025","quick delivery, awesome little light",
er***rs,"on Dec 30, 2024",Brilliant item with fast delivery,
60***63,"on Oct 3, 2024","Fast delivery,goods as described.thank you",
kwolff,"on Jan 30, 2025",Excellent quality and illumination is perfect! 10/10.,
ju***r9,"on Nov 22, 2024",Very pleased with it! Great product !,
Clive Day,"on Jan 9, 2025","very pleased with it, value for money",
jubril adedapo,"on Jan 3, 2025","awesome
, exactly as described, value for money",
David Lewis,"on Dec 19, 2024","value for money, very pleased with it",
pi***du,"on Dec 16, 2024","very pleased with it, value for money",
77***89,"on Feb 1, 2025","perfect for purpose, soft and comfortable",
71***06,"on Jun 1, 2025",good worth the money,
aminath moosa,"on Mar 25, 2025",Good soft and comfortable,
ja***ck,"on May 2, 2025",easy to use,
Thilini Viweka,"on Mar 29, 2025",helpful,
Daniela Sandoval Maidana,"on Aug 5, 2024","Good value for money, the material looks very soft and comfortable, a little weak where it catches on the fingers but let's hope it stands the test of time and frequent use well",
Sniezana Galinkeviciute,"on Jan 26, 2026","Everything is great! They're very comfortable, soft, and pleasant to use. They're also very easy to clean. I recommend them! I ordered two pairs",
Ya***co,"on Dec 30, 2025","Very soft and pleasant to the touch, this insole doesn't interfere with wearing shoes. I recommend it",
Oksana Jacme,"on Aug 6, 2024","Very satisfied with the product. Tested on 10 km walking, no problem at all! Recommend to everyone who has issues of rubbing calluses.",
Elena Luck,"on Jan 14, 2026",,
lu***t2,"on Sep 10, 2024","Very satisfied, does not interfere at all on the foot, it is good to wear in shoes. I also sometimes sleep in them.",
Елена,"on Aug 28, 2025","They look very nice, and you can't feel them at all on your feet. It's a real pleasure to wear them. I don't know if they'll help with crooked toes, but otherwise, they're great! 👍😉",
Maribella Iv,"on Jul 2, 2024","I haven't worn it with shoes yet, but it fits perfectly on the foot! The problem of an ingrown toenail should not be harmless. Very soft silicone. Good padding between the fingers. Recommend!",
ma***to,"on May 21, 2025","As advertised. Practical, comfortable! I liked it and recommend it. Well-packaged as usual, no smell, and fast delivery.",
marcello maricosu (VeganSardo),"on May 24, 2025","they do the job. Good quality and very cheap price excellent service , good worth the money, perfect for purpose,, easy to use",
Ya***co,"on Dec 30, 2025",I recommend it,
70***57,"on Jun 18, 2025","As stated, it hasn't been measured yet.",
ma***nn,"on Sep 20, 2024",They are comfortable and they fit. Good product! Great quality toe separators.,
mel macholla,"on Sep 13, 2025",An excellent product ideal when Mann has problems with bunions or the large toe is tending in that direction comfortable to wear easy to clean highly recommend,
Carlos Cunha,"on Jan 5, 2026","As described, super fast delivery, well packaged, highly recommend the seller, would buy from them again and again",
ra***ot,"on Jun 27, 2024","They are made of very soft silicone, I have already tried them and it is very comfortable for the toes, 2 units arrive.",
na***er,"on Aug 20, 2025",I bought Gel toe cushions because I have foot problems. These toe cushions are very soft and comfortable. Thank you so much Temu.com.,
Al***vá,"on Jun 24, 2025",The silicone rings between the toes are soft and don't cause any discomfort when worn. I'm satisfied.,
Mi**la,"on Nov 4, 2025","They are really very soft. I previously bought some from a medical supply store, and the silicone there was denser, which I liked better. Overall, these are of good quality and, most importantly, they are odorless.",
Марина Нобель,"on Jan 30, 2026",,
Ай***ва,"on Jan 24, 2026","These separators are comfortable and very soft, but if you have a large toe bone and your toe is severely bent inward, these separators won't help. It's better to buy ones with a wider divider. However, if your toe bone isn't too big, these soft shoe separators will work perfectly.",
wi***68,"on Dec 5, 2024",A very useful item for straightening the toes of the feet. I highly recommend the store and the seller 100%.,
co***as,"on Dec 28, 2025","Great item as described, very useful to have in hand, fast delivery and happy with the purchase, thank you!",
J Piggott,"on Mar 15, 2025","good worth the money, perfect for purpose, exactly like picture, soft and comfortable, easy to use",
sl***17,"on Dec 13, 2025","It's very soft and comfortable to wear, and it really helps. I recommend it",
50***62,"on Jan 16, 2025","Very nice stickers. These are not my first from Temu. However, this is the first time I've tried this type. Let's see if they work as well as the others.",
ok***f6,"on Oct 18, 2024","perfect for purpose,perfect for purpose,perfect for purpose,perfect for purpose,perfect for purpose,perfect for purpose,perfect for purpose,perfect for purpose,perfect for purpose,ideal, ideal, ideal, ideal, ideal, ideal, exactly like picture, exactly like picture, exactly like picture, exactly like picture, exactly like picture, exactly like picture, soft and comfortable, soft and comfortable, soft and comfortable, soft and comfortable, soft and comfortable, soft and comfortable, soft and comfortable, soft and comfortable, soft and comfortable, soft and comfortable, soft and comfortable, soft and comfortable, soft and comfortable, soft and comfortable, soft and comfortable, soft and comfortable, soft and comfortable, soft and comfortable, soft and comfortable, better than previous, better than previous, better than previous, better than previous, better than previous, better than previous, better than previous, better than previous, better than previous, better than previous, better than previous, better than previous, better than previous, better than previous, better than previous, better than previous, easy to use, easy to use, easy to use, easy to use, easy to use, easy to use, easy to use, easy to use, easy to use, easy to use, easy to use, easy to use, easy to use, easy to use, easy to use, top, top, top, top, top, top, top, Excellent, Excellent, Excellent, Excellent, Excellent",
bo***me,"on Aug 23, 2024",Very soft. It is easy to put on and does not cause discomfort. It separates the fingers and also produces an effect when walking. I'll try to use it.,
60***22,"on Oct 27, 2025","I don't know how to use them, they feel soft on the fingers. I left them on for a day and night, believe it or not, they really made my breasts look fuller. It separates the fingers, which is really good.",
jn***lv,"on Oct 13, 2024",I use this for more than a year and I am absolutely loving it. It helps a lot reduce my pain and keeps the toes from getting deformed. So the process of deformation is currently cut off.,
Ruth Ashton,"on Jun 16, 2025",These are definitely the best design. There was a new one that came out with a pointed centre which weren’t great. These are very good.,
Galina_***,"on Nov 18, 2025",Very comfortable and soft. They don't bother me when worn all the time. I'm satisfied.,
Barbara Gilicka,"on Feb 24, 2025","Helpful, I wear them during the day and at night, and there is a difference. My toes no longer overlap like they did before.",
Ch***Ch,"on May 13, 2024",They are soft and comfortable!! Also the perfect color,
Oleksandr Kovalchuk,"on Jun 20, 2024","Fast delivery, quality goods. I recommend the seller and the store.",
50***62,"on Jan 16, 2025","Very nice stickers. These are not my first from Temu. However, this is the first time I've tried this type. Let's see if they work as well as the others.",
ok***f6,"on Oct 18, 2024","perfect for purpose,perfect for purpose,perfect for purpose,perfect for purpose,perfect for purpose,perfect for purpose,perfect for purpose,perfect for purpose,perfect for purpose,ideal, ideal, ideal, ideal, ideal, ideal, exactly like picture, exactly like picture, exactly like picture, exactly like picture, exactly like picture, exactly like picture, soft and comfortable, soft and comfortable, soft and comfortable, soft and comfortable, soft and comfortable, soft and comfortable, soft and comfortable, soft and comfortable, soft and comfortable, soft and comfortable, soft and comfortable, soft and comfortable, soft and comfortable, soft and comfortable, soft and comfortable, soft and comfortable, soft and comfortable, soft and comfortable, soft and comfortable, better than previous, better than previous, better than previous, better than previous, better than previous, better than previous, better than previous, better than previous, better than previous, better than previous, better than previous, better than previous, better than previous, better than previous, better than previous, better than previous, easy to use, easy to use, easy to use, easy to use, easy to use, easy to use, easy to use, easy to use, easy to use, easy to use, easy to use, easy to use, easy to use, easy to use, easy to use, top, top, top, top, top, top, top, Excellent, Excellent, Excellent, Excellent, Excellent",
bo***me,"on Aug 23, 2024",Very soft. It is easy to put on and does not cause discomfort. It separates the fingers and also produces an effect when walking. I'll try to use it.,
60***22,"on Oct 27, 2025","I don't know how to use them, they feel soft on the fingers. I left them on for a day and night, believe it or not, they really made my breasts look fuller. It separates the fingers, which is really good.",
Galina_***,"on Nov 18, 2025",Very comfortable and soft. They don't bother me when worn all the time. I'm satisfied.,
Barbara Gilicka,"on Feb 24, 2025","Helpful, I wear them during the day and at night, and there is a difference. My toes no longer overlap like they did before.",
Ch***Ch,"on May 13, 2024",They are soft and comfortable!! Also the perfect color,
Oleksandr Kovalchuk,"on Jun 20, 2024","Fast delivery, quality goods. I recommend the seller and the store.",
67***73,"on Jun 25, 2025","I bought these for my grandfather, and he really likes them! He says they are soft, comfortable, and help his feet. They fit well and don’t fall off. Good quality and reusable!",
OŠ,"on May 19, 2025","Fast delivery, great, I'm satisfied",
mo***er,"on Oct 11, 2025",Very comfortable. They serve their purpose well. I bought them for a gift and the recipient is delighted with them.,
livia ghita,"on Nov 3, 2025","They are easy to wear, and the silicone is of good quality",
Danusia Kovalskaya,"on May 6, 2025",Very soft silicone. I hope it helps with my bunions.,
Olena Kovalenko,"on Feb 26, 2025","They were supposed to be white, but I received two pairs of the same color. I haven't tried them yet, so I don't know what the result will be. I've used similar ones before, but they were firmer and denser.",
Ta***in,"on Oct 19, 2025",It's soft and comfortable to wear. Fits well even if you wear them in your shoes.,
Elizabeth Johnson,"on Aug 26, 2025",Very comfortable. I've been wearing this all day and have not noticed it at all.,
Štefi Pištike Lovászová,"on Mar 27, 2025",I use it preventively; it's a great product.,
te***24,"on Nov 1, 2024","exactly like picture, soft and comfortable, perfect for purpose,, easy to use, Thank you!",
la***es,"on Nov 23, 2025",The fabric is quite soft.,
pamela mendham,"on Jan 14, 2025",Exactly like the picture and super value for money. The whole process of ordering to arrival of product was very efficient.,
60***84,"on Jan 23, 2025",The soft separators fit perfectly and the best part is that they are so comfortable that you can't even feel them. I put them on and they fit great.,
Maria Jesus Castanares,"on Nov 15, 2024",Well needed it and great a bit cumbersome,
ma***bs,"on Aug 22, 2025","Great pieces, personally I would have made the spacer part a bit thicker.",
L*q,"on Jul 19, 2024",Super soft does its job,
di***e5,"on Oct 26, 2024","These are a soft, pliable material and very comfortable. I've worn them with different shoes without any problem. A good buy!",
Ronit Ilves,"on Nov 19, 2025","The best variant that I ever got, you can walk with them 24/7, they doesn’t hurt at all, you hardly feel them. Very soft and cosy.",
Емеля,"on Jun 5, 2025",,
wa***-a,"on Apr 2, 2025",exactly like picture. will see if it works when I have shoes on. I hope so.,
la***es,"on Nov 23, 2025",The fabric is quite soft.,
60***84,"on Jan 23, 2025",The soft separators fit perfectly and the best part is that they are so comfortable that you can't even feel them. I put them on and they fit great.,
Maria Jesus Castanares,"on Nov 15, 2024",Well needed it and great a bit cumbersome,
ma***bs,"on Aug 22, 2025","Great pieces, personally I would have made the spacer part a bit thicker.",
L*q,"on Jul 19, 2024",Super soft does its job,
Емеля,"on Jun 5, 2025",,
wa***-a,"on Apr 2, 2025",exactly like picture. will see if it works when I have shoes on. I hope so.,
Chris,"on Jun 8, 2024","exactly like picture, fast delivery",
li***-4,"on Aug 20, 2024","exactly like picture, perfect for purpose,, soft and comfortable. . put them on , easy to use, walked for 90mins and no problems",
Lena Medeiros,"on Nov 9, 2025","I have my doubts that it will solve the problem, it's very soft and doesn't provide any pressure. But it's still worth it! Thank you.",
sv***79,"on Dec 6, 2025",Okay,
Mercy Itohan Imafidon,"on Feb 16, 2025",soft and comfortable,
br***ta,"on Mar 22, 2025","Very nice, they are not stiff, soft and made of delicate silicone.",
sc***it,"on Nov 21, 2025",I hope it's applicable and really good.,
Людмила Буляк,"on Dec 16, 2025",,
Ir***66,"on Jul 6, 2024","Yes I had my doubts about this, but needn’t have worried. It is great. It does what it supposed to do and comfortable to wear.",
lu***ne,"on Jul 16, 2024","Items consistent with the description, it remains to be tried in the long term, for a definitive result.
Very soft and pleasant product.
Thanks to the seller.",
62***68,"on Nov 7, 2024",Ok,
el***31,"on Jan 21, 2026","I've ordered many different types of toe separators before because I have bunions on my feet. These are among the best! They're comfortable, soft, don't get in the way in shoes, and you barely feel them. They stay securely in place on your toes. Most importantly, they do their job really well. I recommend them!",
62***35,"on Dec 30, 2025","I just put them on, and they feel super comfortable. They don't bother me at all in these sneakers. I'll see how they hold up after walking all day and will update my review then. For now, they're pretty good 👍",
95***22,"on Dec 30, 2025","Very soft and comfortable. They are indispensable for those with toe problems. They don't interfere with walking in shoes. I recommend them. You should buy several pairs as replacements, as they can tear. Thank you, I'm very happy with them.",
Marta Bastos,"on Dec 21, 2025","Perfect for the middle fingers. It prevents the fingers from getting tired or sore, even when they're spread apart. The elastic doesn't tighten too much; it's just right and very comfortable. I don't even feel like I'm wearing it. Wonderful purchase! I recommend it. Happy holidays!",
Roxana Kasper,"on Dec 19, 2025","Very soft and perfect for its intended purpose. Of course, you can feel the soft silicone a bit, but it keeps the toes separated. I'm happy with it.",
70***61,"on Dec 18, 2025","Excellent quality, can be worn not only at home but also with shoes. I bought them for my sister, and she loves them. She wears them everywhere, even sleeps in them. Thanks to the manufacturer, the seller, and Temu!",
Na***va,"on Dec 18, 2025","I'm satisfied very much! did not expect that they would be so comfortable and soft! I do not take them off day and night! Even wash feet with them.
Had a lot of such things but these are the best!",
Djamila Sennia,"on Dec 5, 2025","I want a refund for the amount you deducted, which is 25 euros and 75 cents. I don't want the second order. Could you please send me the perfume for 18 euros? Thank you for the gifts",
Bénédicte,"on Dec 1, 2025","Hi there! I haven't tried them on yet... I'll let you know later. They seem comfortable to wear, apparently, thanks to the soft material they're made of. I'm giving them 5 stars; I think they'll be useful.",
Aneliq Petrova,"on Nov 20, 2025","These soft gel separators are really very comfortable. I wear them all day and don't feel any discomfort at all. They are so comfortable, and I feel great with them. I highly recommend them; you won't regret it.",
69***18,"on Nov 14, 2025","I had a problem between my toes for a long time, always using a bandage, but after wearing these, there are no issues. They are so soft that you don't even feel there's anything on your foot. I'm very happy.",
Lori Mila,"on Nov 9, 2025","Comfortable and very soft. Suitable for the purpose, but should be used with slippers or very wide shoes, as it can be uncomfortable with regular shoes.",
68***69,"on Oct 8, 2025","I recommend these very comfortable insoles to anyone with foot problems. I don't feel them at all, they don't rub or cause any discomfort while walking. I'm very happy with the purchase and will order more. They last for a month with daily use.",
an***ul,"on Sep 29, 2025","Honestly, I haven't tried them yet, but I can say that they look exactly like the ones in the picture. I bought them for protection and to ensure comfort for my toes in my shoes, for a foot that has hallux valgus, until I have surgery.",
mi***72,"on Aug 29, 2025","I've bought this product several times already. It's silicone for separating the toes, and it works great with socks or stockings. I find it more comfortable to wear, even when I'm just at home.",
ma***va,"on Aug 7, 2025","I buy it for my mom every time I remember. She's very happy with it. She wears it all the time, even sleeps with it on, using the fasteners. I never would have believed that if her fingers aren't crossed, her knees don't hurt. It's a great invention at a great price. Thanks, Temu!",
63***80,"on Jul 22, 2025","Well, the toe separation is because I have very small feet, so they are a bit loose on me, but that's okay, it's not a problem. Thank you very much.",
xh***hi,"on Jul 19, 2025","Silicone finger sleeves have a special importance for those in their third age, as they inevitably need these soft finger covers to make walking as comfortable as possible in nature. I recommend you try them.",
ty***om,"on Jul 9, 2025","This separator is perfect and, unlike others tried previously, it doesn't irritate the toes, and you almost forget you're wearing it.",
gu***el,"on May 28, 2025","Great product. Since I wear the first toe spacer daily, I quickly ordered another one. It feels good and helps to keep the toes properly spaced. It's a small item and the price is reasonable, making it comfortable to wear, especially at night. Highly recommended!",
Max Meling,"on Apr 27, 2025",Absolutely thrilled with this product! It exceeded my expectations and is worth every penny. The quality is excellent and it works flawlessly. I would definitely recommend it to anyone.,
Alexandra Lel,"on Apr 17, 2025",It's great for separating the fingers. The silicone is very comfortable. I'm absolutely delighted with the products I buy on Temu. They always arrive on time. Thank you so much to the delivery person!,
ma***on,"on Mar 28, 2025","good worth the money, perfect for purpose,, exactly like pictureSet upToo muchI don't want themI don'tGet rid of itIs it any betterSo we will get that in the futureIf we ever have a coughYeahRecommendYeah, exactly like picture, exactly like picture",
ma***06,"on Mar 17, 2025","I find them very comfortable. I'm not sure if they really serve the purpose they are intended for, but this is certainly the second pair I've bought, and I really like not having any tightness at the toe of the shoe. That's all I know about them. The material is also very comfortable and durable.",
va***ar,"on Mar 14, 2025","Hello, I have received the order, thank you very much. Everything is in order and of good quality. Thank you to the manufacturer and seller for the delivery.",
va***32,"on Feb 9, 2025","Excellent finger separators, I've used other types before, but these are the best. I don't even feel them, they don't interfere, on the contrary, they make the sensation more comfortable.",
Ch***ez,"on Jan 31, 2025",A great solution for when toes overlap due to bunions! It can be used with any type of footwear. Even at night in bed.,
Mar Casasús,"on Jan 22, 2025","I recently purchased a product from Temo, and I must say that my experience has been extremely satisfactory. From the get-go, the platform gave me a smooth and enjoyable shopping experience. The navigation of the website was intuitive, allowing me to explore various options with detailed descriptions and high-quality photographs that accurately reflected the product I was looking for.
The checkout process was simple and quick, with multiple payment options that fit my needs perfectly. In addition, I received constant updates on the status of my order, which gave me peace of mind and confidence throughout the shipping process.
When the package arrived, I was pleasantly surprised by the presentation. You could tell that they had taken special care in the packaging, making sure that the product arrived in perfect condition. When I opened it, I found that it met and even exceeded my expectations. The materials are of excellent quality, with an impeccable appearance and details that show great attention on the part of the manufacturer. The durability and functionality of the product are remarkable, and it has certainly exceeded my expectations.
Another aspect that I highlight is customer service. I had a few inquiries before making my purchase, and the care I received was prompt, friendly, and accurate. They provided me with all the information I needed to feel confident in my choice, demonstrating a high level of professionalism and commitment to customer satisfaction.
In short, my experience with Temo has been exceptional in every aspect. From the ease of purchase to the quality of the product and the after-sales service, everything has been flawless. I will certainly shop on this platform again and recommend it to friends and family who are looking for quality products with reliable service.",
7*7,"on Jan 20, 2025","Based on a few days of testing, it can be said that it serves its purpose and is comfortable to wear with socks and shoes. It seems durable. I powder my toes before putting it on, which I think is recommended.",
67***42,"on Jan 17, 2025","Thank you very much for the purchased item; it is of good quality, just as shown in the photo. I'll start using it today and will write a more detailed review later. I plan to order other products as well. I wish the company prosperity and success.",
mb***lh,"on Jan 6, 2025","Comfortable, made of very soft and elastic material; They do not bother at all and can be used to sleep and spread the fingers apart after a lot of use.
But above all it is important to be able to wear them with any footwear throughout the day.
They keep the fingers apart, without the second finger being mounted on top of the big toe and causing a lot of pain or over time problems in the area of the nail that is pressed.
I knew this same design but with much more rigid material that only corrected a few millimeters after many months of use. It was indicated for use during rest and sleep hours. It was also not possible to put them on and walk without discomfort.
These gel separators allow their use with any type of last and footwear, they avoid ending the day with pain from fingers in enjambment and at the same time their continued use helps to correct the problem.
Easy maintenance: I recommend washing daily with water and mild neutral soap.
Dry carefully and replace it.",
ju***ld,"on Jan 3, 2025","These are soft and comfortable as I have toes that I can't open using muscles alone, so I thought I would give these a try and I am glad to recommend.",
Ма***ва,"on Dec 8, 2024","I was suffering from a callus between my toes. But now with this purchase, I don't feel any pain, I'm just amazed, you have everything for every occasion. I'm very grateful.",
Bellissimadonna Bob,"on Nov 27, 2024","Everything arrived in time of 12 days, it was first purchase with 90% discount, so the quality I do not look at. made in China. all the steps of the package wrote to me on email. ring the intercom. I'm glad thank you very much!",
corinne hamelin,"on Nov 11, 2024","This little separator is great, it's incredible, I don't feel it and I no longer have the problems of friction between the toes that used to cause me a lot of irritation, I recommend it, it's a miracle for me, I've been suffering for years, thank you again for the package that arrived well in advance. Courteously CH",
br***ev,"on Nov 8, 2024","The toe spreaders are very good, my husband is satisfied, they don't bother him while walking and seem to help. And they are inexpensive, Temu is great, it's good that you exist",
December May,"on Oct 29, 2024","I received this product, tried it on, it's better than walking without this device. In another parcel, I am waiting for another gadget, for physical training hallux valgus. This is a big problem for many women. All goods arrived on time, well packaged. Many thanks to Temu.",
ch***eh,"on Oct 23, 2024","I bought these toe separators to aliviate the pressure on my grown-in big toe nail. It really helps when walking long distances, as it reduces the pressure between the big toe and the next. The separator is soft and comfortable, even wearing it all day.",
31***27,"on Oct 7, 2024","When I opened the order, I realized that I didn't get the soft gel to separate my fingers
I am extremely satisfied with the rest of the products. Have a nice and prosperous day.",
Karolyne 28,"on Oct 4, 2024","Essential for all those who suffer from Hallux valgus! Soft, flexible, easy to put on divider and allowing it to be worn even with these shoes 🥿 👟 👞 I recommend! 😊
I love it",
ju***52,"on Sep 25, 2024","This is a great thing. The thumb began to deviate, and it was unsettling. This cute thing is very soft, pleasant to the touch, does not press, does not interfere even in shoes. I wear it day and night, with and without shoes.",
zi***kc,"on Sep 1, 2024","The dream. Hyper practical and does not hinder walking at all. Protection also for the thumb bone which, over the years, deforms. I'm thrilled so comfortable to wear. I recommend. Thank you",
Kerstin Kare,"on Sep 1, 2024","Surprisingly comfortable and easy to wear. It does make your toes hurt a bit after a while, at least when your big toes are pointing inwards, but that's the point I guess - to forcibly direct your toes the right way. I usually have them on while sleeping, they don't slide off easily.",
Isabel Mora Ruso,"on Aug 19, 2024",Very happy. Due to bunions the toes tend to go to one side and when I put on the separator you can hardly notice the deviation when I wear sandals. Goodbye to my community,
pi***et,"on Aug 6, 2024","Hello, delighted with the product, soft to the touch, it molds very well to the toes, in three days that I have been walking with them, it already shows. But it depends on each foot. highly recommended, greetings.",
Элеонора Потапенко,"on Jul 24, 2024","I have already taken such silicone things, they are soft, comfortable to wear in them. Alignment of the fingers and reduction of the underwire help. Liked!!!",
Carmen Lizana,"on Jul 6, 2024","The dividers are the same as the photo. They are made of silicone, very soft and soft, super comfortable I wear them and I practically don't notice that I am wearing them. I totally recommend them, I also buy others to have them as a reserve. Great value for money.",
ra***er,"on Jul 5, 2024",All the items received in two different occasions and they are more beautiful than on photos .. thanks … requested more items an will continue to order in the future,
Ce***ui,"on Jul 4, 2024","Very pleasant material to the touch, I don't know if it will serve what we wanted from my son because he is very adaptable and soft but surely it serves me q I just need to separate the finger",
br***86,"on Jul 2, 2024","Great product... Soft and light... I can hardly stand finger separators for many hours but this one is really convenient... I recommend it for those who, like me, suffer from the principle of valvugism",
mi***te,"on Nov 14, 2025",Great. Does the job. Silicone very soft so no feeling of discomfort.,
Ba***ka,"on Jan 4, 2026",These gel pads are helpful for bunions if one toe overlaps another. They are soft gel pads that don't get in the way when wearing shoes.,
Катрина,"on Dec 23, 2025","I bought these for my grandmother, and she was very happy with them. Everything fits perfectly, they are comfortable to wear, don't press on the fingers, and hold the toes in place well. Everything looks just like the picture. Thank you",
kn***as,"on Nov 30, 2025",These are possibly the best things I have bought. They work really well and are un-noticeable when being worn.I never knew just how effective something so simple could be.,
La***po,"on Aug 23, 2025","Very good! I bought it for myself, but ended up giving it to someone else who has the same or greater sensitivity as I do. Highly recommended!",
mi***72,"on Aug 22, 2025","These silicone foot pads are great, they are comfortable and make the sore foot feel much more relaxed. I have bought them several times.",
m.***26,"on Jan 17, 2025","Great product! I tried it with a product I've been using for over 2 years, and it's not even comparable. It works great even on shoes. Bravo!",
na***an,"on Sep 27, 2024","Useful and well usable, price performance is right and even very good. I haven't used the item yet, but e.g. I'Zt. bin satisfied",
Наталья,"on Jun 15, 2024","The dividers are super. The quality is excellent. Silicone is very soft. It is comfortable to walk when walking. I hope that with the help of these dividers, my problem will go away.",
ju***od,"on May 24, 2024","Absolutely brilliant. Cant believe such a small thing can be so good. I have tried so many different things , but never as comfortable as this. well done Temu.",
alika alika,"on Jul 18, 2024",,
78***79,"on Mar 13, 2025","These are great, so comfy even in my dance shoes. Highly recommend",
su***am,"on Oct 11, 2025",Fab ! Really comfortable and separate my big toe and second toe well...so big toe is flat.. Great you can wear sandals!! ❤️❤️❤️❤️,
ai**la,"on Nov 19, 2025",These toe separators are really comfortable to wear. You forget that you actually have them on. They are soft and really gentle between the toes.,
Vi***ma,"on May 26, 2025","excellent product, very comfortable. I am wearing all day since yesterday when I received it. Happy buy.",
Miriam Osborne,"on Aug 1, 2025",So far so good very soft,
Dani All,"on Oct 1, 2025","Very nice, I used it because I ordered two and felt pain in my finger, meaning it helps with finger straightening.",
pr***e4,"on Jul 28, 2024","fit well, ideal, perfect for purpose,, soft and comfortable, easy to users , good worth the money",
je***ou,"on Sep 18, 2024",This is perfect for me . It's very soft so won't be any good if your big toe has totally overlapped the one next to it.......,
Инна Пшеничкина,"on Nov 27, 2025","Great! I really liked them. They're comfortable, can be worn with shoes, and are very soft. I've already ordered a couple more for my friend, and I've even received them already. I highly recommend them!",
am***52,"on Aug 5, 2024","Material that I order very often and that I recommend for those who have problems with overlapping fingers... Congratulations, I'm satisfied 👏👏👏",
72***08,"on Aug 24, 2024","good worth the money, perfect for purpose,, exactly like picture",
te***or,"on Nov 5, 2024","good worth the money, perfect for purpose,, soft and comfortable, exactly like picture, easy to use",
jo***ov,"on Nov 12, 2025","Excellent, you hardly feel them when wearing them. I RECOMMEND them.",
Татьяна Емельянова,"on Jan 17, 2026",Good quality. Comfortable to wear. My toes feel better now. I'll buy these again.,
as***.1,"on Dec 17, 2025",Goid for waring at night a bit flimsy if trying to warmest within a sock as pull on foit n plastic bunches . Good for sleeping in and right fit price.,
Maureen Carnall,"on May 1, 2025","easy to use , perfect for purpose, great price , soft and comfortable",
Радостина Зографова,"on May 30, 2025","Comfortable and soft, they can also be used with shoes.",
no***es,"on Oct 1, 2024",Very comfortable to wear and arrived in good time. Much stronger yet soft material - I'm happy with this purchase,
ch***lo,"on Dec 19, 2025","Great, it keeps the toes apart without being too tight. I wear it on my big toe and the next toe, always at night, and it doesn't bother me.",
lu***tq,"on Oct 24, 2025",Very happy with the purchase. But what satisfies me the most is the excellent customer service I have found on TEMU. THANK YOU!!!,
es***es,"on Jun 9, 2025","This is the second time I've bought them, they are very comfortable, I wear them with my shoes and they don't bother me at all, they fit the foot perfectly.",
Ny***lo,"on Mar 31, 2025","Comfortable because you hardly feel like you're wearing them, but I'm not sure if being so soft will really make a difference in the long run.",
Erika Kuhnert,"on Mar 22, 2025",The flip-flops are very good. The material is nice and soft. I like them and will order them again. I've had good results with them.,
Nata71ans,"on Mar 8, 2025","Exactly like in the photo. Separates the toes. Very flexible. I wear them at home every day. Satisfied. Thank you, Temu.",
Ma***eo,"on Feb 20, 2025",One must be patient in wearing them regularly. The product corresponds to the description. I hope to achieve the desired results.,
ve***jo,"on Nov 11, 2024",Hallux separators - correctors help me to prevent their deterioration. They do not press and are soft. An excellent medical aid.,
Катерина Коваленко,"on Aug 27, 2024","I received the parcel quickly. I wear it every day and sleep with a divider at night. It doesn't interfere, I feel comfortable. thanks.",
mc***57,"on Jul 28, 2024",It is very comfortable to wear and prevents your fingers from getting mounted. I'm using it for a few days and if it doesn't break soon I'll order it again,
ip***ar,"on Jul 20, 2024",I used to buy them on AliExpress but around here they are faster and the material seems better and when it comes to putting on the shoes they don't tighten,
Susana Estrada Maya,"on Jul 15, 2024","I've been using them with boots and sneakers for more than 12 hours, and I'm so happy. It's gentle with your feet and I barely feel it.",
steven anderson,"on Feb 7, 2025","perfect for purpose,, easy to use, exactly like picture, soft and comfortable, better than previous.",
619***093,"on Aug 23, 2025",I'm super happy,
Милана Лосік,"on Aug 6, 2024",,
Sandra Haley,"on Jul 26, 2024","Lovely
, better than previous, super, Great product
, Ok!",
14***ls,"on Jan 16, 2026","The silicone is very soft! I bought it as a gift, so I don't know yet how it will perform. I hope it will do what it's supposed to do.",
Neny Hernana,"on Dec 12, 2025","At first, it's a bit annoying. But then it perfectly separates your fingers so they don't get mixed up with each other.",
an***le,"on Dec 11, 2025","Well, it arrived this morning, and I put it on right away. So far, so good. I just hope it will help relieve my hallux valgus pain.",
Ro***co,"on Jun 23, 2025",Excellent product! It's really great!,
Jolana Kozarova,"on Jun 18, 2025","I'm very satisfied. It's soft, doesn't press on the feet, and finally stays on the toes even during longer walks. I work 12-hour shifts and it doesn't press on my feet, which is great. I recommend it.",
mo***30,"on May 25, 2025",I bought this product for my toes because I have a problem with them. I thank you for your service and I highly recommend it. Thank you.,
Sabina Contu,"on May 16, 2025","All the types of insoles are useful to me. They are very soft and comfortable, I don't even feel them, and they fit in any shoe or sandal. Thank you.",
Cris Korita,"on Apr 28, 2025","Perfect product, very useful just as described. I haven't tried them yet because they are for my husband, but they look good.",
gu***va,"on Apr 20, 2025","I've always wanted toe separators. I'm very happy with them; they're soft and don't cause any discomfort on my toes. Thank you. So, if you need them, go ahead and order them.",
p.***ng,"on Nov 13, 2024",This flip-flop is better than the blue one I had before. The silicone is a little wider. So don't cut in.,
Jocelyne Stéphan,"on Sep 22, 2024","Set of 2 toe separators, comfortable to wear. Slightly too big for my toes but they stay in place.",
ks**st,"on Sep 2, 2024",The product meets my expectations exactly. The order was easy and the delivery was made in the given time frame.,
34***98,"on Jul 9, 2024",Item arrived in very good condition. Perfect delivery. The separator is very soft and meets my expectations well,
Martha Assefa,"on Sep 27, 2024","soft and comfortable, exactly like picture, easy to use",
ja***th,"on Nov 9, 2025","I had been using a silicon separator that fitted in between my big toe and second toe.
This is so much better as the whole thing stays in one position.
I forget I’m wearing it.",
ku**yk,"on Jan 4, 2026","Fast delivery, matches the description, high quality.",
an***30,"on Oct 5, 2024","exactly like picture, soft and comfortable, good worth the money, perfect for purpose,, easy to use",
Олеся,"on May 18, 2025",Useful items! They work well. Easy to wash and dry. They are soft.,
ju***es,"on Sep 4, 2025",they are perfect for me They feel so soft and feel strange at first until you get used to them.o,
ve***va,"on Oct 8, 2024","Soft, comfortable. I constantly use them to relieve and treat the foot. do not cause discomfort",
we***ly,"on Nov 11, 2025",A bit too loose but the quality is good for this price!,
ore orebanjo,"on Dec 20, 2025","The journey to repairing my foot started when I got these.
Very comfortable and easy to wear, you don't even know they're there.",
al***24,"on Mar 31, 2025",They stay on the fingers well. Thank you for the product and the delivery.,
le***ho,"on Jan 5, 2026",It's very comfortable to use. My wife says her fingers feel very relaxed and she doesn't feel any discomfort when she wears them!,
cl***68,"on Nov 14, 2025","This is exactly what I needed, just like in the picture, and I don't feel it at all on my fingers, yet it works. I recommend it.",
95***83,"on Nov 8, 2025",Great shoe stretchers. Soft. Can be used in shoes or sneakers. I recommend them even for preventing the appearance of a corn.,
va***68,"on Sep 12, 2025","As shown in the photo, everything stays in place perfectly. They are very soft and comfortable; I can't even feel them in my shoes. Simply fantastic, I highly recommend them.",
co***re,"on Jun 19, 2025","Perfect for preventing the big toe from overlapping onto the adjacent toe. You can't feel it in the shoe, I recommend it.",
pa***ko,"on Jun 4, 2025","An indispensable tool for separating fingers. Very useful, well-made, and delivered quickly. I am very satisfied with the purchase.",
70***20,"on Oct 29, 2024",I ordered helium dividers very successfully!I wear them without taking them off!thank you to everyone who participated and is related to my parcel!! ❣️,
an***si,"on Aug 8, 2024","Arrived on time. Items in perfect condition of quality and as described, congruent as per the order made",
mi***16,"on Jun 19, 2024",They are wonderful... good material... as in the photo.. I'm already taking advantage of it so I'm happy... They are going very well.. Thank you,
ka***56,"on Jun 15, 2024",I am relieved to get these and a few other items for my feet from Temu. They will do the job well for my comfort.,
ma***82,"on Sep 12, 2025","Haven't tried them yet, but they seem to be comfortable.",
Сергей Страховчук,"on Apr 23, 2025",Delivered on time. No complaints. Thank you to the seller and suppliers.,
shirley kieran,"on May 24, 2025","good worth the money, perfect for purpose,, exactly like picture, easy to use",
ee***85,"on May 9, 2025","good worth the money, exactly like picture, soft and comfortable, easy to use",
ew***as,"on Jan 31, 2025","Great, soft, silicone insoles. A relief for my bunions.",
Sandra Lima,"on Dec 14, 2025","Perfect, very comfortable!",
67***86,"on Aug 24, 2024","Thank you for the product. Very comfortable, soft!",
97***53,"on Dec 11, 2025","These devices are quite well-made, made of silicone, and don't cause any discomfort.",
97***85,"on May 12, 2025","I liked them, they are soft and comfortable. Thank you.",
sv***76,"on Aug 13, 2025",,
ja***f4,"on Dec 30, 2024","As ordered.Fits the toe nicely and is very comfortable to wear, it does the job really well keeping the toes separated.",
Noémi Rózsa,"on Jan 9, 2026","It seems good, I haven't tried it yet. I'll write a review once I've used it.",
Jela,"on Nov 13, 2025","For a foot size of 39 or larger, or for a wide foot, they will be too small and soft. They only work if you wear two pairs at once. However, they are very comfortable and do not cause any discomfort even when worn in shoes.",
Alesja Hase,"on Jul 30, 2025","They really are very soft. I wear high heels, so I use these insoles at home. They don't cause any discomfort, and I can even sleep with them on. Thank you very much!",
Anna Aleksanyan,"on Feb 3, 2025","My mom complained for a long time that it was difficult for her to put on shoes, as her toes would stick together and cause pain. I bought this for her, and she is very happy that she has finally gotten rid of this problem and can wear boots comfortably.",
50***62,"on Jan 14, 2025","Too soft, but it separates the toes, making it comfortable to walk in at home.
I'll add that I've been wearing them almost non-stop for two weeks. My big toe has started to straighten and no longer overlaps the next one. I recommend them.",
li**ak,"on Dec 6, 2024",So they are soft. I think they are worth using to protect sore toes. I use them and they really work. They don't slip on the toes and protect well against the pressure of the shoe. I recommend buying them.,
Graça Santos,"on Jul 20, 2024","I received it, the items were all there, I was doubtful that everything was not inside because the order was torn, there was a hole, but everything was there. I was satisfied.",
ju***ta,"on Jul 29, 2024",Nice silicone divider,
Ната Магомедова,"on Apr 25, 2025",,
ma**ma,"on Dec 14, 2025",Great product. You can't even feel them in your shoes. They discreetly help create space between your toes. Very good!,
ce***na,"on Oct 23, 2025",I wear it all day and don't even notice it. It's really great. I used to have issues with fabric that would twist and press against my toes.,
0,"on Oct 20, 2025","Just what I was looking for, although it's a bit uncomfortable to wear for long periods of time due to the soft silicone material, and it does its job.",
Raton Kaolin,"on Apr 14, 2025",It works quite well and you can't even tell you're wearing it. I've already ordered several and they last a long time since they're washable.,
m.***al,"on Apr 9, 2025",It's great if you have bunions and your toes tend to overlap. The material it's made of makes it very comfortable to wear.,
mi***an,"on Feb 26, 2025","Soft gel toe caps. They don't slip off and protect against shoe pressure, improving the comfort of walking.",
ch***ik,"on Dec 19, 2024","As advertised.
I have found this device soft, and comfortable enough to wear with shoes. I’m looking forward to seeing how it reverses toe drift.",
ol**59,"on Dec 11, 2024","I have problems with the bones in my feet, so I hope these insoles will help me feel more comfortable!",
Vlad Kor,"on Aug 31, 2024",The finger dividers are very comfortable and very effective while wearing. The quality is good. I was satisfied with the purchase.,
63***48,"on Jul 11, 2024","My husband delighted, says that they are very practical and take away the pain, there is no friction between the fingers, I recommend it.",
ba***u1,"on Jun 20, 2024",Toes no longer rub against each other - toe separators are made of soft rubber-like material - are easy to use,
65***46,"on Oct 3, 2025","It meets all my expectations, I'm happy with the purchase.",
ra***16,"on Aug 7, 2024","Very good product to improve position of toes with bunions, desirable better fit to the toes but it seems they will go well.",
ba***ps,"on Jul 29, 2025",Very soft & comfortable to wear. Great value.,
Veronica Lowry,"on Oct 7, 2024",Lovely jumpa nice and soft.... But the sleeves are a little to long..,
My***29,"on Feb 14, 2025",Arrived 13.2.25. Looks right for the client I have. Picture as above. They look really soft and comfortable. Many thanks,
Елена Самунь,"on Dec 16, 2025","Everything is great, thank you. They are so soft and comfortable!",
jc***39,"on Jul 4, 2024",Very comfortable..Nice & supple..perfect fit.. like them,
Rosette Pijcke,"on Apr 27, 2025","exactly like picture, , soft and comfortable, I have to wait and see whether it does what it promises.",
Fr***ck,"on Aug 7, 2024","soft and comfortable, good worth the money, exactly like picture stops my big toe from rubbing stops the pain",
ma***su,"on Jul 9, 2024",To try. Well packaged products and arrived early.,
ca***ay,"on Sep 10, 2024",Super! Soft. I'll buy it in stock.,
le*ta,"on Mar 12, 2025","Soft and comfortable, thank you.",
mw*ll,"on Feb 5, 2025",Comfortable to wear all day. Stops toes rubbing together. Good value.,
de***61,"on Jun 11, 2025","Just like the images, it matches what was advertised.",
Karen Roberts,"on Oct 3, 2025","great fit using all the time, time will tell if it works.",
Ann Borzaya,"on Sep 2, 2025",just perfect! so soft that I really don't feel it. highly recommend!,
Ri***ze,"on Nov 21, 2025","Very helpful, and well-tolerated. I also wear them in my shoes, they don't cause any pressure, and my toes stay in good shape.",
61***11,"on Nov 2, 2025","I'm having a bit of trouble getting used to it, but the material is excellent, and I think it's just a matter of 2 or 3 days.",
en***go,"on Oct 26, 2025","Really useful. After a while, they deform, but they cost very little, so they can be easily replaced.",
Lorena,"on Sep 4, 2025","Exactly like the photo. They have a soft texture and are comfortable. For the price and their quality, they are highly recommended.",
93***85,"on May 18, 2025","I've been wearing it for 4 days almost non-stop, walking has become easier, there's no irritation, it doesn't interfere, and I forget I'm even wearing it. I like it.",
na***ip,"on Aug 8, 2024","I use it: soft, comfortable, it's a little too big for me, but it does its job - it spreads my toes a little.",
Ha***eo,"on Aug 5, 2024","Flip-flops work very well, soft material can be worn all day and serves its purpose.",
Kl***tz,"on Jun 27, 2024",The goods arrived in perfect and original packaging condition as quickly as possible and works excellently!,
Angie Brooks,"on Jun 15, 2024","better than previous, perfect for purpose,
Bought for a male friend who was struggling he's yet to get back to me how it is",
Natalia Stoyanova,"on Jul 14, 2025",Soft and comfortable.,
ta***yk,"on Jul 11, 2025",Everything is fine. It's great for preventive purposes.,
na***ap,"on Oct 8, 2025","I didn't order it for myself...I already have one, and it's excellent...I recommend it",
99***06,"on Mar 3, 2025","The gel separators are soft and comfortable, they fit well and are not noticeable on the fingers. I liked them.",
cs***66,"on Dec 8, 2025",Soft silicone fits easily and stays on. Comfortable for all day use. Great value,
va***a2,"on Jun 11, 2024","A very useful item, I've been wearing it daily for several months now.",
60***44,"on Aug 9, 2024",I WALK IN THEM ALL THE TIME I THINK THEY WILL HELP,
ka***45,"on Aug 31, 2025",So good that I bought another 2. Very very comfortable and made my shoes and toes much more comfortable.,
Александра Сак,"on Nov 11, 2025","Good product, it matches the description 100%",
Anastasia,"on Nov 7, 2025",Good. It's quite soft and doesn't bother the fingers much,
Karolina Betcher,"on Sep 18, 2025",Nice and soft,
70***87,"on Jul 2, 2024",O.K. Item as described. Very fast delivery.,
za***23,"on Jun 8, 2024","Comfortable, soft, I recommend.",
89***27,"on Oct 23, 2025","They fit well, and they look comfortable. (These shoes/these items) are comfortable to wear.",
Custodia Vilas,"on Jan 23, 2025",Great for keeping your toes straight,
an***un,"on Aug 17, 2025",It separates the toes quite well,
Zo***ka,"on Nov 3, 2025",As described,
Saitamaaa Sensei,"on Oct 24, 2025",does the job and the texture feels like skin i dont even feel when im wearing it so its perfect,
i4***rk,"on Dec 20, 2025","I work as a foot care specialist, so I'm happy to take advantage of your offer. Let's see what my client thinks.",
Katrin Jossa,"on Nov 24, 2025",They are perfect. Not too thick. They only need a slight adjustment. They don't slip down. I wear them day and night 👍,
Людмила Федоренко,"on Nov 4, 2025","I don't know what benefits they will bring, but I find them very comfortable. The fingers don't slip off each other. They are very soft. I recommend them.",
Jadwiga Trębacz,"on Oct 28, 2025","The shipment has arrived, I am very satisfied, everything is as described, I am currently testing everything in practice",
ju***61,"on Oct 7, 2025",Purchased for my husband as he has a few issues with his toes. He wears it at night and it is comfortable,
sa***ys,"on Jul 19, 2025","It's made of rubber, and it's good. I've tested it at home, and there were no issues. I'm going to test it again with my sneakers.",
ha***os,"on Jul 4, 2025","Great, I highly recommend them. They don't interfere with my shoes, and hopefully they will help me. They are soft, so I will use them daily and see how they perform.",
an***un,"on Aug 17, 2025",It separates the toes quite well,
Zo***ka,"on Nov 3, 2025",As described,
Ester besoli,"on Feb 20, 2025",They seem comfortable and separate my toes well. I need to try them on and take a walk to see if they fit well.,
am***an,"on Nov 7, 2024",This is the second one I've bought. They do their job very well and are comfortable. They fit well with the footwear.,
Zorana Kujundzic,"on Oct 27, 2024","Very good product, relaxes the problem areas, class pleasant on the skin and between the toes.",
Maria Neville,"on Oct 26, 2024","Very good option to straighten the toes, it is soft you can even wear it with shoes a little loose",
Ba**ju,"on Sep 5, 2024",Wear very well! Let's see if there is an improvement over time. But I'm very confident about that,
Lydie LÉONARD,"on Aug 2, 2024",Product to be used in maintains but with socks otherwise its glide and holds Product easy to use.,
V Gonnet,"on Jul 18, 2024","To see in time to judge the effectiveness but in sandals, I don't feel the separators at all.",
ba***65,"on Jul 5, 2024","I am also satisfied with this product. Works perfectly, value for money also ok.MfG Bärbel Obst",
bo***ka,"on Jun 20, 2024","I am very satisfied, I bought it and I wear it all the time, it improves the comfort of walking a lot, I ordered another one",
Marina Gajdošova,"on Nov 23, 2025","Great dividers, exactly what I was looking for, thank you",
ri***14,"on Jul 4, 2024","I got 2 neutral/pink color separators.
They are soft and easy to wear, they don't bother you.
I kept them all night and they didn't give me any problems.
I don't know if they can solve the problem of hallux valgus, but anyway removed I noticed that the finger was a bit detached from the other.",
Albert Bonnici,"on Sep 4, 2024","good worth the money, exactly like picture, easy to use",
Mi***ic,"on Jul 31, 2024","good quality silicone, comfortable, better than the product I paid 15x more for it",
he***14,"on Jun 19, 2024",after two days you can't say much yet. but I have a feeling that the soft thong sandals will do their job.,
re***09,"on Jan 20, 2026","I'm happy with it, EXACTLY AS IN THE PICTURES!",
ha***63,"on Nov 13, 2024","good worth the money, haven’t used yet",
Charisma-Jayne Stone,"on Aug 6, 2024",Really stretchy and comfortable to wear,
ju***61,"on Aug 9, 2024","Comfortable to wear. Didn’t expect it to do much but noticed a slight ache in my big toe at the end of the day. This meant it was doing something?
That ache promptly faded by the third use",
al***ek,"on Sep 21, 2024","I haven't used it yet, but I think it will be comfortable",
r*n,"on Sep 26, 2024","exactly like picture, soft and comfortable, good worth the money,
Delighted with the product and the delivery services.",
ri***14,"on Jul 4, 2024","I got 2 neutral/pink color separators.
They are soft and easy to wear, they don't bother you.
I kept them all night and they didn't give me any problems.
I don't know if they can solve the problem of hallux valgus, but anyway removed I noticed that the finger was a bit detached from the other.",
re***09,"on Jan 20, 2026","I'm happy with it, EXACTLY AS IN THE PICTURES!",
ha***63,"on Nov 13, 2024","good worth the money, haven’t used yet",
al***ek,"on Sep 21, 2024","I haven't used it yet, but I think it will be comfortable",
bo***n4,"on Oct 21, 2025","Soft and comfortable, we highly recommend them.",
jo***37,"on Mar 15, 2025",Comfortable to wear and good value for the price.,
Kristīne Daugule,"on Aug 3, 2024",perfect for purpose,
66***24,"on Jul 3, 2025","Soft gel insoles. They don't slip, you can walk in them without feeling any discomfort. I hope they will prove to be effective. I recommend them.",
96***15,"on May 11, 2025","I'm already using it. The silicone is very elastic and soft. It doesn't rub uncomfortably. The color is more pink than beige, but that's not a problem. Thank you, Temu",
Ilona Gietzel,"on Jul 16, 2024",Are very soft thong sandals. Easy to put on. They also fit great. Do not disturb. No foreign body feeling. Let's see if it works.,
Mary Ohalloran,"on Mar 15, 2025","perfect for purpose, would definitely order again very fast delivery.",
Ge***en,"on Aug 20, 2024",Looks funny....going to test 👍🏻 them out,
gi***rs,"on Sep 22, 2025","Great little item, ideal for those with toes that cramp up together - purchased for one of my clients.",
54***20,"on Jan 25, 2026","These separators are really helpful if you have bone spurs on your feet, but you need to use them constantly",
68***94,"on Dec 13, 2025","Perfect for avoiding surgery; you can wear them all day. The two toes are kept separated, which is great",
so***te,"on Dec 3, 2025","I haven't tried it out yet, but it's made of good material and is designed specifically for hiking boots. 👍",
56***84,"on Nov 3, 2025","Soft gel finger separators are comfortable, I liked them. There are many other options available, so everyone can find the ones that suit them best.",
ANA ALBERDI,"on Oct 26, 2025",FANTASTIC. I used to have some that were larger. These fit perfectly. I'm thrilled. I don't even feel like I'm wearing them.,
Та***ва,"on Sep 11, 2025","Super soft and very elastic. Very comfortable and you can't feel it on your foot, you can walk in it all day long.",
Helga Ruetten,"on Sep 4, 2025",It looks very nice and is comfortable to wear. It was worth it; you can't go wrong with this purchase.,
Ulli,"on Jul 30, 2025",Comfortable. Takes a little getting used to. I can even wear it in my shoes. I hope it serves its purpose.,
29***20,"on Jul 16, 2025","The material is soft and pleasant. I don't know how well they will work against valgus deformity, but they do keep the toes separated.",
AN***RD,"on Jun 27, 2025",These toe separators are very comfortable to wear... the silicone is great!😉..my feet say: Thank you!,
Marina D'Auriente,"on Nov 14, 2024",Very soft you almost don't realize you have them. Conforms to the description. Excellent value for money,
he***en,"on Oct 23, 2024","Just the same as I ordered from domestic companies, but then they cost a lot more. So affordable!!",
Al***os,"on Sep 10, 2024","Very soft, size as described! I bought them for my mother, and I think they are ideal for correction!",
Karen Webb,"on Jul 16, 2024",Easy to wear. Keeps toes spread properly (a great improvement on the bits of foam I used before I found these).,
74***90,"on Jun 26, 2024","Good gel straighteners for toes, good that they are soft enough and can be worn with shoes.",
ra***cu,"on Oct 5, 2025",Very soft silicone,
sn***11,"on Dec 10, 2025","I'm satisfied, this is the second time I've bought it",
Ольга Грибенко,"on Oct 24, 2025",Works as it should. It's quite soft.,
Oksana Pietrushka,"on Jun 22, 2024","The quality is good, for me a little too big, for thumbs it will fit!",
ro***ey,"on Jul 4, 2024","As A suffer find these too be perfect , better than previous bought all kinds in past , exactly like picture",
bc***p2,"on Mar 13, 2025","soft and comfortable, perfect for purpose,, exactly like picture",
p.***24,"on Jul 7, 2025","perfect for purpose,, good worth the money, , exactly like picture, soft and comfortable",
my***p3,"on Jan 18, 2025","Fit perfectly, as shown. Worth buying",
an***_s,"on Sep 2, 2024",As described,
de***s1,"on Sep 20, 2025","Excellent for separating my toes, my bunion was killing me but not now with using these. Perfect thanks",
a.***73,"on Dec 14, 2025",They are useful for separating the fingers and bringing them back to the correct position. They are soft and don't cause any discomfort.,
li***nu,"on Nov 29, 2025","The breast pads are effective, comfortable, and easy to wear from morning to evening. I highly recommend them.",
Luca Acerboni,"on Nov 7, 2025",Shopping this way is fun and I really enjoy it. Temù even beats Amazon by a mile 🤣,
Bä***er,"on Oct 19, 2025","They are easy to wear (even for the whole day), but whether they will actually be effective in the end, time will tell.",
Wa***ue,"on Aug 2, 2025","Good product, silicone separator, soft, durable, comfortable. We'll see over time if it delivers the desired results.",
Lubov,"on Jul 25, 2025",Fits well for wide feet. I recommend it. The separators are sturdy and wash well. I highly recommend it.,
Erika Sider,"on Jul 22, 2025",Very comfortable to wear. I will order some more with my next purchase. Highly recommended!,
Ольга,"on Jun 5, 2025","Great product, soft, flexible, and comfortable to wear in shoes. It makes walking easier. I recommend buying them.",
an***on,"on Apr 24, 2025","soft and comfortable, brilliant, perfect for purpose,It has made a huge difference to my walking. I’m telling everyone about it",
bi***na,"on Apr 23, 2025","I've bought these not only for myself but also for my mom several times, and I'm very satisfied. They last a long time, but they do change color, so I update them regularly.",
vi***se,"on Apr 16, 2025","Great, especially for joint pain and toes that tend to overlap",
jc***es,"on Mar 21, 2025","I started using this toe separator between my toes yesterday, and I have much less pain! Great!!!",
Ve***ge,"on Mar 18, 2025","It's a nice, soft material... I haven't tried it yet, but it seems to be as good as described.",
Muyassar Ahadovna,"on Mar 3, 2025",It's a really cool product. It doesn't squeeze the fingers and it really helps without having to take it off. I can already see how much better my nails have become.,
Kamisia,"on Jan 25, 2025",They serve their purpose. I can wear them every day. They don't slip in the shoe. This is exactly what I was looking for.,
st***re,"on Jan 10, 2025","To be seen over the long term, but comfortable, the material is very flexible and straightens the big toe very well.",
77***60,"on Dec 5, 2024","Pleasant gel cushions. For me, they are a bit too wide in circumference. They would suit a foot that is wider or fuller than average.",
Ca***es,"on Oct 7, 2024","Exactly as described, very soft and washable. I liked it, but I haven't tried riding with them yet.",
na***en,"on Oct 2, 2024","Received, late, but in perfect condition👍I think they should speed up the shipments. Thank you. Best regards",
so***va,"on Sep 26, 2024","I use it, for now I have high expectations.On my left leg I have a protruding knuckle, I hope it will help",
93***88,"on Jul 6, 2024",The soft nozzle helps with the problem of the toe. Comfortable even in socks in shoes. Recommend,
mw***dt,"on Jun 17, 2024","I am very satisfied. Barefoot, socky or in shoes, are almost unnoticed. But they really help",
ir***37,"on Nov 13, 2024",Super comfortable silicone ones.,
sh***35,"on Nov 16, 2024","perfect for purpose,, exactly like picture, easy to use, ideal",
Nicoletta Paggin,"on Dec 8, 2025","Excellent. They do their job, are very soft, and don't cause any discomfort",
Karen Bergelin,"on Aug 25, 2025",Good toe separates comfortable soft rubber good price pleased with item,
ba***42,"on Jan 31, 2025","soft and comfortable, easy to use, excellent",
glenis tonkin,"on Nov 27, 2025",These are so handy to have and soft to wear they help stop painful toes. Thanks,
si***99,"on Jun 28, 2024","Just as advertised, very comfy to wear, helpful in preventing big toe pressing against second one.",
a**a,"on Mar 1, 2025","Surprisingly, they stay in place (doing their job without causing any trouble), and at the end of the day, they perform very well.",
Herbert,"on Jun 26, 2024","I wear them day and night, I don't feel any pressure. And hope to be able to see an improvement sometime later",
Tsenka Foteva,"on Aug 11, 2025",They are very soft and do a great job.,
jo***40,"on Mar 17, 2025","good worth the money, exactly like picture, exactly like picture, soft and comfortable",
Carl Curtis,"on Oct 18, 2024","good worth the money, perfect for purpose,, exactly like picture, soft and comfortable",
an***in,"on Sep 10, 2024","perfect for purpose,, soft and comfortable, good worth the money, exactly like picture",
77***99,"on Aug 6, 2024","perfect for purpose,, soft and comfortable, good worth the money, exactly like picture",
Ma**na,"on Nov 27, 2025","I haven't used this type of accessory before, but it turned out to be really good. The silicone adheres well to the skin, doesn't chafe, and there's no uncomfortable feeling between the toes. I wear them for several hours a day, both in slippers and in shoes. It's equally comfortable.",
Татьяна Демирская,"on Jan 27, 2026","The material is very soft and easy to apply, but I didn't notice any effect. I didn't continue using them and switched to a patch instead. In my opinion, the patch is more effective.",
Victoria Vidal,"on Sep 15, 2025","Everything was perfect except for the two toe separators, which were not included in the package, but the charge was made for them. Well, that might have been an oversight. Other than that, everything was perfect, and I'm happy.",
Ines Schädlich,"on Oct 3, 2024","A great alternative to try this out. The material feels wonderfully soft. I wear this when I get home until bedtime. The big toe is gently pressed into the original growth habit. Deduct one point, because after 3 days I have the feeling that the material stretches a bit and thus the gap between the big and middle toe shrinks over time",
ag***er,"on Oct 1, 2024","It's nice to have those toes spread in the house.
Wear them as soon as I get home from work because they don't fit in my regular shoes.
So that's all right.",
Dorotea Quadracci,"on Sep 27, 2024","Very soft and comfortable even worn under shoes. The distancing effect is felt, perhaps it would be even more effective in a higher version.",
Michel Henri,"on Sep 24, 2024","I have already put on my feet, the concealer is very easy to apply and remains pragmatic. It is after a year that I will be able to testify to its effectiveness",
ul***02,"on Jan 25, 2025",Has described fast delivery to buy with confidence,
je***27,"on Jun 26, 2025","soft and comfortable,, perfect for purpose,, good worth the money
all of the above and happy with them",
69***31,"on Dec 12, 2025",It's exactly what I wanted! It's very light and wide in the front because I have a prominent nose bridge. I'm very happy with it!,
Taghred Zakzouk,"on Nov 16, 2025","I bought it for my husband, who often goes hiking in the mountains on weekends, and he is satisfied with it",
Любовь,"on Oct 26, 2025","I really liked them, they are soft and don't squeeze the feet. By the evening, you can already feel the shape of your toes. Superb.",
Ana María Guillamón Juanico,"on Aug 15, 2025","It's great, and now with the sandals, it can be worn without any issues of it being visible or falling off.",
62***53,"on Aug 14, 2025","With this, I'll be able to correct my foot shape. You can't feel it in the shoes. Perfect.",
Maria Giuliana Mosti,"on Aug 3, 2025","Soft, I find them useful for their intended purpose. I've already used them and continue to use them.",
gl***ya,"on Jun 2, 2025","Silicone pads for wearing with shoes, which separate the toes. A more professional and orthopedic product is needed for this purpose.",
a***r,"on May 13, 2025",Excellent! It fits the toes very well and provides extra comfort! ⭐️⭐️⭐️⭐️⭐️,
61***65,"on May 3, 2025","Very satisfied with my purchase. It's efficient, and you can't feel it in the shoe. I recommend it.",
woleinic,"on Mar 30, 2025","Very comfortable! They are soft, so you can easily wear them all day. They are perfect for my crooked toes!",
Ya***na,"on Mar 12, 2025","Very comfortable, my mom wears them with her shoes as slippers and doesn't even feel them, an excellent purchase.",
Римма Мифтахутдинова,"on Feb 27, 2025",I wear it at night. It helps to put the tooth back in place. The material is soft and doesn't cause discomfort. Thank you!,
ma***es,"on Feb 27, 2025",Good product. It fits the fingers very well. Easy to put on and adaptable. Very useful. Thank you.,
Sara Natuzzi,"on Feb 24, 2025",I wear it every day. It's very soft and doesn't cause any discomfort. A great help. I will buy it again.,
77***41,"on Jan 11, 2025","The quality is good, it's soft to wear with no discomfort, and it was well packaged and delivered. I recommend it.",
ty***ny,"on Dec 31, 2024",They fit perfectly. They feel a little strange to wear. I'm not sure if they'll be effective. I have no idea.,
Josefina Smr,"on Nov 12, 2024","Very comfortable, it doesn't interfere with the shoes and keeps the toes separated, preventing them from rubbing together.",
lo***er,"on Oct 12, 2024",Thank you! They are quite soft. They are good because they can be worn with shoes. And even at work.,
ar***ri,"on Oct 8, 2024","This finger separator is really effective, soft, you don't notice you're wearing it, thank you",
maría jesús díaz-flores mora,"on Sep 15, 2024",I do very well for the toes that are mounting on top of each other.,
Amparo Diaz Alvarez,"on Sep 6, 2024","Well, the truth is that it looks good, it moves less than the other one I bought, it's more comfortable",
pepi nacher,"on Aug 22, 2024","Incredible, but I wear them all day and I don't notice them, it has been lucky to find them. Thank you.",
an***li,"on Aug 3, 2024","Space well, without tightening or bothering at the meeting point between two phalanges of the finger.",
Галина Сергейчик,"on Jul 21, 2024","Good things, soft, I tried to wear them well, I recommend who has a bone growing on the foot.",
ma***nn,"on Jul 8, 2024","Exactly what I was looking for. Very comfortable to wear, even in the shoe when running. Doesn't bother.",
ma***38,"on Jul 4, 2024","Beautiful soft gel material, does not pinch and is inconspicuous when worn. I am very satisfied. 👍⚘️",
73***70,"on May 25, 2024","Gentle ones do their job, they are comfortable to walk in shoes and bring health benefits",
Mm***68,"on Jul 13, 2024",thanks very much liked the 🙂 recommend,
va***01,"on Nov 27, 2024","perfect for purpose,, easy to use, exactly like picture",
pe***el,"on Nov 26, 2024","easy to use, exactly like picture, soft and comfortable",
ka***_h,"on Nov 16, 2024","perfect for purpose,, easy to use, exactly like picture",
Agnieszka Monika Burnos,"on Sep 6, 2024",Everything is fine.,
Светлана Берневек,"on Jun 3, 2025",,
Sue Ohagan Frood,"on Jul 11, 2025",These feel really soft stop toes rubbing together comfortable if on your feet all day,
93***49,"on Jul 3, 2024","Good quality, highly recommend",
Та***ва,"on Oct 24, 2025","Good, soft. I didn't buy them for myself, but I was told they are good. They are quite wide, suitable for thick fingers. They have no smell.",
ni***ka,"on May 16, 2025",They are awesome. 👍,
Люба Бурлачук,"on Nov 27, 2025",,
Ethan Marcy Trance,"on Nov 12, 2025","Excellent product, everything is fine, thank you.",
nelson gil,"on Dec 30, 2025",,
Alexandra sebők,"on Jan 20, 2026",It looks exactly like the picture,
Krisztina Szabó,"on Jul 2, 2024",has very super 🤩🤩🤩 good material,
Christine Prince,"on Jul 18, 2024","exactly like picture, and very sturdy",
50***26,"on Jul 25, 2024",very useful. Recommend,
fr***fr,"on Jun 26, 2024",So far I'm happy with the product,
md***22,"on Jul 24, 2025","Very soft and comfortable , and does just what I needed.",
Ci***li,"on Sep 7, 2025","These toe separators are really good, much better than the one I got from the podiatrist.",
Enikő-Boglárka Veress,"on Jan 6, 2026","I bought these for an elderly person, and they actually use them. They've proven to be very useful.",
az***va,"on Dec 23, 2025",These dividers are very comfortable; my feet really don't get tired throughout the day. I highly recommend them!,
sa***ni,"on Dec 16, 2025","Very flexible toe separator, easy to put on, and comfortable. It's effective and doesn't hurt",
Natalia Fiodorova,"on Dec 8, 2025","They look and feel good, very pleasant. We'll see how they hold up in use, hopefully they'll be comfortable to wear 👍",
B.***n5,"on Nov 28, 2025","Wear them at night. They are very comfortable to wear and barely noticeable, made of very soft silicone",
mi**o1,"on Nov 23, 2025","These dividers are very comfortable and soft, and they relieve pain. I even wear them with my street shoes.",
ximena Toro Ward,"on Nov 21, 2025",Great! They fit perfectly and are comfortable to wear. I highly recommend them!,
Ek***n4,"on Nov 17, 2025",Excellent toe protection. Can be worn for a long time without feeling uncomfortable. Only positive feedback.,
qe***13,"on Nov 10, 2025","The red warm-toned dress is beautiful, it fits nicely, but I should have ordered one size smaller. I am satisfied.",
jo***14,"on Nov 8, 2025",This toe separator is perfect for me; it fits perfectly and is very comfortable. It doesn't bother me at all.,
68***76,"on Sep 27, 2025","I put it on at home, and when I walk, my feet get less tired. The redness has gone away. I really liked the product.",
be***ak,"on Aug 6, 2025","Comfortable, they don't interfere with sleep, and they don't fall off. You just need to use them regularly. They helped a lot!",
98***12,"on Jun 13, 2025","Very soft, comfortable, and don't get in the way. I recommend buying them. Thank you very much for the separate pieces.",
sc***la,"on May 20, 2025","For Haluk, the silicone parts are great! They fit well and are comfortable to wear overnight.",
Ев***юк,"on Feb 21, 2025","Thank you! It arrived. I received it. It came intact and undamaged. Thank you. The rubber is soft, not stiff.",
fa***rs,"on Jan 23, 2025","Wow, I highly recommend it! I've never found anything this good for my feet before.",
73***49,"on Nov 18, 2024","Very comfortable and I feel an improvement in the moustache area.
I recommend it for those who have moustaches.",
jm***ar,"on Nov 5, 2024",I like it. They fit me well. Now I have to keep using them to see their potential. thank you,
ne***va,"on Oct 19, 2024",Very soft and pleasant separator. Very comfortable. Can be worn with wide-fit shoes,
jo**fa,"on Oct 2, 2024","Very good product, rubber material very soft and well fitted to the fingers.",
Vl***ic,"on Oct 2, 2024",The finger separator is of good quality and I am very happy with the purchase of this product.,
sa***di,"on Sep 17, 2024",Very useful for dilating fingers that sometimes overlap. I recommend the purchase.,
88***34,"on Sep 12, 2024",Very soft and comfortable.I wear them all day and they are not felt.In the evening I wash them with soap.I am satisfied,
en**ek,"on Jul 28, 2024","Jumpers for finger adjustment, very soft, elastic, as in the photo! Recommend!",
ma***56,"on Jul 17, 2024","Satisfied, but I can't say that it will work... very soft, good to sleep with...",
sl***65,"on Jul 10, 2024",The product corresponds to the description and photo.gel.nice and soft.not perceptible on the foot.thank you!,
Татьяна Фальковская,"on Nov 28, 2024","I like this product, it's comfortable and doesn't interfere with walking. The package was delivered surprisingly quickly. Thank you.",
es***a1,"on Aug 6, 2024","Hello
The shipment came quickly. Everything is carefully packed.
I recommend TEMU to everyone
Jerzy from Polish",
Nodirabegim Kasimova,"on Dec 13, 2025","Excellent, no words needed... 👏",
ja**va,"on Jul 15, 2024",Corresponds to the description and pictures.,
Patricia Laffan,"on Dec 19, 2025",gel for toes lovely feel off them.,
ya***59,"on Aug 22, 2025",It matches the description,
ja***ey,"on Jan 19, 2025","soft and comfortable, good worth the money, easy to use",
an***65,"on Oct 25, 2024","good worth the money, soft and comfortable, easy to use",
j**n,"on Aug 24, 2024","soft and comfortable, easy to use, good worth the money",
si***tu,"on Jun 30, 2024",They sound very light and soft.,
Ma***49,"on Aug 17, 2024","Soft and comfortable. Let's hope they, better than previously. I only noticed when the came that I had had these before. They ping off!",
ki***19,"on Jun 29, 2024",fits well must see if it works,
na***uk,"on Sep 26, 2025",,
74***67,"on Nov 22, 2025","They are good, I liked them",
Lana Taran,"on Feb 14, 2025",Very soft distributors. Can't be worn under socks. Best for summer wear.,
go***04,"on Feb 25, 2025",Consistent with the description,
no***49,"on May 28, 2025",Clever little item comfortable to wear all day takes the pressure of the bunion,
EVA TURNEROVÁ,"on Dec 16, 2025",It fits nicely,
li***od,"on Oct 21, 2024","soft and comfortable, exactly like picture",
Sue Foxon,"on Sep 11, 2024","soft and comfortable, exactly like picture",
pa***ch,"on Aug 6, 2024","soft and comfortable, exactly like picture",
Temu User_3496d,"on Jun 13, 2024","soft and comfortable, exactly like picture",
patricia nagel,"on Mar 1, 2025","I thought the material was too soft, but it actually works well. It doesn't cause any discomfort in the shoes and it separates the toes effectively.",
77***50,"on Jun 22, 2025",High-quality product,
jo***cz,"on Nov 25, 2025",Everything is as described,
75***77,"on Dec 13, 2024","good worth the money, , soft and comfortable",
Ly***ey,"on Dec 9, 2025",Very useful and really helps.,
87***57,"on Aug 27, 2025",nice and soft - highly recommend,
32***18,"on Nov 7, 2025","I solved my problem; the big toe no longer touches the other toe, so I avoid nail inflammations.",
di***ge,"on Jun 4, 2025","Bought these gel toe separators for a friend.
Nice and soft and work well for her.",
me***ll,"on Feb 27, 2025",Deliverd ahead of time and my wife is very pleased with the toe staightener .,
yelitza Lamas,"on Jan 28, 2026",Excellent product! The shoes stay closed securely when you put them on. And the material is wonderful.,
Sara Ilardo,"on Jan 10, 2026",Comfortable to wear and helps prevent bunions. I even wear it with shoes.,
Ната Могильная,"on Jan 5, 2026","They're very comfortable to wear, I don't take them off. It's still hard to say what the effect is, but I've been wearing them for a week now.",
77***26,"on Jan 5, 2026","These separators are great... They're soft, light-colored, and keep the fingers in place nicely. Thank you! I recommend them.",
ha***ir,"on Dec 24, 2025","It's easy to wear and helps, but it needs to be worn for a longer period to see results.",
Ro***ir,"on Dec 13, 2025",Effective for people who suffer from calluses. I'm glad I discovered them.,
Grażyna Kwiatkowska,"on Nov 13, 2025",I recommend these gel dividers for fingers that overlap. They are great!,
de**on,"on Nov 5, 2025","It is comfortable to wear both day and night. For hygienic reasons, I have ordered more.",
de***ik,"on Oct 13, 2025","These are great for my toes, I have atheritis in my toes, and hopefully, these will help.",
al***as,"on Sep 16, 2025",if you have problems with your toes this is the most wonderful soft gel toes to use,
77***29,"on Sep 8, 2025","In principle, they sell almost the same ones in orthopedic shops. It serves its purpose.",
ma***va,"on Jul 20, 2025","My mom really likes the dividers, and the price is very reasonable, so I'll keep ordering them.",
Katya Lukova,"on Jun 24, 2025","work very ,very good, soft , dont feel that is there , , soft and comfortable, recommended",
Jose gilberto Carrillo,"on Jun 1, 2025",The items I purchased arrived with very little delay and are of good quality.,
Ev**07,"on Jun 1, 2025","Comfortable, soft, you get used to them quickly, they don't interfere, and they straighten out the big toes. Thank you, Temu!",
64***25,"on May 15, 2025",I love it and it has relieved my pain. I no longer have any problems with my toes.,
ma***62,"on Apr 17, 2025",This product is also comfortable and can be worn even with shoes. Thank you very much!,
te***as,"on Apr 11, 2025","They look very nice and are soft, although I haven't tried them because they are meant as a gift.",
70***75,"on Apr 4, 2025","Soft, comfortable, and don't squeeze the fingers. I recommend them! Thank you for the fast delivery.",
mu***rc,"on Mar 21, 2025","Really very good, it doesn't bother at all in the shoes and does the job well.",
Giuseppe Celestino,"on Feb 26, 2025","Arrived quickly in just a few days, used for 2 days already, they are light, invisible, and comfortable.",
Irena Palik,"on Jan 13, 2025","Soft, comfortable. I wear them with my house slippers when walking around, and I don't feel any discomfort.",
em***al,"on Aug 21, 2024","The person who uses it tells me that it is very good for correcting bunions, good product",
cl***ra,"on Aug 9, 2024","They are made of rubber, which may look like plastic, but I found them useful and comfortable",
Юля Руденченко,"on Jul 27, 2024","They are very soft, pleasant to the touch. They do not interfere with walking, they fulfill their purpose.",
Markus Kaiser,"on Jun 30, 2024","Used it for the first time today, works great.
I can only recommend top",
ma***er,"on Jun 7, 2024","Super goods, fast shipping, all 5 stars, ⭐️ Highly recommended, gladly again 🤗👍",
LU CI FER,"on Jul 13, 2025",perfect and very good quality,
Ma***me,"on Aug 24, 2024","exactly like picture, easy to use, ideal",
sn***11,"on Nov 30, 2025",,
an***06,"on Sep 21, 2024","As described, I recommend",
bo***as,"on Nov 13, 2024",good worth the money. Good price.,
Elena Cepulyte,"on Aug 9, 2025","My mum is very happy, its very soft and adapt to the toes.",
ko***na,"on Nov 10, 2025",They are okay..I recommend them.,
Agnieszka Sobocińska,"on Feb 22, 2025",Everything is fine,
Ni***th,"on May 22, 2025","soft and comfortable, easy to use, perfect for purpose,",
Joan DeLandro-Reid,"on Jan 15, 2025","soft and comfortable, easy to use, they are ok",
ll***00,"on Aug 15, 2024",Same as those of the pharmacy.,
ma***eb,"on Mar 25, 2025",Looks good,
68***12,"on Sep 23, 2024",,
pa***n2,"on Feb 21, 2025","good worth the money, exactly like picture, better than previous",
ia***46,"on Nov 21, 2024","good worth the money, exactly like picture, soft and comfortable",
Jb***10,"on Jul 24, 2024","exactly like picture, soft and comfortable, soft and comfortable, exactly like picture",
C. Moro,"on Jul 25, 2024","As I have already tried them, I know that they work well for me and fulfill their mission",
Catherine Provignon,"on Feb 25, 2025","Hello, let's say I bought it to see how effective it is, and I'll check later to see if it holds up.",
dilyara,"on Feb 23, 2025","I wear the gel separators even when I'm not at home, and everything is fine. When worn with shoes, I don't even notice them.",
gerti francis (guggi),"on Feb 2, 2025","I've had it on my toes all day today, and it doesn't bother me at all. It serves its purpose very well.",
Ra***ja,"on Jan 17, 2026",,
70***39,"on Nov 26, 2025","I don't know if it will help, but I'll hope for the best.",
Yv***na,"on May 1, 2025",Perfect fit I'm ordering more.,
Maria Alejandra Tiraboschi,"on Dec 26, 2025",The color is a bit lighter than expected. I recommend choosing a darker shade than the one you have in mind,
68***12,"on Nov 25, 2025","It arrived very quickly, but I haven't tried it yet. It looks like it will be very effective.",
anna maria la ferla,"on Nov 20, 2025","Very practical; if the problem isn't serious, they do their job well. I'm satisfied",
ch***21,"on Sep 30, 2025",Bought these for my hammer toe using this makes my toes feel better when wearing shoes,
fr***ti,"on Aug 23, 2025",Most of the items I ordered were not useful to me. The delivery times were excellent.,
70***82,"on Aug 21, 2025",Really soft. I wore them comfortably at home. I'm not sure about how they'll be outside. Thanks to everyone.,
Co***le,"on Aug 11, 2025",I've already ordered it and I recommend it 100%. It works very well for hallux valgus.,
Ella ella ella,"on Aug 3, 2025","It works very well for me. With this separator, I no longer have one finger under the other.",
Juliana Duarte,"on Jul 27, 2025",Practical and easy-to-use gel separators. Relief from pain associated with the big toe (hallux).,
al***ey,"on Jul 22, 2025",perfect to wear all the time. I sleep in them and even swim in the pool,
te***63,"on May 30, 2025","They fit great and are very comfortable, very soft, you don't even notice you're wearing them on your feet.",
Va***ib,"on May 7, 2025",As shown in the photo. I recommend it! Excellent quality. Delivered quickly. Thank you to the seller.,
gi***a4,"on Apr 27, 2025",The gel insoles are soft and comfortable to wear even with shoes on. They don't cause any pressure from the shoes.,
55***99,"on Apr 14, 2025",I liked the gel insoles; they are soft and can even be worn in shoes.,
Ha**na,"on Mar 13, 2025",The separators are soft and comfortable. The insole between the toes should be a bit firmer.,
74***66,"on Feb 8, 2025",They are soft and comfortable. They can be worn all day. The foot feels comfortable in them.,
za***ek,"on Jan 19, 2025","It's a nice item, comfortable and improves walking comfort - we'll see how it holds up in terms of durability.",
Marcelin Łuczak,"on Jan 15, 2025","It's very comfortable to wear.
Excellent material.
It doesn't bother me in shoes.",
ulya log,"on Jan 10, 2025",I am satisfied with the product; it allows me to wear winter shoes and walk without any issues.,
98***60,"on Nov 19, 2024","The package arrived after three weeks. It includes two pieces, soft and pleasant to the touch.",
Christophe Haest,"on Nov 16, 2024","For a first use, easy to put on, immediate relief.",
50***54,"on Sep 18, 2024","I've had surgery for bunions, so this set is very helpful to me. Recommend.",
Angeles Garcia Fernandez,"on Sep 5, 2024","They are very soft and comfortable, as a separator, for bunions I don't think it works.",
Svetlana Cherkashina,"on Aug 9, 2024",Very comfortable and soft. They do not interfere with shoes at all. I liked the product,
el***37,"on Jul 27, 2024","They go very well, I have other similar and bought also here and they go very well.",
da***ka,"on Jul 24, 2024","Well suited for finger correction. Color after
It blames the camouflage of the defect.",
Jocelyne Pelosini,"on Jul 22, 2024","Very practical, they are very useful to my husband who suffers from hallux valgus.",
Maria Gonzalez,"on Jul 17, 2024","I like these dividers. Just like in the picture Thank you Temu, fast delivery",
ko***xy,"on Jul 12, 2024",I ordered it for the second time already very good product. Soft and comfortable to wear. Worth!,
pa***ko,"on Jul 10, 2024","Everything is in the best order, S shipment came expressly. Recommend",
go***ys,"on Jul 9, 2024","Toe separators well received, and will be perfect for closed shoes.",
te***en,"on Jun 22, 2024","I've already tried this, too, but it works.
I like evenings after showering.",
Dolores Cruces Romo,"on Jun 20, 2024",It is a very comfortable concealer you can wear it with any footwear NP annoying,
le***12,"on Nov 19, 2025",These are good for the task they are meant to be used for. The do last a while but do deteriorate afte a few washes.,
Gu***rg,"on Nov 16, 2024",The material is very comfortable. The toe separators are still in the testing phase and cannot be fully evaluated yet.,
po***50,"on Aug 29, 2025",Really surprised how effective these are! A good buy,
Gary Hull,"on Dec 23, 2024","exactly like picture, easy to use",
po***uk,"on Oct 5, 2024","exactly like picture, easy to use",
Noreen Baker,"on Sep 23, 2024","easy to use, exactly like picture",
mo*sn,"on Sep 9, 2024","exactly like picture, easy to use",
ju***es,"on Dec 5, 2025","Good product.
Picture fully represents what we receive.
Fits perfectly
Recommended",
sa***ed,"on Aug 1, 2024","soft and comfortable, Great product, perfect for purpose,",
ae***hi,"on Aug 13, 2024",very satisfied 👌⭐️,
Ramil Gay,"on Jan 12, 2025",I recommend it!,
77***95,"on Jul 23, 2025",Haven’t tried them yet but they feel soft so should be comfortable,
93***38,"on Dec 2, 2025",great,
67***16,"on Oct 20, 2024",,
93***38,"on Dec 2, 2025",great,
67***16,"on Oct 20, 2024",,
Shaam Akbik,"on Aug 1, 2024","perfect for purpose,easy to use, soft and comfortable.",
jh***66,"on Oct 5, 2025",Perfect,
og***et,"on May 6, 2025","perfect for purpose,",
el***ak,"on Sep 2, 2024",Pleased,
du***na,"on Jun 24, 2024",,
du***r5,"on May 19, 2025",Husband said they are comfortable to wear. Hopefully he will see improvement.,
Michelle Wild,"on Dec 12, 2024",Good to wear on a night in bed very useful.,
Ferran Sanchiz Alfonso,"on Nov 3, 2025","They are comfortable and flexible, but I can't comment on their effectiveness until a few days have passed.",
ca***ta,"on Jun 15, 2025","Very practical, it prevents the fingers from bunching up and makes it seem like you're not wearing anything. I recommend it.",
zo***cz,"on May 27, 2025","As I thought, they do their job well. The curls are also slowly straightening out. Thank you.",
mo***od,"on May 27, 2025",very soft. hope it works,
br***50,"on Sep 22, 2024","Easy to wear. Comfortable, and none intrusive while sleeping.
They help keep the toes where they should be. Preventing, or helping with poor joint alignment",
Raquel Viro,"on Aug 1, 2024","It's fine for the price it has, but if the material was a little harder, just a little bit I think it would be more effective.",
E. Nikol,"on Feb 28, 2025","perfect for purpose, exactly like picture, soft and comfortable.",
ra***ny,"on Oct 16, 2024","perfect for purpose,, soft and comfortable, exactly like picture",
anastasia alexopoulou,"on Jun 29, 2024",Works! Very useful!,
ma***ba,"on Jul 9, 2024",I think it will help me,
Anastasiia Polonska,"on Jan 18, 2026","They're so soft, it's like they're working for me! I've run in them and even worn them to work. They're great!",
Lily Hughes,"on Dec 20, 2025",These soft gel toe separator jonly arrived today but I am sure they will help.,
Emelina iPad Fuica,"on Dec 19, 2025",Silicone separators that I hope will help improve my bunions and be durable,
re***a0,"on Dec 7, 2025","My husband hasn't tried them yet, but they are made of soft silicone and look nice. Thank you",
Je***ll,"on Dec 1, 2025","Simple but effective, it separates easily from the toes during the day, and at night, it detaches from the toes effortlessly.",
ma***06,"on Nov 22, 2025",Excellent and the price is unbeatable compared to a medical supply store in Germany,
Виктория,"on Nov 19, 2025",I really liked these silicone soft toe separators ❤️‍🔥,
ma***nk,"on Oct 25, 2025",These are really useful - the best gadget I have tried for feet so far.,
Gintaras Kvauka,"on Sep 28, 2025","Matches the photo, really helps when fingers cover each other. I recommend it.",
Анна Щабельская,"on Sep 20, 2025","That's true! It's a very good invention for problematic feet! Thank you, Temu!",
mi***21,"on Aug 15, 2025","I've been using it for several years, especially for prevention, and it's very effective.",
vo***55,"on Aug 12, 2025",The finger separator is soft and comfortable. Thank you very much to the seller and Temu.,
António Rosa,"on Aug 12, 2025","Everything arrived in perfect condition, within the expected timeframe. Excellent quality.",
Eva Boico,"on Aug 8, 2025",Everything is fine with this product. I put it on my fingers and walk with them on. Thank you.,
Fo***er,"on Jun 16, 2025","Help for my bunion, I need to get used to it, but for now it's fine. Thank you.",
lali goginashvili,"on Jun 16, 2025",It's very good and comfortable to use. I recommend buying it to anyone who needs it.,
ca***le,"on May 16, 2025","Very comfortable, like a second skin, you don't even feel it's there. I even wear them at night.",
79***13,"on May 5, 2025",Soft and comfortable dose what they are supposed to and can’t feel them when walking,
70***09,"on May 5, 2025","A very comfortable divider that is soft and doesn't cause fatigue or discomfort, almost as if it's not there, both during the day and at night.",
Natalia Artsybaseva,"on Apr 16, 2025","Nice sandals, comfortable, the size fits well, they look stylish, and the sole is great!",
ol***73,"on Apr 1, 2025","The insoles are great; when I walk for too long, I can feel them, so they probably work.",
sa***da,"on Feb 20, 2025",I tried it and I'm adopting it. It's very flexible and you don't feel it at all. Thank you.,
an***mo,"on Jan 17, 2025",Great! The material is so flexible and soft that it does the job gently.,
50***89,"on Jan 8, 2025",Very practical toe separators. You can't feel them while using them.,
Denis Shal,"on Dec 20, 2024",Very cool item. It holds the fingers in place and everything works very well. Thanks to the seller.,
co***ct,"on Dec 16, 2024",Try them. Good. A little bit bigger the size but they get the job done.,
krobest,"on Nov 23, 2024","Perfect dividers, no more pain in the legs. Exactly as intended!",
fe***63,"on Oct 12, 2024",I'm quite happy. The product met my expectations,
90***20,"on Oct 10, 2024","It helps you don't even know how, compared to buying this product in a pharmacy super price",
Beáta Dudášová,"on Oct 3, 2024",It perfectly separates crooked toes and makes them look more aesthetically pleasing. 2 pieces per pack.,
st**io,"on Sep 28, 2024",Products that met my expectations and prompt service.,
ra***ax,"on Sep 23, 2024","Comfortable.. It's as if they don't have them on their feet, and yet they make a gap between their toes. Recommendation",
33***59,"on Sep 22, 2024",Great soft item I'm using it daily I recommend the seller.,
as***66,"on Sep 13, 2024","It's okay, it separates your fingers which is what it's all about and it's comfortable..",
Danuta Kossakowska,"on Aug 31, 2024","Soft ones are great for separating fingers, if someone has bunions, it's a great relief",
Ro***RG,"on Aug 30, 2024","Very soft and flexible, you don't notice that you are wearing them. I recommend 💯 😍👌🥰❤️ them",
va***in,"on Aug 23, 2024","It doesn't look bad, don't make a lot of expectations, but everything is great for the price",
an***ch,"on Jul 28, 2024","Are soft and can be worn in sneakers
Let's see if it brings something",
Ewa M,"on Jul 23, 2024","Soft, pleasant. You can walk in it all day. It doesn't bother you.",
Adrija Pokidko,"on Jul 21, 2024","Very pleased with this product, will always come in handy at the right time. Recommends.",
Kerstin Harm,"on Jul 19, 2024",The product is super helpful and has a big problem very reduced,
an***55,"on Jul 18, 2024",very good finger splitter. Soft and walkable. Recommend,
Lu***58,"on Jun 21, 2024","happy with item. suffer with my feet due to diabetes, they are a great help",
lp**ic,"on Nov 29, 2025",The best product for a medical use,
Caitriona Crotty,"on Oct 15, 2025",Good quality item . Does the job,
Mateja Štraus,"on Mar 22, 2025",like described.,
se***s3,"on Jan 3, 2026","Please,I have received the items and they are splendid.My family members will be grateful to see and make used of it.Thanks very much.byeee",
Kai Rösner,"on May 22, 2025","Excellent service. The product is as described and in perfect condition. Good comfort, but it takes a little getting used to.",
om***ia,"on Oct 11, 2025",,
jo***s1,"on Dec 18, 2025",All good fitted lovely,
kn***e4,"on May 17, 2025","Super , fit lovely",
ma***ko,"on Dec 1, 2025",Surprisingly excellent. It really separates the toes and is very soft,
so***13,"on Nov 19, 2024","easy to use, good worth the money",
Patricia Gunn,"on Sep 20, 2024","easy to use, good worth the money",
ro***01,"on Sep 5, 2024","easy to use, good worth the money",
Gvantsa Buadze,"on Aug 2, 2024","easy to use, good worth the money",
Elizabeth Morton,"on Feb 7, 2025","easy to use, perfect for purpose,, soft and comfortable",
an***ll,"on Feb 3, 2025","perfect for purpose,, easy to use, soft and comfortable",
pi***25,"on Nov 22, 2025",Very good but husband says they separate but the ring bit then tries to pull toes together again,
ms***09,"on Jul 31, 2025","They sent me only one by mistake, so I won't be able to use it, but it looks very comfortable.",
Fr GERVAIS,"on May 5, 2025",I hope this product will help slow down the hallux valgus process that is deforming my foot.,
Si***de,"on Aug 17, 2024","Glad to have these thong sandals, works well and is not noticeable in the shoe",
Ccc,"on Dec 28, 2025",They are very soft,
ri***al,"on Nov 27, 2024","easy to use,although the centre part needs to be a bit firmer, it squashes up too easily.",
pa***mt,"on Oct 3, 2024",these toe separators are great. very comfortable to wear.,
ma***49,"on Oct 16, 2025",these gel toe separaters are very comfy and do the job,
wi***iv,"on Apr 4, 2025",soft and comfortable. Excellent. Can’t even feel I have it on.,
va***ls,"on Feb 8, 2025",Very comfortable. It separates the toes to save toes overlapping. Recommended,
Talhi Kaouther,"on Apr 24, 2025",practical,
ro***in,"on Jul 16, 2025",Practically good 👍🏼,
69***95,"on Nov 22, 2025",excellent,
de***oa,"on Apr 1, 2025",,
ca***zz,"on Oct 2, 2024","perfect for purpose,, exactly like picture, good worth the money",
93***88,"on Aug 4, 2024",,
sa***tt,"on Nov 19, 2025",Very effective. Soft and comfortable to wear.,
co***er,"on Dec 28, 2024","soft and comfortable, perfect for purpose,, excellent",
76***24,"on Aug 2, 2024","soft and comfortable, , perfect for purpose,",
50***45,"on Jul 18, 2025","The finger dividers serve their purpose. The photo accurately represents the actual product, which is aesthetically designed.",
si***66,"on Aug 14, 2024",very soft works well recommended for the first hints of the problem with wide shoes you can wear it.,
dy***te,"on May 30, 2024",Very comfortable,
Angela van der Plas,"on Jun 13, 2024",,
Christine Fearn,"on Jan 17, 2026",Really pleased with my purchase helped my sore toes would buy again,
Bibu,"on Jan 28, 2026",I've ordered this for the second time now. My mother finds it easy to use.,
lo***50,"on Jan 12, 2026",Comfortable to wear; you don't even feel it on or between your toes.,
sv***62,"on Jan 5, 2026","They're really very soft, you can barely feel them between your toes, and they're comfortable. A great product!",
ne***ic,"on Dec 23, 2025",It matches the description. We'll see if it suits the person I bought it for.,
97***67,"on Dec 20, 2025","These dividers are great, they're soft, comfortable, and you barely feel them on your fingers.",
ILEANA GARCIA RODRIGUEZ,"on Dec 5, 2025","Comfortable, but I don't think I'll end up using them because they're too big for me",
77***60,"on Dec 3, 2025","I received the item, haven't tried it yet. It's made of soft silicone and feels pleasant to the touch",
Ewa Drohomirecka,"on Nov 18, 2025","Perfect, they really straighten out the crooked toe, are soft and comfortable in shoes",
Carmen Chira,"on Nov 17, 2025","They're comfortable! I tried them on with boots and they don't bother me at all. Thank you, Temu! 😊",
Mr.Chose,"on Oct 23, 2025","I ordered these for my mom, and she thinks they're quite good 👍",
50***66,"on Oct 5, 2025","Soft, delicate folds... I didn't even expect such quality! Thank you.",
ca***na,"on Sep 6, 2025","Very comfortable, you don't even notice you're wearing them, and they do their job effectively.",
Jánosné Kiss,"on Aug 28, 2025",The material is very comfortable and soft. You can't even feel it while wearing it.,
Oa***cu,"on Aug 20, 2025",Very good. The material is soft and can be worn all day long.,
so***62,"on Aug 13, 2025",They are soft and well-suited for people with toes that are close together.,
Ginette Fleitas,"on Aug 10, 2025",Very comfortable!!! It helps a lot to rest the finger by keeping it in place.,
alexey seibel,"on Aug 6, 2025","Thank you very much for the product, everything is great, I recommend the seller.",
jg***ki,"on Jul 31, 2025",I ordered it for my sister-in-law. She is extremely satisfied with the quality of the product.,
aa***en,"on Jul 28, 2025",It works as intended. Very soft material. Comfortable on the skin.,
me***na,"on Jul 25, 2025","The soles are soft and comfortable, great for those with a bony protrusion on the foot.",
Tanja Tarasenko,"on Jul 24, 2025","Excellent, very comfortable to wear, you don't even feel it's on your foot. Highly recommended!",
Pa***ey,"on Jul 18, 2025",Perfect For Purpose. my toes feel much better dont know I have it on.,
An***ka,"on Jul 18, 2025","perfect for purpose.Soft silicone, which is great, because you don't feel on the fingers.",
ma***gh,"on Jul 17, 2025","I can't walk without it because of the pain from finger contact; for me, it's excellent.",
ur***an,"on Jul 9, 2025","It seems fine, but I'll write more after using it. Thanks to the seller.",
fe***76,"on Jun 25, 2025","Super good, as always. Maybe I'll be able to correct my foot shape, haha 🤭🤭🤭",
70***19,"on Jun 24, 2025","Soft and comfortable, they can be worn all day long.",
pa***ni,"on Jun 19, 2025",I still have to try them out while walking. But I tried them on and they seem comfortable.,
Ana Gago Laza,"on Jun 7, 2025","They are quite good for the price, I have bought them several times already",
mk***19,"on Jun 4, 2025","Great separator, soft silicone, unnoticeable on the foot, very comfortable.",
el***13,"on May 29, 2025","We'll see, I'll write something later after using it to see if it works",
Галина Кораблина,"on May 9, 2025","Comfortable finger protectors. I use them all the time, and they help reduce the pain in my joints.",
re***58,"on Mar 4, 2025","Great, it no longer pinches between the toes and keeps them straight.",
77***87,"on Mar 2, 2025","It's really comfortable, I wear it all the time, both day and night, and I won't take it off. I'll let you know the results later.",
Zofia Streciwilk,"on Feb 24, 2025","I use them, they are soft and fit well into my winter footwear. I have ordered more.",
Nani Ton,"on Feb 20, 2025","I need them for hallux valgus, to wear at night while sleeping. Thank you very much 😘",
gisella mori,"on Feb 12, 2025","Excellent, and fortunately there are two of them since we all have two feet.",
m.**st,"on Jan 15, 2025","Soft, pleasant to the touch, flexible, and they fit very well.",
Irina Schaatschneider,"on Jan 9, 2025","Soft, very comfortable, you can't feel them on your fingers, as if they aren't there.",
l***h,"on Dec 26, 2024",That's exactly what I wanted. You can't get it anywhere else. Great!,
Sabrina Pristia,"on Dec 20, 2024",They are made of excellent silicone and do their job well...they don't cause any discomfort.,
iv***13,"on Dec 18, 2024","Universal finger separator, it's adjustable so it fits everyone.",
Woré Ndiaye,"on Dec 11, 2024",Honestly very practical and works very well for spreading the toes apart,
84***25,"on Nov 29, 2024","Well, they fit me and I love the concept, but I developed a rash",
da***86,"on Nov 27, 2024","It's very soft and comfortable, I have to try it longer to see how it goes",
Retired Captain,"on Nov 15, 2024",Pleased with product! Delivery in time. I recommend TEMU company to the potencial buyers.,
gu***us,"on Oct 19, 2024","5 stars, top goods and top sellers, always happy to return. Thank you",
Royston Harris,"on Sep 16, 2024",another good delivery followed instructions wher to put in no one home Respected property,
Maria Santos,"on Sep 13, 2024","Very useful, I am convinced that it will do what I thought, thank you!",
ra***va,"on Sep 6, 2024",Perfect. I wear it right from the beginning all day long and my fingers are free of bruises.,
pu***ez,"on Aug 26, 2024","Comfortable and practical so that your fingers do not deform, excellent.",
gi***tn,"on Aug 14, 2024","Ideal transaction. Serious and fast salesperson, highly recommended.",
al***te,"on Aug 9, 2024","Excellent! Comfortable to use. I wear them for hours - sitting, staying, walking, sleeping.",
Ve………ey,"on Aug 2, 2024","Very convenient, got 6 pcs, instead of the 2, but that's OK.",
kl***uh,"on Jul 25, 2024",The best thong sandals I've had so far. I am happy to recommend it.,
an***er,"on Jul 13, 2024","Perfect thong sandals, do the trick, I'm very satisfied.",
hs***50,"on Jul 12, 2024",The silicone part for the toe is useful and it is convenient to wear,
yo***pg,"on Jun 22, 2024",Good product and comfortable to wear between the toes. We don't feel them,
Kr***yk,"on Jun 20, 2024","I have a bunion, we'll see if it helps. With this in mind, I bought these separators.",
91***13,"on Jun 9, 2024",Great toe separators. I recommend them because they are very good,
ch***04,"on Feb 22, 2025","Using these now, feel they are a little loose to make any real improvement., soft and comfortable",
Carlos Cebey Rey-karlino,"on May 12, 2025",Everything is fine,
ולדימיר סרגיינקוב,"on Jul 26, 2024",,
Muhammad Ayaaz,"on Jun 26, 2025","best quality
Large I need small size",
i0***15,"on Jan 1, 2026",,
Jim Falconer,"on Aug 5, 2024",Soft and comfortable to wear and easy to use.,
סבטלנה,"on Feb 2, 2026","They feel nice to the touch, are barely noticeable on the foot, and are very gentle. I'll see what the results are",
l.***er,"on Sep 16, 2025","The shoes are good, but they pinch a little in the evening because my feet swell.",
ur***nn,"on Feb 14, 2025","There are various types of toe separators. I like this one, and it takes the pressure off the toe.",
ol***68,"on Jun 13, 2024","A necessary thing for those who have problems with their finger, does not fall off when worn and is comfortable to wear with shoes",
carmen_,"on Dec 11, 2025","These separators are well designed, but it depends a bit on the specific problem you're trying to solve. It would be better if the finger tubes were a bit longer.",
74***78,"on Jul 28, 2025",,
Santie Potgieter,"on Nov 26, 2024",Thank you.... Very good price.,
ro***ge,"on Jul 21, 2025","Perfect For Purpose, Soft Material, perfect for purpose,",
wh***g1,"on Aug 19, 2025",Does what say it does & so soft to wear.,
Kris Tina,"on Apr 24, 2025",,
ja**wh,"on Aug 24, 2024","soft and comfortable, easy to use, OK THANKS*****",
Manuel Delgado Vé***,"on May 4, 2025",,
be***ma,"on Jan 19, 2025",Everything is fine.,
Rous Alvaralma,"on Nov 17, 2024",,
ТАТЬЯНА,"on May 10, 2025",,
ca***ll,"on Sep 5, 2025",Comfortable to wear between big toe. Ease my bunion pain,
wh***g1,"on Aug 3, 2025",nice and soft toe gel so very comfy to wear,
Ha***is,"on Jul 24, 2024",As expected. Comfortable and keeps the toes away from rubbing.,
77***67,"on Aug 14, 2025","I haven't tried the divider yet, I'll write about it later. But the silicone is very soft and good quality. For now, I'm giving it a four-star rating.",
Miroslav Raiser,"on Apr 6, 2025","A suitable and inexpensive aid for a bunion (hallux valgus), which makes walking easier; it doesn't press or squeeze, and is made of soft material.",
LYLIANE RICHARD,"on Oct 3, 2024","Well 1 lot would have been enough
I received 3 batches
I would have liked to have had the label to be able to return them",
ca***ra,"on Aug 29, 2024","It seems that in principle it separates its fingers, when I have used it longer I will be able to say if it is effective.",
ca*ol,"on Jun 18, 2024","Good quality. On the large side for women, probably better for a man.",
st***52,"on Dec 2, 2024",Thank you,
on***55,"on Sep 20, 2024","good worth the money, exactly like picture",
Perry Drinkwater,"on May 26, 2024","good worth the money, exactly like picture",
pu***05,"on Dec 25, 2024","perfect for purpose,, exactly like picture, soft and comfortable",
69***27,"on Oct 24, 2024","exactly like picture, soft and comfortable, easy to use",
in***nd,"on Sep 24, 2024","perfect for purpose,, exactly like picture, soft and comfortable",
no***68,"on Nov 30, 2025",ok,
Rosita,"on Jun 21, 2024",,
MaF,"on Oct 3, 2025","Comfortable, soft and does the job.",
lo***ey,"on Jan 18, 2025","soft and comfortable, perfect for purpose,",
su***es,"on Nov 14, 2024","soft and comfortable, better than previous",
fr***le,"on Oct 6, 2024",Soft and very comfortable to wear.,
79***43,"on Oct 3, 2024","soft and comfortable, better than previous",
Christodoulou Christodoulos,"on Jun 3, 2025",Comfortable city,
Ira Valteriene,"on Jan 24, 2025",,
co***er,"on Mar 1, 2025","perfect for purpose,, soft and comfortable, , good worth the money.",
et***11,"on Feb 16, 2025","good worth the money, perfect for purpose,, soft and comfortable, helpful",
gi***62,"on May 30, 2024",This is great for my feet and I’m now pain free,
el***09,"on Jan 30, 2026",I really liked the dividers; I slept with them and felt very comfortable,
mo***ka,"on Jan 21, 2026",These are the best shoes I've ever had; you can't feel anything in them 👍,
Hanna Anna,"on Jan 3, 2026","This product is worth it, exactly as I wanted. Above all, they are very practical",
60***06,"on Nov 14, 2025","I bought them for my husband, they are good and really help.",
Bibu,"on Nov 11, 2025",The toe separator is exactly what my mother needed!!!!,
bc***51,"on Nov 6, 2025","It's very good, it protects against chafing of the toes",
Rodolfo Aromatario,"on Oct 29, 2025",The item purchased matches the description and is excellent.,
ir***63,"on Oct 28, 2025","I'll try wearing them, and they look very soft and pleasant to the touch.",
Светлана Филон,"on Oct 14, 2025","They are useful to me, the bone has started to bother me less)",
33***63,"on Sep 16, 2025","Good product, very useful for those who have problems with their toes.",
ve***ty,"on Sep 16, 2025","Comfortable, you can't feel them on your feet. They serve the purpose of expanders.",
Dalia DaLia,"on Sep 16, 2025","Good product, I bought it for someone who has problems with their intercostal muscles.",
nt*ir,"on Sep 5, 2025","Excellent, toe separator. Comfortable to wear. I am satisfied.",
Bożena Romańska,"on Aug 25, 2025",The order arrived on time and as described. Thank you to the seller.,
Валентина Бэргиер,"on Aug 24, 2025","The pads are very good, soft and comfortable. I will order more. Thank you!!",
Bingobob,"on Aug 24, 2025",Really helpful. I have crossover toes and this little piece really cures that.,
re***ka,"on Aug 9, 2025","Toe separators, I wear them at night, very good, I recommend them.",
Silvia,"on Aug 6, 2025","For those who have bony protrusions on their toes, this is a must-have item! I recommend it.",
Enzo IW0FKO,"on Jul 28, 2025","Comfortable, lightweight, and practical to use, I'm satisfied with the purchase.",
Teresa Stańczuk,"on Jul 15, 2025","Good, flexible, silicone products that serve their purpose. I recommend them.",
na***co,"on Jul 2, 2025",Very comfortable! It helps prevent the finger from bending!! Excellent material.,
ma***ne,"on Jul 2, 2025",I've been using it a lot (day and night) for a week. It seems like my leg is getting better.,
ag***uk,"on Jun 16, 2025",I use it every day on my way to work. It's very practical. I recommend it.,
Ju***ct,"on Jun 10, 2025","Perfect,, soft and comfortable once put on you forget that they are there",
Poorna Dilshan,"on Mar 1, 2025",happy with this item.it's good and comfortable,
Sameera Sandaruwan,"on Apr 22, 2025","works well, perfect, exactly as described, happy with this item",
Heshan Fernando,"on Jul 17, 2025",happy with this item,
Ch***va,"on Apr 30, 2025",Arrived in good condition.,
Thathsara Fernando,"on Apr 29, 2025",nice,
Thepul Gajanayake,"on May 14, 2025",exactly as described,
Malith Madhushan,"on Apr 25, 2025",Best Quality Product.,
71***99,"on Feb 22, 2025",exactly as described,
Ken Ray,"on May 28, 2025",Excellent product.,
Sa***sh,"on May 21, 2025",excellent 👌,
Mohamed Azam,"on May 9, 2025",top👍,
Praveen Balasubramaniyam,"on Apr 30, 2025",useful,
Pa***ra,"on Mar 31, 2025",useful,
HonzaTestuje,"on Apr 8, 2025","It arrived in good condition and the quality is really good. The design is practical, the material is pleasant to the touch, and the back support provides excellent posture support. It works very well, thanks to the adjustable straps. It's a great tool for improving posture.",
zs***os,"on Sep 18, 2025","The product looks exactly like the illustration. Hopefully, it will be durable in quality as well. For a sporty male body type, the XL size is recommended, although this may vary. The video doesn't show it, but the Velcro strap needs to be threaded through the teeth to adjust the tightness. I've shown it in the photo. So far, I'm satisfied with the product. The delivery time was 8 days.",
Giorgio,"on Jan 20, 2025","It arrived quickly in very good condition, nice item and good quality",
bl**de,"on Oct 5, 2024",I recommend it to everyone. I did not expect the product to be of such quality. 5 stars is not enough for the quality and price of this product. I love it.,
yr*ki,"on Oct 28, 2024","Perfect! 👌🏼
Thanks! 😊",
Ayed,"on Feb 20, 2025",,
az***r5,"on Oct 17, 2024",It's a really great piece that helps tone the shoulders and open up the chest that I recommend.,
Carmen Grigoras,"on Jun 3, 2025","It arrived quickly. It's very light, with some padding in the main areas, and looks good. I recommend checking the size before buying, although it's quite adjustable. I've already worn it, and the effect is noticeable. At first, I don't recommend wearing it for a long time; you should gradually increase the time. A sudden change in posture can cause some pain (more like muscle strain) in the upper back. Stretch after taking it off.",
fr***ui,"on Dec 1, 2024",I love it and you can adjust the strap to tighten it more. I can't wait to wear it for my next day at the office. No more back pain.,
73***24,"on Jul 4, 2025","It holds and straightens perfectly, I recommend starting slowly.",
Виктор Казаков,"on Dec 30, 2024",It tends to chafe the underarms a bit during use.,
Endre Illés,"on Aug 6, 2025",Great,
An***nd,"on Feb 9, 2025",,
FRANK POR EL MUNDO,"on Oct 31, 2024",Perfect does the job 100% receiving⭐⭐⭐👍👍👍🙋 it,
Gabriel,"on Feb 26, 2025","Very comfortable and practical, the material is appropriate for the price",
Moldy Apple,"on Oct 29, 2024","Seems to work. Time will tell for sure, but as far as the product and the price - solid.",
OTTO Jun,"on Dec 9, 2025",Good👐😊,
Natalia,"on Aug 19, 2024",super i like to straighten your back well,
Самат Елеусизов,"on Nov 23, 2024",good,
Aaron Wilkinson,"on Aug 20, 2025","Feels good to wear, I’m hoping after a few days or week of wearing this my posture will improve and make me look a few inches taller. Feels good so far.",
iw***ka,"on May 23, 2025",Very pleasant material. It supports the back well. Everything is fine.,
Ma***ia,"on Oct 24, 2024","It supports my shoulders, it gives me relief when I walk.",
Ju***88,"on Jun 28, 2025",Not so sure about this but my fault because I made the wrong choice. Will look again and choose another one that suits me better. Nevertheless it is very well made!,
di***69,"on Apr 21, 2025",Very useful and easy to wear! Looks like the picture.,
Mr*07,"on Jun 27, 2025","happy with this item, received thank you,, excellent 👌",
Ghizlane Elkaddouri,"on Apr 8, 2025",,
Mateo Doko,"on May 18, 2025","I’ve been using this back holder for a few days now, and the difference is real. It gently pulls my shoulders back without being uncomfortable, and it’s surprisingly easy to wear under clothes. After long hours at a desk, I used to get back and neck pain — but with this, my posture feels more natural and I’m way less tense at the end of the day.
The material is breathable and doesn’t dig into my skin. I was worried it might feel bulky or awkward, but it’s super discreet. Great buy if you’re trying to fix your posture or just need extra support.",
Ra***ar,"on Feb 19, 2025",I loved it. difficult at the beginning to wear it. but uts okay. I loved it and it realy helps. I wear it when I go for my morning walk. it's great.,
Luka Kezele,"on Jan 23, 2025","perfect, useful, handy. It straightens you right away. it pulls shoulders back , helps to straighten yur back and shoulders too. good to have at home if you use it on daily basis.",
Pănuță Liviu,"on Nov 8, 2024",,
Tsado Joel,"on May 9, 2025","Item well received, good for the price and comfortable to use.",
Iura Druta,"on Dec 29, 2025",,
ch***en,"on Nov 26, 2025","Nice product. I've been wearing it for about 2 hours now. It's comfortable, not bothersome, and I can immediately feel it when I'm about to ""sink"" into the sofa. I believe this will work really well.",
sv***12,"on Oct 18, 2025","It is very comfortable to wear and doesn't cause any discomfort, so you can really use it all day long. The muscles automatically relax, as the shoulders stay straighter.",
fr***er,"on Sep 18, 2025","A nice product. It provides a little help with posture. The problem is with putting it away - it's difficult to do without assistance. A product with a full back support would be more recommended. The price-to-performance ratio is good, so I give it 5 points.",
Merlin Sabrin,"on Aug 1, 2025",Absolutely beautiful!,
ʟɪɴɢ,"on Jul 30, 2025","Everything is great! I took size M (35-75 kg) for my height of 174 cm and weight of 60 kg. The quality is good, the Velcro fasteners are reusable and hold well, and they are adjustable. Thank you to the seller❤️",
bu***su,"on Jul 26, 2025","I've tested it for a day now and I'm very satisfied. It's very comfortable and doesn't cause any discomfort anywhere. The back support doesn't force you into a straight position, but only when you take the wrong position. This automatically helps you move into the correct position. When you're in the right position, you hardly notice that you're wearing the back support. Highly recommended.",
al***ex,"on May 26, 2025","Simple and effective, I bought it for my 80-year-old father. It helps him feel better by counteracting the tendency to hunch his shoulders. It's comfortable, lightweight, and easy to put on.",
Wam séb,"on Apr 20, 2025","Good back support that pulls the shoulders back to maintain an upright posture. It doesn't force you to stand straight, but reminds you to do so. The size corresponds well to the weight described.",
Ioan Alex,"on Apr 5, 2025","Very good job to hold posture and reduce back pain. I use it daily and considering trying different models for comparison, but for now it does the job. I only leave it for 2-3 hours total in the day to not rely on it. Like if useful and share the points!",
Rall Salazar Garrido,"on Mar 14, 2025","I loved the purchase I made! The products arrived super fast and in perfect condition. The quality is excellent, just what I expected. I will definitely buy here again.",
Ненад Абрамовић,"on Mar 12, 2025","I gave the posture corrector to my mother to use, and she is satisfied with the product. She says that the corrector is comfortable and that she doesn't have any issues wearing it while sitting at the computer.",
اح***مد,"on Mar 12, 2025","Wonderful and very practical, it's excellent compared to other products that you can only find in pharmacies at a much higher price and which don't offer a quarter of what this amazing belt does.
I'm a carpenter, blacksmith, and athlete, as well as a farmer, and I sometimes work in construction. I've found exactly what I've been looking for for many years. Thank you with all sincerity, honesty, and gratitude.",
Andres Felipe Ortiz Arboleda,"on Feb 22, 2025","Excellent products, I bought 7 different items and was very satisfied with both the products and the delivery, tracking, and quality... I congratulate you and will place another order right away. Many thanks to the Temu team and the carrier Evri... Excellent service.",
ag**64,"on Jan 23, 2025","The item does what it's supposed to do. Tip: wear a T-shirt underneath for more comfort.
It's a good item, all 5 stars.",
go***28,"on Jan 6, 2025","At first, I was a bit skeptical about its purpose. But I'm pleasantly surprised. It actually works well, helping to straighten the back.
A practical item for those with back issues.",
17***58,"on Dec 9, 2024","It's simply good for the price. I thought it would be uncomfortable or rub against the skin, but it can be adjusted and used very well. I will definitely recommend it.",
Maria Stephan,"on Nov 30, 2024","They are velcro fasteners so after you have figured out how to construct it as a vest it works quite well, makes a nice impression, according to my sister there is already a correction to be seen when wearing it",
32***77,"on Nov 20, 2024","At the time of purchase, I was certain that it was comfortable and practical, as it didn't cover the entire back, but I changed my mind, it's much easier to wear and adjust.",
k,"on Nov 19, 2024",very good really... Happy with my first order as much as what I ordered which is accurate to the photos and order information during transportation. I'm surprised... I recommend it for sure,
jo***23,"on Nov 1, 2024","Happy with this item, bought for my partner, who is waiting to try it. shipping, delivery and start to finish process was all spot on. quick and reliable. thank you.",
Ermes Modolo,"on Aug 10, 2024","I bought it to remedy my posture due to many hours at the desk in front of the PC, I use it in the evening at home in relaxation, excellent fit, easy adjustments, the material seems really good to me, after about ten hours of use you already begin to see the first results. advised",
An***y”,"on Nov 1, 2024","soft material, well made... it helps to bring the back into a better/straight shape and thus improve posture.",
ro***es,"on Nov 8, 2024",It's good for money,
ADA,"on Dec 23, 2024",exactly as described . good quality 👍,
an***82,"on Sep 6, 2024","I received my goods, thank you for delivering ahead of time, all the packaging is in excellent condition",
Nicola Cristiano,"on Sep 8, 2025","Well-made and functional item, with one annoying defect under the armpits, which in my opinion limits its daily use for extended periods.",
38***81,"on Feb 14, 2025","Arrived within the expected timeframe
It fits perfectly to all body types as it is adjustable
The usefulness will be evaluated later",
mr***16,"on Jan 8, 2025","It fits very well on the shoulders. The product is lightweight and durable, not at all uncomfortable. In fact, I felt immediate relief as soon as I put it on. Thank you 🥰",
Miloud,"on Jan 8, 2025","The same item as in the photo. I'm going to order one for myself. The delivery was fast; I received the items within a few days, about 1 week.",
li***38,"on Nov 17, 2024",Great product good material and adjustment very easy brilliant would highly recommend,
Ro***rn,"on Oct 8, 2025","take care to use at the correct strapped width and it helps, mostly for walking and sitting, if you have an active job have it a bit looser.",
Banafsheh Boroomand,"on Nov 30, 2024",Perfect very good quality I really like it ❤️❤️❤️❤️❤️❤️❤️❤️❤️❤️❤️❤️❤️❤️❤️❤️ I suggest you to buy it I will buy again same product,
mi***is,"on Feb 21, 2025","Great, it really helps. The idea is excellent, but the execution is not as good - the loops tend to twist when worn for a long time, making adjustments difficult.",
slavkolav84,"on Nov 16, 2024","Awesome job, we'll see what happens next.",
Ross Milsom,"on Nov 11, 2025",I don't often leave feedback but this one definitely deserves some good feedback!! fits me great and it's making a difference to me!!!! FULL @5 STAR!!!!,
to***io,"on Oct 14, 2024",,
Kelemen István Tibor,"on May 24, 2025",Very good! It arrived quickly.,
Michele Giannuzzo,"on Oct 24, 2024",Well made and great for keeping your posture straight .... Good fabric and seams,
Rm Momo,"on May 8, 2025","I am really very happy with its high quality, and it doesn't cause any sweating at all, and it also allows for easy washing.",
Sherali,"on Feb 17, 2025","A good item, for an adult of average build, size L is just right, for teenagers, you need to take a much smaller size.",
Asd Asdd,"on Dec 14, 2024","Convenient adjustment with Velcro. Comfortable)) (of course not comfortable, it's for straightening the back), but I feel it does its job)) 10/10",
laurent chevalier,"on Dec 5, 2024","It keeps the shoulders well back and the straps don't strangle too much. It's easy and comfortable to wear, and you feel it less.",
69***20,"on Oct 7, 2024","Fast delivery, fully as described.",
Paul Dolan,"on Nov 10, 2024","Perfect great product for posture correction, highly recommend this everybody",
DaV11Taa,"on Apr 12, 2025","i liked it, perfect size, and it really comes in hand can be weared under shirts also👌",
Rare Stix,"on Nov 29, 2024",,
ne***85,"on Aug 20, 2024",Helps my husband against the wrong posture at the desk,
حمزه المومني,"on Jun 6, 2025",Beautiful and the fabric is excellent. Don't forget to pray for us and send blessings upon our Prophet.,
Shakila Shafai,"on Oct 23, 2024","well, it's not bad, I bought👍🏻👍🏻👍🏻😊 it for my brother",
Jean louis Duneufjermain,"on Oct 23, 2025",Very comfortable to wear. It straightens the back nicely. I am very happy with this item and the size was perfect. Thank you again.,
77***84,"on Nov 12, 2024","Fits perfectly slim tall men - size L at 189cm and slim... Item as described, great quality, fast shipping.",
Mariusz Ziemiecki,"on Oct 30, 2024","Everything is OK - putting on the harness requires some effort, but in fact, after fastening the straps tightly, the posture of the back improves.",
ga***19,"on Dec 11, 2024",great item good quality fast delivery 👍,
Cédric Moll,"on May 27, 2025","I bought it without much conviction at first, given the price. I was very pleasantly surprised: I wear it regularly and have noticed improvements in my posture and back pain. I really recommend it.",
oper muller,"on May 23, 2025","It's quite good; I wear it at home because I tend to hunch over most of the time, and it provides a lot of relief for that. I'm not sure if it really improves posture in the long term, but it does give my back and shoulders a nice break.",
Marcin Sudenis,"on Apr 30, 2025","It serves its purpose, but I expected a slightly better quality product. It looks great in the picture, but for the price, it's not a big deal. The important thing is that it works.",
Kristijan Andreev,"on Feb 25, 2025","I've only had it for a day, but it feels really good. I can sit comfortably in it, and it doesn't bother me to wear it under my clothes when I go out.",
yi***27,"on Jul 25, 2024","The product was not what I expected, it does not fully function, I would prefer to buy something larger and professional, but it is perfectly sufficient for short inconveniences",
Imran Shabbir,"on Sep 5, 2025",Very comfortable specially when you wear it you can fix it by self no need for ask someone for help,
Asterios Nakos,"on Mar 15, 2025",One of the best markets. Excellent. I can highly recommend it. The fabric is of high quality and it fits the body very well.,
Oc*** C,"on Jan 30, 2025","It's very good, but should be worn with a blouse underneath as it is tight under the arms. It's easy to put on and adjust.",
ch***98,"on Oct 26, 2024","perfect, I immediately felt a relief in my back, I wear it every day good value for money",
mo***ng,"on Dec 3, 2024","received thank you, the material is smooth. will try it later",
gr***23,"on Jul 10, 2025","It works well, we'll see how long the material lasts, but it's doing the job for now.",
Veso Man,"on Sep 25, 2024",,
gr***23,"on Jul 10, 2025","It works well, we'll see how long the material lasts, but it's doing the job for now.",
Veso Man,"on Sep 25, 2024",,
32***19,"on Jun 27, 2025",awesome... exactly what I wanted... very happy with it.. highly recommend thanku TEMU,
kl***e2,"on Apr 13, 2025","Nice item, does work and I do seem to be standing straighter. Velcro can chafe if you don’t fit it on well",
Ges Hasanaj,"on Oct 20, 2025","Got for me and for one other for my friend, very satisfied",
li***oc,"on Dec 12, 2025","Well, if you put it on properly, it's very helpful, for example at work or even for everyday use, although it does restrict movement a bit",
Václav “Ondřej” Hruška,"on Jun 8, 2025","Everything is in perfect order. I gave it as a gift and forgot to take a photo, but the universal size is just right.",
здоровье Мечта,"on Sep 26, 2024","Shoulder corset, easy to use, with Velcro, the result will not be visible immediately, over time, I hope",
Habibi_50,"on Oct 30, 2024",Recommend,
64***95,"on Aug 26, 2025",It serves its purpose very well for the price it has.,
Andrew Crawford,"on Feb 4, 2025",the price was right true to size good to straighten anyone's posture love it,
сапарбек,"on Jan 27, 2026","The item has arrived, thank you so much!",
Qafqaz Qurbanov,"on May 23, 2025",,
Maria Nikolaidis,"on Dec 10, 2025","Got it as a gift for my boyfriend, loves it and works surprisingly well, you don’t need to pull to tightly either",
ma***pp,"on Mar 2, 2025","exactly as described, received thank you,, does its job, good and comfortable, works well, happy with this item, excellent, perfect, useful, thanks",
nh***al,"on Jan 9, 2026",Good timely delivery. Good quality for the price range. Too early to tell if the item works.,
Na***tb,"on Apr 4, 2025",Great and beneficial for the spine,
Br***ez,"on Jan 28, 2026","The size is just right, and it does the job. It's comfortable and doesn't leave marks when worn over clothing.",
Samir,"on Oct 8, 2025","It's very nice and keeps the back straight, which is especially important for those who sit in front of a computer for long periods.",
Fahad Fahoody,"on Sep 27, 2025","The order arrived on time and the packaging was excellent. The product quality is better than expected! Thank you, Temu, for the great service 👌🏼",
Zorivid,"on Jul 11, 2025",Very useful item! It works perfectly for its intended purpose. I recommend the product! Thank you to the seller.,
Nikolett Szoboszlai,"on Jan 23, 2025","As shown in the picture, my posture is much better with the bra.
It's also comfortable; you hardly notice it's there.",
Da***de,"on Jan 12, 2025","Happy with this item. Feel like a secret agent having a holster. ☺️, Used for a day but good and comfortable.",
Ma***ns,"on Dec 8, 2024","Does what it is for, I wear this for half an hour three times daily and my posture is getting better.",
Nevin Ceylan,"on Nov 22, 2024","I ordered two at once, I'm satisfied, you automatically get a straight posture, the hump is gone 👍🏼",
Haroon,"on Jul 6, 2025",,
Stevie Lee,"on Dec 24, 2024","This was a good purchase, highly recommended & well worth the money.",
ar***ti,"on Oct 3, 2024",,
Anton Finskiy,"on Feb 6, 2025","Very good, worth to buy. Use every day.",
78***01,"on Nov 29, 2024","perfect, useful, happy with this item",
Valentin Gross,"on Sep 30, 2024","I've been trying it on for a few hours now, I'll always wear it from today on, it helps me a lot to stand as straight and correct as possible",
Mi***ic,"on Oct 25, 2024",It really fits and forces you to hold your spine and back straight. Comfortable to wear.,
Steven Swamy,"on Jan 18, 2026",Good I sit a lot during university so it’s a real good product to help keep my back and form straight and it’s great to use and fairly comfortable with a. Vest,
Marko Vukić,"on Aug 11, 2025","I received everything, and everything is great, I am very satisfied and thank you very much for the great products",
Denise Roger,"on Jul 26, 2025","I liked the fast delivery, and the product was satisfactory. I would recommend it to others.",
True Darkness_54,"on Jul 15, 2025","Very good especially through the day or in the fitness!
You can use it at the iron bars training outside too!",
Nico Behnke,"on Apr 13, 2025","Works very well, I would recommend wearing it over clothing, as it can otherwise dig into the skin.",
fi*ip,"on Feb 27, 2025","It fits perfectly. However, the connecting buckle tends to twist, causing the straps to shift, so they need to be re-tightened.",
Ja***al,"on Nov 15, 2024","Top quality, class, perfect, everything is fine, more than satisfied, recommended, thank you very much!!",
Nahel Oumakhlouf,"on Oct 24, 2024","allows you to keep the back straight, especially me who is an arch, it works great 👍.",
ga***ch,"on Sep 17, 2024","Very good and easily adjustable, nothing that presses or causes pressure points. Recommendable!",
An***ia,"on Mar 28, 2025",,
en***nd,"on Dec 17, 2024",Great product fast delivery,
79***07,"on Jul 18, 2025","Very good fit , Posture Correction, Comfortable",
Cucu Marian,"on May 27, 2025","Perfect, thank you 😘",
Sphan ***** (Amr Badawi),"on Apr 20, 2025","Absolutely wonderful, the material is of good quality and feels soft on the body.",
Andriiana Bazalytska,"on Apr 23, 2025",works well,
Na***ed,"on Aug 29, 2025",Good work Temu tem ❤️,
Al***is,"on Apr 24, 2025","It serves its purpose, I don't think it will last long but it seems useful. It arrived in perfect condition!",
73***88,"on Mar 8, 2025",as expected,
Samantha-jayne Lucas,"on May 22, 2025","happy with this item, useful for cricket and golf players as it’s comfortable to wear.",
Francisco Daniel Rivera Morales,"on Nov 21, 2025","It's fine, but if you move too much, the bottom part tends to ride up. I think it would be better with another belt underneath. Nonetheless, it serves its purpose and is quite comfortable. It's better to order a size a bit larger than you think you need, as it can be adjusted, so it's better to have a little extra room.",
Ma***in,"on May 28, 2025","The back support really helps me to significantly improve my posture in everyday life. It fits comfortably and is well-adjustable, allowing for individual customization. Especially when sitting for longer periods, you notice how it relieves the back and pulls the shoulders back. The material is breathable and quite inconspicuous when worn under clothing. I'm deducting one star because the support is a bit uncomfortable at first and shouldn't be worn all day. Overall, it's a very helpful tool for anyone looking to improve their posture!",
to***nd,"on May 8, 2025",Haven't used a back support before but felt I should try it. Takes a bit to get used to when you haven't used one before. Does its job and I'm happy with my purchase.,
Peter Bishop,"on Nov 23, 2024","well made, might be a bit small but with adjustment will do the job. I bought large for my 75Kg frame. It will work but only has limited adjustment, would go one size up another time.",
hr***ey,"on Nov 23, 2024","It really helps to straighten the posture, but it would be better if there were more detailed and clear instructions for use, because from the picture I don't fully understand how to put it on.",
Ronald Benjamin,"on Oct 25, 2024",Does what it is meant to do . Will see how it helps my posture over time. The only thing is you need to get help to put it on or adjust it,
Erick,"on Sep 11, 2025",Perfect for improving posture 😃 Thank you,
yu***la,"on Aug 12, 2025","Very useful, the material is of good quality for the price. I sincerely recommend it highly.",
Temu User_08fb9,"on Jul 31, 2025","The product arrived just like the picture 👍 and after a week of wearing it, everyone around me said that my back looks better. Hopefully, I'll continue to wear it.",
Mohammed Melaise,"on Jul 15, 2025","Very excellent and not painful. To get the most benefit, choose the right size and make sure to check the data sheet.",
Vitor Vilaça,"on Apr 17, 2025","Easy to use, simple to adjust, and meets the desired expectations. The material appears to be of good quality.",
hemarce,"on Jan 4, 2025","Very good, the delivery was very reliable and they delivered ahead of schedule. It's a pleasure to be a customer.",
IMAQTMIC Elfloko,"on Sep 16, 2024",Very good and useful. As in the description. Maybe it should go with height rather than weight,
Nicola Watt,"on Apr 12, 2025","received thank you,, does its job easy to use",
Cristian Red,"on Nov 2, 2024",Just like in the description.,
H,"on Jun 11, 2025",Very good and comfortable. Amazing when sitting down and doing work on computer.,
jo***il,"on Jul 7, 2025","It's very good, I was surprised that it really corrects posture, you can notice it immediately. The materials are of high quality and it's not harsh on the skin, which is very important.",
Petronela Stoica,"on Jul 27, 2025",,
Scott Pearse,"on Sep 21, 2024",Comfortable and soft. Easily worn under clothes,
lotfi Loualich,"on Jun 10, 2025","Lightweight, I like it",
Leon “leonsdenuk” Reed,"on Jan 15, 2025","Great little item, comfortable to wear you can feel the difference in one day.",
Labeed Ahmed,"on Jan 26, 2026",awesome quality,
diana,"on Oct 14, 2025",pretty,
Marco Fabio De Lillo,"on Jan 22, 2026","Very useful, but I recommend ordering one size larger than your usual size",
alfa boote,"on Oct 1, 2025","Excellent support. It helps me keep my shoulders straight, which I naturally tend to curve.",
Jeremias Saldarriaga benitez,"on Aug 26, 2025","I'm quite satisfied; it fits well, and the Velcro sticks nicely. The best part is that it's adjustable.",
Amna Alobaid,"on Aug 1, 2025",Absolutely amazing!,
Mansoor Sahal,"on Jul 25, 2025",excellent can't wait to use material very good 💯 very happy with recommend to All customer to buy,
fl***im,"on May 17, 2025","Perfect, the material feels comfortable and is very adjustable. Highly recommended.",
Steve Letellier,"on Jan 17, 2025",It matches the description. I've been wearing it for three days and am satisfied with my order.,
Yusif Qurbanlı,"on Dec 26, 2024","It's good, but it can cause some pain in the arms when it's too tight, though it does lift the shoulders and improve posture.",
Lu***er,"on Dec 14, 2024","Excellent quality, I was fascinated and for it being my first order, I am completely satisfied!",
Gi***IS,"on Nov 6, 2024","excellent, very functional tool, I really needed it, the shipping was very fast",
Rosaria Carrieri,"on Dec 11, 2025",It looks functional,
ma***65,"on Feb 26, 2025",all ok,
Itani Moifa,"on Nov 4, 2024","it was a good buy .
helps with my shoulders",
Ma***an,"on Sep 6, 2025",useful product...,
Emmanuel Patrick (DBE),"on Jan 13, 2025",it's truly nice a durable,
TheAnh Ngo,"on Dec 13, 2025","The overall product is good, but the fabric is a little rough. It needs to be softer for a more comfortable use.",
ye***02,"on Sep 9, 2024","Everything is fine, I liked it!",
Paola Puma,"on Jul 21, 2025",As the photo shows,
Alan Horton,"on Jan 18, 2025",happy with this items,
Csupor Aniko,"on Jun 3, 2025","To secure it, you still need a buckle, because the Velcro seam is located very high up!!!",
HKN HVL,"on Aug 23, 2025",I'm a big dude 191 cm 100 kg fits perfect good quality,
Luke Nuttall,"on Nov 7, 2024","good and comfortable, happy with this item, exactly as described, Great quality",
ud***10,"on Sep 25, 2025",fit for me,
King Uchi,"on Jan 9, 2026",Very good 👍🏾,
Paula Quintana Sarmiento,"on Feb 25, 2025","Totally recommended, 100%",
Dragon2K01,"on Aug 11, 2025",It arrived on time and in excellent condition. Now all that's left is to try it out. Thank you very much.,
Izabela Ebert,"on Aug 1, 2025","I bought it for my son. I tested it on myself. It enforces proper posture, and that's what I wanted.",
ps***to,"on Jun 19, 2025","It's practical and easy to use. It hasn't been used many times yet, but it seems to be effective.",
fr***hu,"on Dec 31, 2024","Comfortable, well-ventilated, made of high-quality materials, easy to handle, and does its job well.",
am***84,"on Dec 4, 2024","Quite specific at 182cm and 77kg weight size M is ok. Solid workmanship, I recommend",
Marta,"on Nov 23, 2024","Great, at first it hurts a bit, but when I got used to it, I really straighten my back",
Stalt Nautica,"on Nov 6, 2024","I'm using it for 10 hours a day and I can say that its job does it, satisfied",
ma*ie,"on Sep 16, 2024",Very well. Immediately relieves the back and shoulders. Easy to wear and adjust.,
SIA Pērkonu Ezers,"on Jul 15, 2025",It's okay,
Francesco Paradiso,"on Jun 18, 2025",Good quality,
Jamiu Teslim,"on Dec 6, 2024",Good,
Riyadh Bawazier,"on Dec 12, 2024",really good👍👍👍 all work it,
Nuwa,"on Jan 5, 2026",,
Yusf Hide,"on Apr 23, 2025",good,
pr***aa,"on Sep 1, 2025","It actually helps maintain proper posture, but whether it will be good in the long run remains to be seen.",
Olga Olga,"on Nov 12, 2025","Great corset. I made a mistake with the size. The M was too small, so I ordered one size larger.",
Robert Kuźmicz,"on May 16, 2025","Useful and helps maintain posture. But for a man, size L is the minimum, M fits my wife",
32***67,"on Apr 3, 2025","Excellent, it fits well and serves its original purpose in at least 4 different ways.",
Daviti Meladze,"on Mar 22, 2025","Still getting used to it but it's great, it doesn't let Me move an inch🫡Great pick",
José Gregorio Del Nogal Arias,"on Mar 7, 2025","It has really been much better than I expected, and I liked it a lot. Thank you.",
fl***77,"on Feb 9, 2025",Very good product. Even more comfortable to wear than comparable German products.,
sergio bengelloun,"on Feb 1, 2025","Perfect for keeping your back straight, and it makes you look much better. It's very comfortable",
Armando Minella,"on Dec 11, 2024","It's okay, but I would recommend buying a size larger for more comfort.",
Viktor Kalgin,"on Sep 16, 2024","Good corset. It helps to maintain posture, especially for those who suffer from slouching.",
ma***51,"on Aug 30, 2024","Super back support at a great price, you have a really good posture.",
ny***jm,"on Sep 25, 2025","My posture is slowly becoming correct, Its stronger than expected and very easy to use",
le***81,"on Feb 26, 2025","does its job, easy to use.",
Andy Butler,"on Sep 9, 2025","doing the job, good value and fit",
S,"on Dec 18, 2024","good and comfortable, happy with this item, received thank you,",
81***03,"on Dec 22, 2024","Aside from a little twisting of the harness it seems great, how effective it is on my posture is left for a doctor.",
ma***93,"on Mar 5, 2025",,
Ab***an,"on Feb 16, 2025",Fits perfectly and gets the job done,
MR iOS,"on Mar 11, 2025",nice,
gr***gh,"on Jan 29, 2026",,
cr***an,"on Jul 1, 2025",Very good although I'd like to have better instructions on how to use it...,
Nizar Joomun,"on Nov 4, 2024",Satisfied with the product,
la***84,"on Oct 31, 2024",Very nice part. Absolutely good quality👍for the price After a certain time it is very annoying under the armpits😄,
Francesco Fulli,"on Jun 20, 2025",Perfect,
Abdelfatah Mostefaoui,"on Dec 17, 2025","I haven't figured out how to use it yet, but it looks to be of good quality",
mi***16,"on Oct 31, 2025","Very nice and well-fitting, with excellent quality and highly recommended.",
Silvia,"on Oct 21, 2025",It keeps the back straight and is comfortable. I hope it helps improve my back pain.,
35 Gamer,"on Sep 6, 2025",Accept my invitation and get 3 free gifts! https://temu.com/u/TV9ZvOf6C5fZgg,
me***ga,"on Aug 6, 2025",-(¯`v´¯)-»EVERYTHING IS PERFECT»(¯`v´¯)-» SINCERELY -»(¯`v´¯)-» THANK YOU -»(¯`v´¯)-,
Theo Roedodemos,"on Jul 22, 2025","I don't know if it actually works, but as a product, it has good quality in terms of construction.",
Maciej Krawczyk,"on Jul 2, 2025","A great item for a child, it will encourage them to maintain proper posture.",
Ismath Sabu,"on Mar 28, 2025",Great for correcting posture. My husband uses it while playing video games. It's really useful.,
nico barua,"on Mar 27, 2025","I always wear it when I'm at the computer for a long time, and it helps me have fewer posture-related issues.",
Ozgur Akbaba,"on Mar 25, 2025",Very useful for correcting posture. Easily adjustable to fit the waist.,
Gaston Hijan,"on Mar 12, 2025","Very good, matches the description, good quality/price ratio, and fast delivery.",
LAVA,"on Jan 17, 2025","exactly as described, good and comfortable, good and comfortable, good and comfortable, good and comfortable",
MOHAMED ZEAITER,"on Jan 13, 2025",Effective back support. I ordered 1 more in case it breaks.,
Fouad Nehali,"on Dec 24, 2024","Package received on time, very satisfied, except for the earrings.",
Magdalena Szałańska,"on Oct 20, 2024","It fulfills its role, I recommend it if someone wants to work on their posture",
J*y,"on Nov 23, 2025",Very useful to correct posture.,
Gringer Gertie,"on Dec 23, 2024",good quality item. I don't like the sensation under my arm but if you don't mind works fine,
Cristian Red,"on Nov 2, 2024",Super...,
73***88,"on Feb 25, 2025",Very good,
Mi***es,"on Jan 25, 2026","I liked it, although the area around the ring where the buckle goes through could be better designed; the strap tends to get tangled there.",
Nenad Spasojevic,"on May 20, 2025","The most important thing is that the material is fantastic, the zippers work well, and everything is sewn properly. All in all, it's an excellent purchase.",
ol***el,"on Oct 21, 2024","Good for good, I just don't know how to shell it, there are a lot of straps. They could have added some video material to it.",
70***38,"on Nov 14, 2024",,
50***64,"on Feb 12, 2025",,
Asad,"on Jan 2, 2025","Very nice and comfortable, doing its job very well.",
ba***ia,"on Oct 23, 2024",Comfortable and perfect,
Vonani Bvuma,"on Jan 19, 2025",It's perfect fit. Will recommend it,
Mohamad Bakuor,"on Nov 24, 2024",,
2r***el,"on Dec 8, 2024",fine,
Tha Hitman,"on Apr 18, 2025",Really nice. It aids my posture correctly and I don’t regret purchasing it.,
xc***os,"on Oct 24, 2024","good. velcro is fine and seems of gfood quality, but time will show...",
Etson,"on Jan 7, 2026",top,
Ciprian Alexandru,"on Oct 20, 2024","super, nice, top, Great, Cool",
qw***xe,"on Sep 16, 2025",,
ma***65,"on Jan 13, 2026","I tried on the belt. It provides excellent support; for a complete assessment, I'll need to wait a medium to long period of time.",
Aladin hasanović,"on Aug 4, 2025","Satisfied, it serves its purpose, but after a while, it rises up just below the neck. Maybe the straps are not tight enough.",
Zbyszek Stolarczyk,"on Jan 29, 2026","Comfortable to wear and it smooths out the shoulders - I recommend it, it's not even visible under clothing",
Marcin Donocik,"on Jan 12, 2026","It looks sturdy, is easy to fit, and should do the job well.",
be***ba,"on Nov 6, 2025","I also have to give this as a gift, and I hope it turns out well, as it is true to the photo.",
Emiliano Marchiondelli,"on Apr 23, 2025","Wonderful, very comfortable. It performs its function exceptionally well.",
69***22,"on Mar 15, 2025","I need to order a slightly larger size as this one is too small for me, but thank you to the seller.",
Марин Маринов,"on Mar 9, 2025","The collar works perfectly! If you need one, don't hesitate to order it!!",
de***bb,"on Feb 6, 2025",It does what it's supposed to. Absolutely fine for the price. This is the second one I've bought.,
ro***68,"on Dec 18, 2024","Excellent product, my son was very happy with it, great purchase.",
José Fernandes,"on Dec 3, 2024",Article as intended. Ideal for regaining optimal posture.,
Julia Krampf,"on Nov 24, 2024",I bought it for my boyfriend's advent calendar great product!!,
Sitthichai Duangjai,"on Nov 8, 2024",Items are good delivery very fast. Thanks for the articles,
eva deak,"on Oct 26, 2024",It really does its duty. It helps maintain better posture.,
pa***29,"on Sep 18, 2024","Perform your function, ale I want to take now the one for the whole back)",
ItslucaYT_Gaming,"on Sep 9, 2024",Great for back although min eis pretty thigh you should buy a bigger number,
i**e,"on Nov 4, 2024",=^・ᆽ・^=ฅ Top price/performance ratio. Highly recommended. TEMU 5* =^・ᆽ・^=ฅ,
Henry Idowu Ogedengbe,"on Jan 9, 2025",Lovely,
Марьям Картышова,"on Jan 29, 2025","Arrived quickly, a bit flimsy, but okay for the price",
Ga***io,"on Nov 1, 2025",perfect,
Petr,"on Jan 20, 2025",perfect fits to my body,
et***ez,"on Jan 23, 2026","Simple and easy to use, it helps you become aware of your position, at least. On its own, it's not a great tension trainer",
70***19,"on Sep 9, 2024","I received the parcel in 16 days, everything came well packed, good quality. I advise you to purchase.",
si***26,"on Feb 14, 2025",,
Anish Kumar,"on Jan 24, 2026",Perfect product that I have bought from Temu,
rp***23,"on Mar 30, 2025","I've already seen results and will buy another one. I hope there's a larger size for the adjustable brackets, as they are a bit short, but the system works.",
Benazir kamal,"on Dec 9, 2024",I love it,
Дарья,"on Mar 7, 2025",I liked it,
mendelski W/L,"on Dec 6, 2025","Good evening, I have received my order and I am very satisfied. Thank you",
Cars Drive transport,"on Oct 18, 2025","Product as described. Received in 1 week, everything is perfect. I recommend it.",
na***ra,"on Sep 14, 2025","Very good, I really liked it, the material seems to be of high quality.",
ot***ff,"on Jul 1, 2025",Bought it again and am satisfied once more. It holds the shoulder well in place.,
Rüdiger Klaus-Peymann,"on Jun 8, 2025","It feels a bit strange to wear at first, but it's comfortable once you get used to it.",
Benjamin GAVEAU,"on Jun 5, 2025",The item is just like in the photos. It keeps the shoulders well-positioned in the back.,
El Mehdi Mouraki,"on May 6, 2025","Very good value for money, but you need to pay attention to the measurements.",
th***ag,"on Apr 9, 2025",I've tried it and wear it for a few hours a day. It's great.,
Virginie S.,"on Mar 13, 2025",It looks quite good. Bought to accessorize a cosplay costume.,
73***87,"on Mar 3, 2025","Very fast delivery and the product is exactly as described. Thank you, Pawel.",
Makis Levis,"on Dec 5, 2024",I am happy with the product. it helps me have a better posture,
Cafar Najafov,"on Dec 4, 2024",It is of high quality and is mainly designed to keep the breasts straight.,
Fanni Csonka,"on Oct 14, 2024","exactly as described, good and comfortable, happy with this item, received thank you,",
sa***92,"on Oct 10, 2024","Everything is perfectly adjustable to the size of the body itself, flexible and comfortable",
Ali Raza Siddiqui,"on Nov 17, 2024",very useful product,
gimenez michael,"on Mar 1, 2025",It's a great posture corrector that straightens your shoulders and relieves your back pain.,
Germain Lfr,"on Apr 28, 2025","Perfect, but it does hurt the back a bit. You have to get used to wearing it daily! Otherwise, it's great.",
to***nz,"on Apr 16, 2025","Well made. The only thing that leaves room for improvement is the Velcro fastener. Otherwise, it performs as promised.",
Felipe Alvear,"on Apr 5, 2025","It serves its purpose. It's not very comfortable, but it's as good as can be expected for the product.",
Manano Khetsuriani,"on Jan 30, 2025",Great but i expected better material,
be***63,"on Nov 18, 2025",It appears solid and well-finished at first glance.,
mi***41,"on Nov 24, 2024",Excellent for use from time to time,
im***va,"on Dec 31, 2024","does its job, , good and comfortable",
84***82,"on Dec 31, 2025",Works and fit nice,
Ali Mahammad Rezaei,"on Nov 21, 2024",Thank you,
ud***10,"on Sep 10, 2025",,
al***88,"on Jan 17, 2026","Awesome, using daily Xl works fine for me 193cm/ 90kg weight",
Leonardo Ritzu,"on Oct 5, 2025","Works as intended, noting more needs to be said, very nice",
ha***50,"on Aug 7, 2024",,
Peter Dempsey,"on Sep 18, 2024",Great product for distance cyclists. Would recommend.,
ku***40,"on Oct 31, 2024","You can feel that it keeps the shoulders in place, the back and + straight.
Easy to use, discreet color and is not bulky.",
cr***01,"on Oct 28, 2025",Bought for my daughter. Now I'm trying the larger size L to see if it fits. Delivery was fine.,
34***42,"on Jan 3, 2025","I expected something more structured, but it still does the job, albeit in a subtle way.",
Said Zabihian,"on Nov 26, 2024",Bought a size too small but good quality! Am skeptical about online shopping but this was good!,
Aibek Esilbaev,"on Oct 3, 2024","I received the parcel perfectly, I came on time.
And exactly the one I ordered, I liked it.",
Francesco Reverberi,"on Nov 26, 2025","It's a bit bulky, but better than other braces purchased on this site",
Emilio Moraris,"on Feb 22, 2025",I mean I don't think it did much for me tbh. But is as described,
Luyanda Sikhakhane,"on Mar 13, 2025",The velcro grip is amazing and easy to use.,
Paula Santos,"on Apr 22, 2025",Very good,
60***42,"on Nov 11, 2025",,
Rukayat Salau,"on Mar 22, 2025",It’s okay👍,
gi***in,"on Jan 23, 2026","The product matches the description, and it was shipped quickly and carefully",
Krystyna Kalman,"on Jan 14, 2026",Very useful and helpful for neck spine pain,
Inma Gallego Moreno,"on Nov 19, 2025","I've already worn it, and it really changes my posture. I like it",
li***en,"on Nov 13, 2025","This one wasn't so good, but practice makes perfect, so it will probably get better🤗",
st***ni,"on Nov 12, 2025","Good product, very discreet when worn under clothing.",
s**g,"on Oct 2, 2025",It arrived in good condition. I'll see how it performs after a longer period of time.,
fr***37,"on Sep 25, 2025","Hello, I have received my package. Thank you. Jean Michel Fremery",
oi***69,"on Sep 2, 2025",Great item. Helps my older child to stand up straight. Excellent.,
66***65,"on Jun 17, 2025","Everything was received in good condition and of good quality, thank you very much Temu",
A Ser,"on May 26, 2025","Everything fit well. The material is anatomically designed, and it's fashionable to wear. I recommend trying it out.",
pe**72,"on Feb 6, 2025","Simple, but it's an excellent back and shoulder straightener.",
Maurizio Tuvoni,"on Jan 26, 2025",Very comfortable and provides good back support. I'd buy it again.,
Hendrik Jan Suurd,"on Jan 26, 2025","Easy to put, but should have taken xl it is quite small",
mi***nz,"on Jan 5, 2025","My son fits into it, and the slightly reclined sitting position makes it easier",
kantennbg,"on Dec 31, 2024","It works as a fetish accessory, but not for straightening the posture.",
Hugo Silva,"on Dec 29, 2024","The item was as expected. Good support, and maintains the posture without causing discomfort.",
ca***em,"on Dec 22, 2024","As shown on the website
For gifting, we'll see how it goes in use!",
pa***.j,"on Dec 7, 2024","Everything went well today, 7.12.2024. Satisfaction guaranteed.",
Rumyn,"on Nov 29, 2024","I received the package with a delay, but everything is fine with the purchase.",
Al***94,"on Nov 23, 2024",I tried it then and it was good. We'll see after a longer period of wearing it.,
Fernando Vizzino,"on Nov 20, 2024",Easy to wear and very useful and comfortable in workouts,
Kodix,"on Oct 27, 2024",holds well and tightly. for the price you can't complain,
Carlos Miguel do Rego Dias Novo,"on Oct 12, 2024","I loved it, it corresponds to the size and it is very cute and wide, I advise",
Carlos Miguel do Rego Dias Novo,"on Oct 10, 2024",I haven't used it yet but I loved good quality and with elasticity,
67***30,"on Sep 21, 2024",The quality is good. The size should be taken 1-2 sizes larger.,
ra***40,"on Sep 21, 2024","happy with this item, happy with this item, happy with this item",
Ahmed Idrees,"on Nov 12, 2024",its really good,
Sasca Ovi,"on Dec 19, 2024",,
Ali Mola,"on Mar 10, 2025","good and comfortable
, works well
, excellent",
57***49,"on Sep 13, 2024","good and comfortable, received thank you,",
T Sh,"on Sep 11, 2024","good and comfortable
, received thank you,",
55***28,"on Oct 29, 2024",excellent good fit,
Ta***ro,"on Nov 18, 2025",very good and cheap for ur buck 10/0,
48***72,"on Mar 14, 2025","Good product, true to the description. ""Let's see how it holds up over time.""",
Paola Accamo,"on Mar 1, 2025","Useful, although after a few hours in the office, it can be felt on the shoulders and leaves a slight mark on the skin.",
Draude KY,"on Dec 15, 2024","The item matches the description. However, the quality could be a bit better.",
co***co,"on Nov 22, 2024",Comfortable and easy to wear. It corrects just what is necessary for small problems.,
75***96,"on Jan 23, 2025","This item being material and soft was OK. , excellent",
Margaret Kelly,"on Nov 30, 2024",this is really good for ur bk for good posture,
Bilal Rao,"on Oct 3, 2024","Quality is okay, but carefull with the size selection 😢",
Biser BOGDANOV,"on Oct 29, 2024",I say great really Solange shoulder and back pain!!!,
سلمان نور,"on Nov 11, 2024",It's okay,
Josefina Singgit,"on Dec 26, 2024","good and comfortable, happy with this item",
Amy Browne,"on Dec 10, 2024","good and comfortable, received thank you,, useful",
Sharon Lesley Parker,"on Oct 22, 2024","good and comfortable, happy with this item",
NBE,"on Nov 7, 2024",Super cool,
Kray ierone,"on May 14, 2025",Good could do with some padding on straps as it hurts after a while of use.,
Tomás Melo,"on Mar 31, 2025",Great,
ro***62,"on Jan 18, 2026","Exactly as described, now just need to test it out",
72***13,"on Nov 28, 2025","Product arrived quick, in perfect condition and just what I needed.",
Sabrina Comensoli,"on Nov 20, 2025","Arrived on time, perfect for my husband who is 1.80 meters tall.",
Eulina Viana,"on Oct 26, 2025","I loved it, it exceeded my expectations, I highly recommend it 👏👏",
Pietro ninivaggi,"on Oct 14, 2025","Arrived on time, the item met expectations",
p.***or,"on Oct 12, 2025",I recommend it. It's inexpensive and actually helps with posture correction.,
vi***os,"on Aug 28, 2025","Great product, my posture has already improved.",
is***ra,"on Jul 26, 2025",Comfortable to use and a helpful aid for improving posture.,
Taha Su,"on Jun 19, 2025","Great item, very practical, I'm very satisfied with it",
le***ze,"on Jun 19, 2025",Everything is as in the photo and as described. Well done! Thank you.,
Chris,"on May 16, 2025",brilliant quality why pay premium prices when you've got temu 😊,
og***ol,"on May 3, 2025",PACKAGE ARRIVED. FULL SATISFACTION. LORENZO OGGERO,
An***ro,"on May 1, 2025",Practical and comfortable. It arrived without any issues and quickly.,
Michaël Courand,"on Apr 7, 2025",My son finds it better than certain other brands.,
Rimer Macjoe,"on Mar 7, 2025",Good product for the price it's offered at. It serves its purpose.,
Josué kayembe,"on Mar 3, 2025","Great, I hope it helps me stand up straight!",
pa***on,"on Feb 16, 2025","Positive experience, so I'll keep it without any issues. Very good.",
Edina Gaál,"on Feb 15, 2025","I ordered it for my husband, it's just right, he wanted exactly this.",
René Garnier,"on Feb 14, 2025",A bit slow on delivery but satisfactory product.,
65***27,"on Feb 8, 2025","I bought a size L, it fits well, is perfect, and serves its purpose",
al***uk,"on Feb 2, 2025",Very happy with this item. Really does help with correcting posture,
Th***74,"on Jan 30, 2025","It does what it's supposed to, and the material is of good quality.",
lo***58,"on Jan 24, 2025","I tried the posture corrector belt, and everything is fine. Thank you.",
Iv***al,"on Jan 8, 2025","Thank you very much, everything was as described.
I am satisfied.",
ra***79,"on Dec 30, 2024",Everything is great. The adjustable straps really work as they should.,
E-bin Akeed,"on Dec 11, 2024",it gives my back ache on my first day of use,
ALAIN MAXIME YOBO,"on Nov 29, 2024",I just tested it really holds the posture well,
th***os,"on Nov 25, 2024",Well received product now to be seen in the long term,
Оксана Вишнякова,"on Nov 19, 2024","Cool corset!! Convenient, practical. My son liked it",
pe**is,"on Nov 18, 2024",+++PERFECT+++IT DOESN'T GET ANY BETTER THAN THIS+++SUPER+++THANK YOU+++,
ma***12,"on Nov 15, 2024","Comfortable, doesn't bother but keeps your back straight",
sa***62,"on Nov 8, 2024","It's very good, but it's better to buy a size larger.",
kanyisa conjwa,"on Nov 8, 2024","Perfect, loving the quality even though I ordered a small size.🤣😅🤣🤣",
Aniello Tardi,"on Oct 31, 2024",It will definitely help me for posture great purchase,
Alemzhan Aiyesh,"on Oct 30, 2024","Good thing, so far I wore it once, the quality is good.",
Mariusz Skoczek,"on Oct 23, 2024",Good workmanship. We'll see if it works in wearing.,
Pietro Durazzano,"on Oct 4, 2024","Useful and as in the description. If you need it, take it!",
15***62,"on Oct 3, 2024",Very comfortable and good corset! I'm getting better!,
Jorge Gamboa (Dj_phonetic),"on Oct 2, 2024","It fits well to the body. Luxury material, recommended",
re***to,"on Sep 15, 2024",Just great and you look taller with it,
Lukasz Kolodziejek,"on Sep 12, 2024","Great, good quality, does not stink and does its job",
ja***10,"on Jul 31, 2024","At first there was a problem with how to turn it on, but it holds up well",
Krzysztof Białkowski,"on Feb 17, 2025",,
70***01,"on Oct 28, 2024","The corset is simple, I wore it for the first three days.
They say you can't wear it for a long time, but it keeps your posture.",
Miguel Vaz,"on Jan 14, 2025","Simple, easy to use, and inexpensive. The size fits someone 1.50m tall or above.",
ho***in,"on Jan 13, 2025","Works well, but be careful with the size. I ordered L based on the recommendation, but should have gotten XL.",
hu***sa,"on Dec 7, 2024","Comfortable to wear. But I've only worn it once, so I'm giving it four stars.",
an***ie,"on Nov 19, 2024","seems decent, just cuts under your armpits (uncomfortable) but for the price it is reasonable , top",
Taras,"on Jan 1, 2026",Excellent service!,
Gianluca Bonini,"on Oct 16, 2025","The product works and pulls very well... Maybe even too well, causing injuries under the armpits. Modifications should be made with sponges or cotton to cushion the plastic tape directly on the skin.",
Christian Centmaier,"on Aug 6, 2025","The item arrived on time, well-packaged, and in good condition. However, it takes what feels like an eternity to find a setting that feels comfortable. The wearing comfort could be better.",
bo***70,"on Nov 16, 2024",I expected it to be better..... I expected it to be better..... I expected it to be better..... I expected it to be better..... I expected it to be better..... I expected it to be better..... I expected it to be better..... I expected it to be better..... I expected it to be better..... I expected it to be better..... I expected it to be better..... I expected it to be better..... I expected it to be better..... I expected it to be better..... I expected it to be better..... I expected it to be better..... I expected it to be better..... I expected it to be better..... I expected it to be better..... I expected it to be better..... I expected it to be better..... I expected it to be better..... I expected it to be better..... I expected it to be better..... I expected it to be better..... I expected it to be better..... I expected it to be better..... I expected it to be better..... I expected it to be better..... I expected it to be better..... I expected it to be better..... I expected it to be better..... I expected it to be better..... I expected it to be better..... I expected it to be better..... I expected it to be better..... I expected it to be better..... I expected it to be better..... I expected it to be better..... I expected it to be better..... I expected it to be better..... I expected it to be better..... I expected it to be better..... I expected it to be better..... I expected it to be better..... I expected it to be better..... I expected it to be better..... I expected it to be better..... I expected it to be better..... I expected it to be better..... I expected it to be better..... I expected it to be better..... I expected it to be better..... I expected it to be better..... I expected it to be better..... I expected it to be better..... I expected it to be better..... I expected it to be better..... I expected it to be better..... I expected it to be better..... I expected it to be better..... I expected it to be better..... I expected it to be better..... I expected it to be better..... I expected it to be better..... I expected it to be better..... I expected it to be better..... I expected it to be better..... I expected it to be better..... I expected it to be better..... I expected it to be better..... I expected it to be better..... I expected it to be better..... I expected it to be better..... I expected it to be better..... I expected it to be better..... I expected it to be better..... I expected it to be better..... I expected it to be better..... I expected it to be better..... I expected it to be better..... I expected it to be better..... I expected it to be better..... I expected it to be better.....,
Dario Vaccaro,"on Oct 9, 2024","Good manufacturing.
It does its job.
I recommend a larger size, mine was too precise.
(height 172 cm., weight 71 kg., physical and athletic conformation).",
Clive Scott,"on Aug 16, 2024","This item is as advertised, however, for me it may not be as useful as I first thought. It is a simple item and does seem to have some resistance to pull the chest out and the shoulders back. Worth the price and I must once again applaud the Temu service and delivery.",
Jody Venter,"on Feb 18, 2025",I like it really does help keeping the shoulders back if you are slightly bigger you can feel it in the armpits.,
kr***ox,"on Jan 16, 2025",,
ma***46,"on Jan 19, 2026","It was a bit tricky to put on, but it looks good once it's on",
pe***en,"on Dec 6, 2024","I can't use it anymore due to a disability, but otherwise it seems to be a good product.",
mi***va,"on Feb 5, 2025","Ok, it helps with posture but it's hard to put on alone- I needed help.",
Cintia Bozsó,"on Oct 8, 2025",,
kh***ni,"on Sep 20, 2025",The size is perfect and the quality is good,
frogxz,"on Sep 12, 2025","its ok, but i expected this will be better",
55***76,"on Aug 14, 2025",Very nice item and i get price also good,
Ne**az,"on Jan 17, 2025",Really good for my back and shoulders a bit.,
sk***ys,"on Oct 1, 2025","good quality, size as described.",
Gökalp Güneş,"on Feb 4, 2025",Everyone need this. Good quality,
f.***er,"on Jan 4, 2025",Be sure to take measurements... I wear size 48 (M) but should have gone for an L... but it's all good.,
Adeyemo Ayodele,"on Jan 28, 2026",,
Borna Hržina,"on Mar 25, 2025",To small for me 168 I take s size but for my Mather is good !,
ks***46,"on Feb 26, 2025","Well... it's there. The build quality is okay, but it's nothing special. Hopefully, it will serve its purpose.",
76***52,"on Dec 28, 2024","Hello, great product. The back support maintains a good fit, and I highly recommend it.",
Jan Zpěvák,"on Nov 30, 2024","Yes, it serves the purpose, it would need a better guide for the first time. Then you'll learn.",
gu***et,"on Nov 10, 2024","simple to put on, To be seen over time if this orthosis does the job!",
cl***nu,"on Oct 25, 2024","Very useful, it helps me a lot, I don't have back pain as much as before.",
Cosimo Galeone,"on Sep 10, 2024",works to maintain a good posture adjustable to my needs,
riyad abura,"on Jan 11, 2025",Cool,
baldey assanah,"on Dec 7, 2024",cool,
re***12,"on Oct 25, 2024",Cool,
em***ro,"on Oct 17, 2024",Cool,
no***10,"on Jan 3, 2026",,
Dušan Kýška,"on Nov 11, 2024",An excellent helper,
Manu,"on Mar 21, 2025","The quality-to-price ratio is good. I haven't tried it for a long period yet, but it seems like it might cause chafing in the armpit area.",
Sanya Novgorodsky,"on Mar 10, 2025","I'm not entirely sure how it works, but the material is pleasant to the touch. The only downside is the plastic ring that twists when you take a strong drag.",
Mast urbuot,"on Sep 9, 2024",,
Mustapha Sillah,"on Jan 24, 2026",,
Sami,"on Aug 7, 2024",,
wh***ke,"on Jan 17, 2026","Great seller, items as described and fast shipping. Thank you.",
sc***er,"on Dec 22, 2025",Everything arrived as expected in timely manner and great condition.,
ma***54,"on Dec 20, 2025",Excellent value for money. Great product!,
ch***en,"on Nov 26, 2025",Excellent product. Good 'trainer' that doesn't cause any discomfort.,
Valeriu Valeriu,"on Sep 29, 2025","It's doing the job, I've test it for one day.",
Vl***in,"on Sep 28, 2025",It serves its purpose. I recommend giving it a try.,
José Chipoco Fernando,"on Sep 9, 2025","Excellent, perfect. True to size, I recommend it.",
Vitaliy Klym,"on Sep 3, 2025","It lifts the back, helping to combat slouching.",
Roy Woods,"on Aug 9, 2025",Well-made and the material is relatively comfortable.,
Rob Last,"on Aug 5, 2025",Simple and quite useful. I use it at work.,
Olek Rzeszutek,"on Jun 28, 2025",I recommend it for those who want to improve their posture.,
Maryame Laouad,"on Jun 14, 2025","Practical, the material is pleasant to the touch, and the size is exact.",
Iman Zahidi,"on Jun 6, 2025",I'm still learning how to use it. It has arrived in good condition.,
Antoine Fernandez,"on May 30, 2025",Works well and helps maintain a correct posture.,
Juraj Babič,"on May 23, 2025","It works as it should, but it cuts into the shoulders when moving.",
Minahil Hashmi,"on May 13, 2025",I ordered it for my friends and they liked it.,
be***12,"on May 1, 2025","exactly as described, happy with this item, does its job",
Nikolay Gigov,"on Apr 28, 2025",Exactly what I was looking for. Good quality. Thank you,
Maveric Dias,"on Apr 18, 2025","As described in the catalog, it serves its purpose and is durable.",
da***ti,"on Apr 17, 2025",The item and price are truly excellent!,
MAMI BENZ,"on Apr 16, 2025",It did its job very well!!! Excellent value for money.,
17***51,"on Apr 4, 2025","Highly recommended. However, discipline is required.",
Marco Domenico,"on Mar 27, 2025","Perfect, the courier was very kind, thank you.",
Elia Tumiati,"on Mar 21, 2025",The product is more comfortable than I expected.,
a0***36,"on Mar 3, 2025",This product is of high quality and I'm happy I bought it for my back.,
Yo***ra,"on Feb 17, 2025",Super practical for everyday life.,
MAURO AM,"on Feb 14, 2025","It's easy to put on, excellent material, thank you.",
vi***ns,"on Feb 9, 2025","Very good, it helps correct posture, I recommend it.",
tr***ne,"on Feb 3, 2025",A bit stiff to wear. Requires good posture.,
dw***ki,"on Jan 4, 2025","It's worth choosing a size larger. Overall, it's okay.",
rw***21,"on Jan 3, 2025",Time will tell if it makes a difference.,
Sielence,"on Dec 25, 2024",Definitely order XL if you are well built at ~80kg,
Shaun Nel,"on Dec 23, 2024","Brilliant product, aligned my hanging shoulder. well worth the money.",
ou***ma,"on Dec 19, 2024","Thank you for the support belt, it's really great.",
Regis Aoao,"on Dec 14, 2024",Excellent product. True to the advertisement. Worth the purchase.,
gr***39,"on Dec 13, 2024","wearing it now, I feel stronger in the upper body.thanks",
Senan Eyvazov,"on Dec 10, 2024","It's very nice, it works well, it's a product worth buying👍",
at***01,"on Dec 7, 2024","The size turned out to be small, but the quality is fine.",
Frederic Wienen,"on Dec 4, 2024","fits great, material is top. Highly recommended",
Ко***ев,"on Nov 30, 2024",Delivered also on time.The product is normal.I advise.,
fl***78,"on Nov 28, 2024","Fits well, is quick and easy to put on",
jo***re,"on Nov 24, 2024",Product to improve back posture.,
olivier lens,"on Nov 22, 2024",Holds the upper body well very good product!,
Mi***et,"on Nov 14, 2024","received thank you,, good and comfortable, happy with this item",
mirco cestaro,"on Nov 12, 2024",I still have to try it but I think it's an excellent product.,
Karine Bonnet,"on Nov 9, 2024","good back support, encourages good posture",
66***68,"on Nov 8, 2024",Solidly made and holds the posture well. Recommend,
Ralf Schalansky,"on Nov 7, 2024",Works flawlessly and fast delivery,
ma***na,"on Nov 1, 2024",It's great for me. It helps me to correct the posturs,
Deliyürek Yasar,"on Oct 20, 2024",Very stable and does what it's supposed to do. Very good 👍,
Ioannis Papakostas,"on Oct 12, 2024","A bit complicated at the beginning, but works well",
fr***83,"on Aug 28, 2024","Perfect
This is exactly what I ordered.",
Ruben,"on Jan 21, 2025","It is ok! Just a little bulky to place it, but after, is perfect...",
76***12,"on Jun 18, 2025",It's great! 🌹🌷🌷💐⚘️🍀🌺🌼⚘️💐⚘️🍀,
Sinisa Sabovljev,"on Feb 28, 2025",,
Ju***7P,"on Jul 9, 2025","Overall, it's okay, but after wearing it for a longer time, it hurts under the armpits.",
Mohammed Masum Miah,"on Jan 25, 2026",It works but it hurts my arm pits when tightening I think it would’ve been a perfect touch if they made it soft padded for arm pits,
umair Kashmiri,"on May 7, 2025",good and comfortable b,
D villa,"on Oct 30, 2024","good and comfortable, perfect",
ha***so,"on Jun 2, 2025",It remains to be seen if it is effective. It does restrict blood flow in the arms a bit.,
Pietro Bau,"on Jan 6, 2025","It does its job and the size is correct, at least for a woman's figure.",
Ga*** T,"on Jul 16, 2025","After a lot of adjustments to fit the back, it finally worked out, and it's quite useful.",
Catherine Ras,"on Feb 4, 2025",Exactly what it says it is. Just something to get used to when using it.,
Precious James,"on Jul 19, 2025",awesome I can adjust my posture properly now,
se**71,"on Apr 17, 2025",It looks good and I'm just testing it.,
Min Khant,"on Feb 12, 2025","received thank you,, does its job, normal, great",
gadset,"on Nov 16, 2024",Its perfect and also can fit with style,
d.***53,"on Nov 3, 2025","Nice product, very usefull!",
John Tshiovo Ilunga,"on Oct 22, 2024",Great quality enjoying it,
m.***ir,"on Oct 12, 2024",Good quality of material,
Ed**se,"on Oct 15, 2025",struggle a bit to get strap to stay on without it coming off...feel comfortable hope it will help posture...,
Алексей Давыдов,"on Feb 4, 2025","Not really the biggest size, but anyway works well. A little bit discomfort to wear it during first hour.",
ne***05,"on Aug 12, 2025",,
Joey,"on Jan 24, 2025",hard to use with unclear instructions but works as intended and fits great,
Akosua Amaning,"on Jan 16, 2026",Comfortable and does the work,
Dubestchris,"on Mar 12, 2025",good and comfortable. really quality,
Fizza Sameer,"on Nov 25, 2024","good and comfy, worth it",
bp**ca,"on Dec 1, 2025",Everything is as described. I highly recommend it,
Filip Svoboda,"on Nov 3, 2025","It arrived in good condition, it's a little puzzle :D",
ju***ns,"on Oct 28, 2025","Excellent cervical corrector, I recommend it.",
The Ridin' Dudes,"on Oct 11, 2025","Everything is great, very good, just as described!",
co***am,"on Sep 19, 2025","It fits perfectly, even better than I expected.",
ni***ie,"on Sep 14, 2025",True to its promise. My son uses it a lot.,
Salma Aârouch,"on Sep 13, 2025",I haven't used it yet but it looks good.,
50***13,"on Jul 24, 2025","A very cool item, very good for posture",
Ridge Leoni,"on Jul 18, 2025","good and comfortable, happy with this item, Posture Correction",
le***95,"on Jul 12, 2025",It helps very well in correcting posture.,
Birger Rokne,"on May 20, 2025",Fast delivery. Easy to purchase. Great product.,
79***62,"on May 6, 2025","Comfortable, soft, durable, and the Velcro fastenings hold well.",
Jonathan Hamilton Gonzalez,"on May 4, 2025",It serves its purpose well and is worth buying.,
ac***ol,"on Apr 24, 2025","Excellent, it does its job well and is of good quality.",
mi***15,"on Mar 21, 2025","Very very good. Excellent, nice. Great",
Belkis Yadira Ortiz Florez,"on Mar 13, 2025","Good product, it was exactly what I expected, and I liked it.",
ki***04,"on Mar 6, 2025","I brought it for a friend, I hope it will be okay.",
Ss***na,"on Feb 23, 2025",My husband is delighted; his back no longer hurts.,
Олжас Нуралиев,"on Feb 20, 2025","The item was delivered to the address very quickly, and I'm satisfied.",
Ge***an,"on Feb 13, 2025","Very good waist support for the back, thank you.",
Karan Gooranah,"on Feb 10, 2025","Does its job, good and comfortable. Will buy again.",
Юрий Лапин,"on Jan 1, 2025",Good product. It fits well and matches the description.,
Bernadette Hamou Therrey,"on Dec 30, 2024","Great, I'll try to stand a bit straighter.",
je***85,"on Dec 23, 2024",All the items were perfect. Thank you.,
Lea,"on Dec 22, 2024","A support that maintains stability would be nice, along with detailed instructions.",
sv***by,"on Dec 17, 2024",The quality is good and usable as expected.,
kr***li,"on Dec 16, 2024",to be seen in the long term if it works,
bi***23,"on Dec 14, 2024","received thank you,, received thank you,, received thank you,",
ti***po,"on Dec 5, 2024","Excellent product, everything as described.",
sa***an,"on Dec 4, 2024","A very comfortable, effective and ergonomic concealer",
el***f0,"on Nov 11, 2024","He does a very good job, what he writes is perfect.",
el***sh,"on Nov 4, 2024","exactly as described, , useful, happy with this item",
73***11,"on Nov 1, 2024",Well received! Happy with this item. Exactly as described.,
Frank Marcos,"on Oct 17, 2024",Everything perfect. Product same as the ad.,
ri***ti,"on Sep 30, 2024",Comfortable and magnificently performs the function,
Alex Aquilina,"on Jun 24, 2025",This has helped me improve my posture when sitting long hours on my labtop,
Alain Robinson,"on Jun 18, 2025",It works well...it keeps the back straight...the quality is good,
930 FILMS,"on Apr 27, 2025","I should have taken a size smaller; I should have chosen an L, but it's fine.",
ToiPromille,"on Apr 21, 2025","It works fine, but the best part is just remembering to maintain good posture.",
Simo,"on Mar 9, 2025",We'll see how it performs later. The material is okay and easy to use.,
Яна Кньовець,"on Nov 5, 2024","Holds perfectly in size, just fit
- only something that rubs a little",
72***43,"on Sep 12, 2024","If you order this wonder, I recommend taking a size larger",
far****is,"on Jan 12, 2025",good and comfortable,
Andrei Cozma,"on Jan 9, 2025",good and comfortable,
sh***y1,"on Jan 9, 2025",good and comfortable,
Slim Splinty,"on Jan 6, 2025",good and comfortable,
bo***13,"on Jan 5, 2025",good and comfortable,
Zoltan Werth,"on Dec 22, 2024",good and comfortable,
Jaykant Chaudhary,"on Dec 19, 2024",good and comfortable,
Ha***an,"on Dec 19, 2024",good and comfortable,
J Bowditch,"on Dec 18, 2024",good and comfortable,
bm***80,"on Dec 17, 2024",good and comfortable,
Waleed Bajowaiber,"on Nov 6, 2024",good and comfortable,
ri***rd,"on Nov 6, 2024",good and comfortable,
Aleksandrs Denisenko,"on Nov 5, 2024",good and comfortable,
Bauyrzhan Zhakanov,"on Nov 3, 2024",good and comfortable,
30***35,"on Oct 30, 2024",good and comfortable,
53***88,"on Oct 30, 2024",good and comfortable,
sa***ly,"on Oct 26, 2024",good and comfortable,
97***36,"on Oct 25, 2024",good and comfortable,
ke***81,"on Oct 25, 2024",good and comfortable,
Eynulla Samadov,"on Oct 24, 2024",good and comfortable,
Dusan Ilic,"on Oct 23, 2024",good and comfortable,
ch***er,"on Oct 20, 2024",good and comfortable,
po***11,"on Oct 18, 2024",good and comfortable,
Dimitry Us,"on Oct 16, 2024",good and comfortable,
ca***lo,"on Oct 16, 2024",good and comfortable,
58***05,"on Oct 14, 2024",good and comfortable,
K. Safi,"on Oct 7, 2024",good and comfortable,
Da***ça,"on Oct 4, 2024",good and comfortable,
Adarsha Lama,"on Oct 3, 2024",good and comfortable,
Rakash Mubarak,"on Sep 30, 2024",good and comfortable,
Ro***ić,"on Sep 28, 2024",good and comfortable,
dr***am,"on Sep 28, 2024",good and comfortable,
Youssefos Ben Gaied,"on Sep 24, 2024",good and comfortable,
Umesh Bhaga,"on Sep 19, 2024",good and comfortable,
Michael Abera,"on Sep 18, 2024",good and comfortable,
Khesraw Etebarzai,"on Sep 14, 2024",good and comfortable,
57***52,"on Sep 9, 2024",good and comfortable,
Thabani Lee-roy Mpofu,"on Sep 7, 2024",good and comfortable,
Ranmuni Roshan de zoysa,"on Sep 3, 2024",good and comfortable,
Gourav Chauhan,"on Aug 30, 2024",good and comfortable,
58***61,"on Aug 12, 2024",good and comfortable,
Tony Ellis,"on Jan 15, 2026","Once adjusted, it’s good and reasonably comfortable",
55***13,"on Jan 24, 2025","does its job, excellent, thanks, all ok",
it***,"on Dec 28, 2024",works as described. good to keep posture,
نجيري دولار,"on Dec 22, 2024","exactly as described, great, received thank you,",
Leon Wright,"on Dec 10, 2024",Great item. Can feel it pulling immediately.,
jo***77,"on May 16, 2025",,
Артемий Джокерович,"on Oct 30, 2024","A little uncomfortable, but it will do. Perhaps I will buy another one that fastens more conveniently.",
Krejzi Kure,"on Dec 23, 2024",Great product 👌,
Oliver,"on Sep 3, 2025","Nice simple watch at a cheap price. Very discreet, but at the same time nice design that makes it stand out from the usual watches. Nice tool that also comes with it for adjusting the strap.",
TheyCallMeEm .W.,"on Sep 18, 2025","Recommend..
Such a lovely minimalist watch which is needed for school. Straps and face covering are all plastic, so its lightweight. Not heavy at all, Very comfortable to wear all day.
Comes with an adjustment tool, as you can see I have removed 4 links to make it smaller.
So easy to use the tool.. Lovely clasp which is very easy to open, (just pinch the sides) and it easily pops right open.",
Rao Reyaan,"on Aug 23, 2025",Very amazing product. I am very satisfied and the best thing is that they send a tool along with the watch to adjust the strap that is very helpful. Highly recommended.,
go*gy,"on Aug 26, 2025","Very nice surprise, made of plastic with kind of pleasant silicon feel, decent quality and better than expected in this price range, also includes a simple bracelet adjustment tool that works really well (and I do have Bergeon at home)",
74***55,"on Sep 15, 2025",Nice modern watch.,
Sian Haven,"on Sep 3, 2025","love it 🥰 for this price not expected something high standard, but package ( only plastic bag as shown on picture) surprise me a lot 🤣Anyway as a gadget just ♥️🌺",
Djordje Jovicic,"on Nov 26, 2025","Super satisfied, the bracelet is lightweight and semi-flexible. It comes with a tool for removing the links from the bracelet to adjust it to your wrist. Highly recommended.",
Ismail Colak,"on Aug 19, 2025","I have to say, I'm happy with the watch. It's exactly what I wanted. It's not a super expensive watch, of course, and the material is cheap, but the look is exactly what I wanted, so I'm very satisfied. It's very quick and easy to adjust the size thanks to the parts provided.",
Adedoyin Ebenezer,"on Jan 4, 2026",It arrived in a good condition. I've been wearing the watch for about a week now. I was also able to adjust it to fit my wrist firmly.,
ti***tu,"on Jan 11, 2026",Nice watch... simple... elegant... and it comes with a strap adjuster to shorten the band. Excellent!,
Tanyel Keskin,"on Oct 8, 2025","We bought it for my wife. She liked it very much. It's of good quality, just like in the photo, and it comes with a shrinkage device inside.",
Simone Pulcini,"on Nov 20, 2025",Very cute and affordable,
Mert öksüzoğlu,"on Oct 8, 2025","It's quite nice for the price. Don't expect high quality, of course, but it's a great everyday accessory to complete an outfit.",
da***xe,"on Oct 8, 2025","It's beautiful, and thanks to the tool it comes with, I was able to shorten the links easily.",
Ajetunmobi Emmanuel,"on Oct 6, 2025",Nice watch I love the color. It came with a gift,
Tino Protrka,"on Oct 17, 2025",,
Ne***23,"on Oct 13, 2025",It took a while to figure out how to adjust the lenght of the strap with the device included. The watch is black and not brown-photo foesn't show real colour. Works well and l like it.,
محمد هدى أبوفرحة,"on Nov 8, 2025",,
Alex K,"on Sep 3, 2025",Also very comfortable to wear,
Aysel Memmedova,"on Sep 28, 2025","It's a very nice watch. I bought it for my son, and he really likes it and wears it all the time.",
Görkem Özyurt,"on Jan 5, 2026","I ordered two of these. The grey one is heavier, while the white one is lighter. They're quite practical for everyday use or for sports. The fact that they're lightweight is a nice bonus.",
Em***ko,"on Sep 23, 2025",Nice piece. Love it. It’s very light and comfy,
73***22,"on Sep 8, 2025",Good quality. Really surprised. And it works. For now is perfect. Cheap plastic but looks good and show the time.,
Angelo Dorino,"on Jan 17, 2026","Really nice, light, and elegant, I'd say. It has a hidden (deployable) closure.",
firyal sleman atto,"on Oct 4, 2025",A beautiful watch,
Diaf Djemai,"on Oct 31, 2025",it's so beautiful I like it,
pa***93,"on Jan 26, 2026","Well made... ultra-lightweight, you forget you're even wearing it... Great for those who find watches annoying, I recommend trying one of these",
Ig***me,"on Oct 17, 2025","The watch is beautiful, and the resizing process was very quick and easy with the included resizing tool👍",
la***69,"on Aug 27, 2025",Very nice. It comes with an accessory to adjust the size.,
Frances Patricia,"on Sep 9, 2025",this is the best thing I've bought of temu for the price. it looks amazing and stylish. the little gadget it comes with to remove the links is great. it's so lightweight and comfortable. I am so pleased with this watch,
Eman Saad,"on Oct 17, 2025","Very good watch, comes with the size adjustment kit.",
Adnan Adnan,"on Dec 3, 2025","looks cool , many compliments",
ch***23,"on Aug 30, 2025","Great little watch, there’s a little plastic clip behind winder, pull it out, set time by turning the knob and push back in, great little adjustment tool comes with it to easily remove segments if too loose, a little hard to see the time as the hands are same colour, other than that it’s great",
Zoltan Both,"on Dec 17, 2025","The size is very easily adjustable, thanks to the pair of adjusters included",
Ecniv Vini Pohsib,"on Jan 30, 2026",Just as the picture shows. Its a lovely watch and looks good with my collection. great value again. Well done TEMU.,
Heaven El,"on Dec 1, 2025",Chic & classy,
Carmine,"on Nov 14, 2025",Very nice!,
im***xs,"on Oct 5, 2025",Fashionable n stylish.. Watch it the youtube tutorial if you want to make it fit your wrist perfectly.,
Ma***za,"on Sep 4, 2025",Good Quality,
Alex K,"on Sep 3, 2025",Very comfortable to wear,
Bani Xolani,"on Jan 28, 2026",I love it everybody keep asking me where did you buy it I smile and say TEMU is the best 💛,
ja***99,"on Dec 30, 2025",Beautiful and of excellent quality. It also comes with an adjuster so you can set it to your wrist size,
in***na,"on Nov 5, 2025","I love it, it's very beautiful and comes very well equipped. It includes a strap adjuster to adjust the size of the band.",
76***14,"on Dec 23, 2025",Very nice and good quality. Very plain but stylish.,
Kikafefe Floris,"on Aug 30, 2025",wonderful,
STAN WILSON,"on Sep 12, 2025","Just wanted a plain black watch and this watch is perfect for me, Low price but got as a free gift so very happy.",
Marianna Petrocelli,"on Nov 28, 2025","I was really impressed with the item I purchased. The quality is excellent, the material is pleasant to the touch, and the craftsmanship is meticulous. The design is elegant yet versatile, perfect for any occasion. I was also very satisfied with the service: professional, helpful, and incredibly fast. It was a truly successful purchase, and I would buy it again without hesitation!",
HEVIN ÜMRAN,"on Nov 11, 2025","Absolutely amazing, beyond words!",
Nicola Pecini,"on Oct 29, 2025","Amazing. Aesthetically, it looks just like in the photo, and it's very lightweight. The bracelet removal kit works well for taking off links, and it's simple and functional. I've replaced my Rolex with this one now. It looks great, keeps accurate time, and you can take it anywhere. It's a rare total black style. I would buy it again.",
ja***s1,"on Sep 18, 2025",wow the texture and finish of this watch-well-its quite lovely.the strap is awesome.if anything the only thing i could ask for is for it to be even better looking.it is special.and i love these low prices.top marks,
mi***73,"on Aug 16, 2025",Stylish watch for more elegant outfits...very light material...the numbers are hard to read...so it's more of a decorative piece on the wrist...but otherwise good,
al***ss,"on Jul 30, 2025","Order placed quickly. The package was promptly shipped and arrived without any issues, a day earlier than expected. I bought 3 white watches that are excellent in terms of quality and price, and certainly practical for the summer to wear without any worries. Nice feel to the strap and the clasp, and I appreciate that they are ""clean"" without any branding. The only difference is that they are photographed in a box but delivered in bags, but that's perfectly fine. Excellent",
le***n7,"on Sep 8, 2025",This is a Christmas present for one of my sons.,
Alex,"on Sep 9, 2025",It's an elegant black pressurized item and comes with the accessories to fit your dimensions.,
Mohammad Wazaifi,"on Sep 13, 2025",,
gk***su,"on Nov 6, 2025","It was a gift for someone who never wears anything other than black as a bit of a joke, but he has worn it every day and loves it.",
pe***06,"on Oct 3, 2025",I like it but it's a present for my lad so I will have to see what he thinks of it. It's unusual that's what I like about it,
ai***ub,"on Nov 17, 2025","Excellent product, definitely worth trying",
Marcos Torres Júnior,"on Nov 1, 2025","Very nice, the material is plastic. But for the price, it's definitely worth it.",
Nani Ali,"on Jan 8, 2026","It looks ideal in terms of appearance. It has a simple, lightweight plastic wristband. They even included a needle to adjust the size, which was a nice touch. Thank you!",
pa***68,"on Dec 20, 2025","I really like it, as I'm someone who loves the strangest and most unique watches. Thank you for the tool to shorten the strap. I really like it",
Niksa Bukilic,"on Jan 20, 2026",Excellent watch👌💯,
Khan Jan,"on Sep 26, 2025",Amazing watch nice style and light weight,
Oleksandr Pashchenko,"on Nov 10, 2025",Stylish and beautiful,
ja***82,"on Dec 10, 2025","exactly as per picture, I like the fact that it comes with the thing to adjust the wrist band part! Great present for loved ones",
ar***s1,"on Sep 10, 2025",Excellent. Beautiful watch. Looks more expensive. Quick delivery. Seller recommended *****,
Andrea Pisani,"on Dec 13, 2025","Nice item, nice design, but not very visible in low-light conditions. I would recommend adding luminous inserts to the hands of the clock.",
Mariajo,"on Nov 27, 2025","I love it, it's exactly as I imagined and comes with accessories. I adjusted the strap to my size and put in a new battery, and now I'm sporting a brand new fashion watch.",
ir***ou,"on Oct 31, 2025","Clean and well-presented product, the watch is very light compared to what we usually wear, and has a nice design. I recommend it.",
ra***ra,"on Jan 11, 2026","Really beautiful, elegant, and great value for money",
Samson Matabishi,"on Oct 12, 2025",its really good 👍 😌 l like it..,
Bello Aminu,"on Sep 2, 2025",the best love it so much😊,
Al Ashkenaz,"on Dec 23, 2025","works. can easily adjust length, lightweight.",
be***73,"on Nov 22, 2025",It's wonderful. I liked it much more than I expected. It comes with the device to adjust it to the size you prefer.,
to***yk,"on Nov 14, 2025",It looks good. It's quite delicate. I'm just wondering how well the matte finish will hold up.,
69***66,"on Sep 9, 2025",easy to adjust due to available of tools.. great experience,
Renka Baghirova,"on Sep 2, 2025",,
Sinan şola,"on Oct 18, 2025","The product arrived as shown in the image, and it's good in terms of price and performance. Thank you.",
Eszter Gabor,"on Nov 1, 2025","Since the photos don't do it justice, I'd rather not attach a picture. I'm very happy I bought it; it's a beautiful matte black watch, the strap is also stylish and it's very lightweight. We also received a small tool to adjust the strap.",
Grzegorz Dziekan,"on Oct 3, 2025","It looks great. The set includes a device for shortening the strap. The only downside is that in a slightly dark room, you can't see anything on it, which is a shame since the indicators don't light up. But it's still worth it. I recommend it.",
Alessandro Ferrari,"on Dec 14, 2025","Cute, very lightweight, looks exactly like the photo, I'm happy with my purchase.",
of nic,"on Oct 29, 2025","The watch arrived in excellent condition, and it even came with a width regulator, so it's top-notch.",
Debora Bertaglia,"on Nov 18, 2025","Perfect. For the price, it offers everything I need. It comes with a device to adjust the bracelet, which is very useful.",
Gianini Alvarez,"on Oct 14, 2025","Very good watch, I thought it would be bigger, but it's a great accessory to adorn the wrist! Excellent piece.",
Liam Geoghegan,"on Oct 13, 2025",had to adjust size which was simple to do myself as it comes with a pin remover. watch is in great condition. love it.,
Mehmet Kekik,"on Oct 9, 2025",The product arrived in good condition and was shipped quickly. Good quality.,
nv***al,"on Dec 27, 2025",amazing 😍 i like that 😻 such a very nice and awesome quality ❤️ thank you,
dutch holland,"on Sep 12, 2025",actually I'm really impressed even comes with a strap adjustment tool. Great quality wearing it now,
69***41,"on Aug 28, 2025","Beautiful, comfortable, and not heavy; it's the original version.",
Irma,"on Oct 3, 2025",The quality is amazing❤️❤️10 out of 10.,
ro***ta,"on Sep 23, 2025",I bought this for my daughter and she loves it. She is 12 so I wanted something cool and helps her read the time but not over priced. What a cool buy! I will get one for my younger daughter too!,
Utathya Bhadra,"on Nov 3, 2025","Nice, as described. very light on hand.",
d0***0k,"on Oct 25, 2025","It looks good, I hope my son will like it.",
Vincenzo Esposito,"on Aug 12, 2025","Very cute, lightweight",
co***hn,"on Jan 9, 2026",Nice watch but very long strap so having to wait for help. No instructions with it,
vero,"on Dec 26, 2025","It was for Christmas, and my son really liked it—even more than I expected! At first glance, everything looks fine",
Samuel Benegas,"on Nov 24, 2025","I highly recommend it! It's incredibly lightweight, and the adjustment tool is fantastic. I'm going to buy the black one now 🤗",
al***on,"on Nov 11, 2025","Very light, deep black watch. Comes with a device to remove links from the bracelet. Super lightweight. Great!",
vl***02,"on Sep 5, 2025",Excellent watch. The teenage child is extremely happy with it. It came with a tool to shorten the strap. Superb. Highly recommended.,
ma***ba,"on Sep 28, 2025",Cheap plastic but feels very smooth and nice. I ordered myself another one!,
jacques manuel,"on Oct 25, 2025","light weight and looks like the ad...
I also liked that it came with a tool to adjust links",
Bafata Leste,"on Sep 6, 2025",Good quality item and fast delivery service! 🌟🌟🌟🌟🌟,
Ângelo Rocha,"on Dec 1, 2025",I especially liked the opening and closing mechanism. It comes with accessories to adjust it to the desired size,
salvatore ninelli,"on Aug 22, 2025","The quality-price ratio is very good, and it also comes with a small accessory for removing lint.",
Mohd Zubair,"on Aug 31, 2025",appearance is good lite weight,
Nic Ra,"on Nov 19, 2025","Very nice and lightweight, I hope it will work well",
Gaab Next,"on Nov 21, 2025","The product is very beautiful, and it arrived quickly",
M. J. Camara,"on Nov 14, 2025",It's beautiful 😍 and so far it's working perfectly. A perfect 10!,
Jay Findlay,"on Nov 7, 2025","Very nice, functional and looks like it could last a while. It is quite loud though I had to put it in my drawer instead of with the rest of my watches on display but it is wearable, functional and it’s got a nice feel to it",
marcela,"on Nov 6, 2025","It's super light, and I really like it a lot.",
ge***65,"on Dec 4, 2025","Exactly what I ordered
Very good quality",
32***51,"on Nov 9, 2025","Beautiful and unpretentious, with perfect quality-to-cost ratio, lightweight for everyday use, sports or other activities, unisex.",
mahmoud hani,"on Oct 4, 2025","More than wonderful, it's lightweight and comes with a tool for shrinking.",
Vito Molea,"on Nov 19, 2025",I really like it. It's very lightweight.,
Francesco Malato,"on Dec 12, 2025","minimal, perfect in black",
Andrea Romano,"on Jan 19, 2026",Very cute and lightweight! 👍,
Is***ia,"on Dec 13, 2025","THE SHAPE, COLOR, AND ACCESSORIES FOR ATTACHING THE STRAP ARE PERFECT. HOWEVER, KEEP IN MIND THAT IT'S A LIGHTWEIGHT PLASTIC ITEM, BUT IT'S CUTE. IT STILL LOOKS GREAT. THE STRAP CLOSURE IS EXCELLENT.",
32***11,"on Nov 11, 2025","The watch works well, and it even comes with a tool to adjust the band if it's too loose. The only drawback is that it sometimes comes off on its own, which is why I gave it 4 stars. However, the watch is still excellent, and for the price, it's an excellent purchase.",
Italia Massimiliano,"on Aug 21, 2025","Very, very light. It's all plastic but seems to be of excellent construction. It's hard to read the time, but the photos are quite illustrative. P.S.: It arrives without a box.",
m***k,"on Sep 10, 2025","beautiful, exactly like pic!",
17***60,"on Jan 25, 2026",I love this Gift thank you timu ❤️❤️,
Yusuf Atmaca,"on Dec 10, 2025",I really liked the product. I bought both the black and white versions of this item. I am very happy with both.,
mi***na,"on Nov 21, 2025","It's really nice, and it comes with a tool to remove the mesh fabric if needed",
Lucia3,"on Nov 15, 2025","Simple enough, it comes with a tool to remove the links on the strap if it's too wide!",
wo***th,"on Aug 6, 2025","Looks good, I really like it!! We'll have to wait and see how the watch performs in everyday use!!!!!",
ABN 3,"on Oct 13, 2025",classy watch!,
Keskeny Boglárka,"on Nov 13, 2025",I love it!❤️,
Лю***ли,"on Jan 6, 2026",They're lightweight and look pretty good,
DEHA YEDEK,"on Oct 8, 2025",Thanks,
Nuri Can,"on Oct 9, 2025","Good, nice, and average",
Alessandro Cirimbelli,"on Sep 4, 2025","Given the price, I expected worse, but it's actually quite nice aesthetically and works well. The only downside is that the black version I have makes it a bit hard to read the time.",
le***72,"on Aug 13, 2025",Lightweight and perfect watch.,
Kai Mohamed,"on Aug 26, 2025",Great watch,
Stevanin Marely Mboussa,"on Oct 29, 2025",I am satisfied!,
Fatmir  Ruhani,"on Oct 10, 2025","It's just like in the photo, excellent",
sandra ruiz,"on Jan 26, 2026",Very nice and elegant. I love that the strap is also made of rubber. Let's see how long it lasts,
en***ro,"on Jan 21, 2026","Beautiful!! For the price, I found it to be nice, elegant, and at the same time minimalist.",
Ascensión,"on Jan 14, 2026","It was a gift from me for one of my nephews for Three Kings' Day, and he absolutely loved it—he wasn't expecting it! Thank you so much",
Özgür Yayın,"on Jan 5, 2026","Good value for money. The product is made of sturdy plastic but looks stylish. For the price, it's quite satisfactory",
Lampo,"on Nov 13, 2025","Excellent value for money, nice, lightweight, and comes with an accessory for sweaters",
na***ra,"on Oct 21, 2025","Lightweight, beautiful watch for everyday use. Be careful when shortening the strap, as the pin may break.",
78***91,"on Sep 18, 2025",This watch is exactly as advertised and I like that it comes with the adjustment tool. Super awsome,
mu***au,"on Aug 25, 2025","A nice watch, and the cherry on top is that a tool for shortening the links is included.",
mi***t1,"on Nov 12, 2025","Nice watch ........... But the picture showed it with a box ....... Came without a box a bit misleading but still a "" GREAT "" product",
an***n7,"on Oct 20, 2025",love the watch ⌚️,
al***15,"on Oct 30, 2025","Same as the product photo in the order page, very beautiful",
J T,"on Sep 26, 2025",For the price I absolutely love it. Can't complain at all.,
ja***93,"on Sep 5, 2025","I had this for free n good job really, if you don't want an expensive watch then this is perfect for you, you do get a link remover with the watch, it's light n cheap",
Be***ca,"on Sep 2, 2025",,
Vincenzo Lopopolo,"on Aug 15, 2025","very nice and light, comes with an adjustable bracelet, no waterproof",
ms***98,"on Sep 7, 2025",,
dutch holland,"on Sep 22, 2025",really good value for money. I've bought two now,
Shittu Sherifat,"on Jan 4, 2026","It looks more okay for men than for women, but is very pure in color and comes with one gadget that I haven't yet found its uses.",
Pierpaolo Lisco,"on Oct 30, 2025","Plastic watch, perfectly identical to the photo. It arrives in a small bag and not in a box as shown in the photos. You get what you pay for.",
Ra***ić,"on Sep 20, 2025","The watch is nice. You shouldn't expect much from a watch in this price range, but as a subtle detail that shows the exact time, it's worth it.",
Ya***AR,"on Jan 26, 2026","The watch is aesthetically pleasing, and it's lightweight. It's great for everyday use!! I also bought it in white.",
kadir çelikten,"on Jan 1, 2026","For the price, this product is really great! It looks very stylish and elegant, and it definitely catches the eye. I highly recommend it",
Bako Dora,"on Nov 28, 2025","It's very nice, I was pleasantly surprised. They also sent me an eye makeup remover (which was a nice surprise)",
ey***cı,"on Oct 2, 2025","For its price, it is very stylish and of high quality, and it comes with a device that allows you to adjust the strap size.",
Anne Grundy,"on Sep 30, 2025","very nice watch, comes with a little tool to remove links if too big,",
93***97,"on Jan 23, 2026","Very lightweight, exactly as pictured. The materials are just okay, though. For this price, they're great!",
Matteo Tomasi,"on Jan 16, 2026","Very cute, works well, Father Pio and all the saints sucking on their penises",
ph***er,"on Sep 1, 2025","Works fine, looks fine and easy to read in daylight, not so good in the dark..",
ru***us,"on Sep 13, 2025","Nice watch, small but nice",
Moeketsi Motaung,"on Oct 31, 2025",Excellent texture and a good product ❤️. I love it,
bruno piaggio,"on Nov 18, 2025",I used the bracelet adjuster that came as a gift to fit it on my son's wrist. It seems to be of good quality,
Luca Giordani,"on Dec 5, 2025",spectacular,
li***48,"on Nov 15, 2025",What an amazing bargain. Chunky. Comes with a tool to remove links. Fabulous.,
Abdallh حبيبي والله,"on Sep 22, 2025",Beautiful watch,
ddubem obuezue,"on Jan 11, 2026",love it simple and classy,
Bu***li,"on Aug 4, 2025",good product highly recommended . well worth for money . i live it,
Bu***li,"on Jul 23, 2025","Good product and very beautiful, same as a picture",
Sweet Cakes by M,"on Jan 24, 2026",Good product. Recommended,
Th***na,"on Sep 25, 2025",Love it ❤️❤️,
Yadurshikka Navaratnarajah,"on Dec 9, 2025",good quality 😍,
Pavani Amanda,"on Aug 21, 2025",perfect and elegant,
nimesha perera,"on Jul 24, 2025",beautiful,
Daksha Sha,"on Jul 18, 2025",good,
lelaaa,"on Jul 28, 2025","It looks really nice 😍 elegant, the gold color looks really beautiful and it's in perfect condition without any damage. I'm going to order a few more pieces soon for gifts. Highly recommended 💕",
Benish Zulfiqarali,"on Jan 26, 2026",Looks classy. Very reasonable. I didn’t expect it but it looks very beautiful😍😍,
Anna Batih,"on Jul 11, 2025","The watch is wonderful, everything is just like in the photo. The color is beautiful, a soft pink that goes with everything and adds a certain charm. I shortened the strap by 5 links for 100 UAH. It arrived quickly, intact and undamaged.",
Аніта Сілкіна,"on Jul 12, 2025","The order arrived on time. All items came together in one package✔️
The product fully matches the photo and the stated characteristics✨️
Thank you🩷",
da***00,"on Jan 2, 2026",looks really pretty and the colour is a pretty gold colour. i have a small wrist and it is a little big on me but overall the quality is good and its really beautiful,
Մ. Ալ եքսանյան,"on Jul 22, 2025","Nice, beautiful watch in an elegant style, but the clasp is a bit tight.",
Še***ić,"on Dec 12, 2025","The watch is in good condition. It arrived well packaged and undamaged. It's a very elegant watch, and I recommend it to anyone who is hesitant about buying it. For a small price, you get a beautiful watch ✨️",
Orhideea,"on Jul 31, 2025",Cool,
Veronica Gramada,"on Jan 24, 2026",It's beautiful. It comes quite wide and needs to be tightened up.,
Ка***ко,"on Nov 28, 2025","I really like them. I've been wearing them for about a month now. I try not to get them wet in water. So far, they haven't darkened or oxidized. They look good on my wrist. The earrings can be removed.",
Hala Alsnaid,"on Dec 9, 2025",It’s really beautiful and elegant you can adjust the size by the small dots on the sides,
Mira Amira,"on Jul 9, 2025","beautiful ❤️, thank you great gift",
maham aamir,"on Jun 23, 2025","thank you great gift, fast and no problems, well worth the money, absolutely beautiful, pleased with quality, very comfortable fit, makes a nice present",
Hadiyaabid33 Hadiyaabid33,"on Sep 3, 2025",It was good I like it,
Олена Стасюк,"on Oct 26, 2025","A fantastic watch, very high quality, beautiful, and looks expensive",
to***al,"on Aug 10, 2025","Great watch, comfortable and aesthetically pleasing. I replaced the links myself; the tool for that is sold on this website at a low cost.",
sc***ng,"on Jul 9, 2025",Seem really good so far…don’t know if it’ll tarnish yet.,
He***ić,"on Sep 14, 2025","I respect though this would be like some plastic watch snd nothing like photo, BUT it's actually turned soooo good i am obsessed with it. It's on the right time, and looks amazing, like real luxury watch",
bo***88,"on Jan 27, 2026",Very elegant and even better than I expected!,
Сл***пи,"on Nov 12, 2025","The watch is really great!!! Up close, you can see it's made by our Chinese friends, but it's not bad at all! Everything seems to work well here. The Van Cliff bracelet is also amazing, and the whole set is awesome.",
Ан***на,"on Nov 2, 2025","The watch looks nice. The strap was too big for me, but that was easily fixed.",
Bo***ay,"on Jul 8, 2025","beautiful ❤️, good, thank you great gift",
Anastasiia Koval,"on Sep 9, 2025","It looks nice and miniature. To adjust the strap, I bought a special device for a few cents more. Thank you.",
Viiktoria Budz,"on Oct 10, 2025","Elegant, precise, and comfortable watch. Looks great on the wrist, suitable for any style. Minimal maintenance, maximum aesthetics 👌",
Анна Панаитова,"on Aug 30, 2025","Yes, for such a price, these are absolutely gorgeous watches 😅",
Olena,"on Oct 20, 2025","Very nice 😍 The clasp is a bit tight, my husband had to work on it a bit, but overall the impression of this watch is pleasant 👍🏻",
Noumidia Boumahtour,"on Dec 19, 2025","Awesome, you're the best! 😍😍😍",
Herkul Boy,"on Oct 5, 2025","I quite like the watch, but the bracelet is a bit too big for me, so keep that in mind. My wrist is on the smaller side... everything else is great.",
hellisha,"on Jan 11, 2026","Great, but for a thin wrist, you'll need to remove some links. This can be done with a needle and flat-nose pliers.",
Віталія Циганкова,"on Jan 28, 2026","Nice, bright, and for this price, they're a steal! I wear them all the time!))))",
Im***ri,"on Jul 31, 2025","Very pretty, I like it.",
Светлана Голуб,"on Jul 16, 2025",Great product. Everything works. The clasp is nice. I recommend it!,
Na***wo,"on Oct 18, 2025",so cute and gives off the subtle classy look I wanted,
Bo***ae,"on Aug 6, 2025","It’s so beautiful, and good quality, hope the colour doesn’t change",
Sh***an,"on Jul 8, 2025","The watch looks exactly like advertised. It’s elegant but it’s loose, additionally, the dial is a bit hard to rotate but other than that it’s value for money!",
maham aamir,"on Jun 23, 2025","well worth the money, absolutely beautiful, very comfortable fit, makes a nice present, excellent. l love it, lovely watch, thanks",
Ze***ir,"on Oct 13, 2025",So nice i like it its a bit big but im sure you can make it smaller,
Анастасия Сидоренко,"on Nov 3, 2025","They are great, but the length needs to be adjusted a bit. Otherwise, I liked everything. They arrived in Ukraine in 5 days😍😍😍",
50***23,"on Aug 21, 2025","Good quality, arrived very quickly, looks really nice... I received a lot of compliments. It's a bit big, so I had to adjust the hem. I highly recommend it!",
Лєна Пилипенко,"on Aug 17, 2025","Nice watch, looks stylish.",
iPhone 11,"on Oct 7, 2025",Wowwwww it's very very nice,
Te***e2,"on Jul 31, 2025",Lovely shade of gold. Very pleased,
Діана Кушнір,"on Aug 7, 2025","Very nice watch, but it's too big for my wrist. It started working easily, and for this price, it's a great deal.",
ya***au,"on Sep 11, 2025",Very Pretty!,
63***73,"on Oct 29, 2025",,
Ani Eganyan,"on Jun 26, 2025",,
Владислава Каменчук,"on Oct 13, 2025","The watch is great, it looks expensive! But it's too big for me, I won't be able to wear it😒 So if you have a slender wrist, keep this in mind.",
du***93,"on Jul 26, 2025","Delighted, I'll order the gold one with pink and white as well 😇 Order it, you won't regret it",
Ruba,"on Jul 23, 2025",superb quality.... worthy 🌠,
jo***95,"on Jan 14, 2026","It looks great! But it's hard to open—I even broke my nail trying to open it :( It was too big, but that's not a problem, I managed to shrink it myself. It looks really nice and natural",
SIHAM Belhaj,"on Jul 12, 2025","Good product, as described. I'll use it and give my feedback.",
Su***er,"on Dec 29, 2025",very nice at first glance . although it is a bit more yellowish than I thought. and it is hard to open the knot of it's bracelet,
ba***10,"on Jan 9, 2026",,
56***53,"on Jan 10, 2026",Looks perfectly amazing and just as shown in photo.,
53***20,"on Jul 30, 2025","Wow, it looks great, but it's a bit too big. I'll need to figure out how to adjust it somehow.",
Tatiana Andreeva,"on Jul 28, 2025","The watch is worth the money and will look very beautiful in the picture. The strap is too big, and it's very difficult to resize it; it needs to be taken to a workshop.",
aa***c1,"on Dec 6, 2025",I love it,
ma***c8,"on Oct 23, 2025",Very nice! ✨,
Aleena Naushad,"on Jun 27, 2025","thank you great gift, fast and no problems, well worth the money",
Алена Прокопчук,"on Nov 12, 2025","Well, it's a very nice watch. It looks so elegant on the wrist, I'm just thrilled. The only issue is that the strap is too long. I'll either have to take it to a watchmaker to shorten it or try to do it myself. Also, the clasp is very tight; I closed it, but had to open it with a knife. Maybe it's because the clasp is new and needs to be loosened up. But the visual appeal of the watch outweighs these drawbacks; it's amazing!",
ch***59,"on Jul 29, 2025",magnificent,
Slađana,"on Sep 5, 2025",,
Onyeka Yeka,"on Jan 26, 2026",I love this . still use it till this day and it's the only watch I have.. good quality. I'm impressed,
Nina Nina,"on Sep 5, 2025","It's exactly as in the photo, and it's very beautiful. 🎉",
Руслан Калюжний,"on Jan 9, 2026","Great, I really like them! I recommend them",
Indira Dosmuhanbetova,"on Aug 12, 2025",Very beautiful!,
Dh***ni,"on Dec 6, 2025",kindly note that it is an universal size and you might need to resize it- which trust me it was no biggie a two-minute fix.,
Areeba Rana,"on Jun 29, 2025","beautiful ❤️watch love it , fast and no problems, good quality product, excellent. l love it😍😍",
Ardita Jashari,"on Sep 30, 2025",its so pretty and already has a battery inside,
Dragana Vili,"on Aug 16, 2025","Looks nice, clasp holds well.
Not sure how long it will last, as the bracelet looks ""plasticy"" and probably the silver color will wear off.",
Діана Кліміна,"on Feb 1, 2026","I really liked the watch! I shortened the strap, and it looks absolutely fantastic 😍",
Оля Папенко,"on Jul 31, 2025",,
Alex,"on Oct 7, 2025",,
Діана Залуцька,"on Jul 9, 2025","One pair is a bit too big, but otherwise I'm very satisfied.",
Валерия Дуботалова,"on Jul 20, 2025",,
lejla,"on Nov 3, 2025",bit big but very elegant for price,
ma***32,"on Aug 20, 2025","The quality is better than expected! Great product, I like it!",
52***10,"on Aug 16, 2025",Super cute and exactly like the pics. It looks VERY elegant and the details are super cute and it doesn’t look cheap.,
Юлия Береговая,"on Aug 13, 2025","10 out of 10. Very nice, high quality. Everything is just like in the photo.",
Пелагея Мурашкинцева,"on Sep 21, 2025",Everything is great 👌 I highly recommend it,
Edita Cocalic,"on Sep 9, 2025",Everything is in accordance with the description. Highly recommended.,
Юлия,"on Jul 24, 2025","The watch is very beautiful and elegant. Thank you, Temu!",
an***09,"on Oct 2, 2025",Wonderful for such a price! The clasp is very reliable.,
Natalya Ryabchuk,"on Jul 19, 2025",They look great. I'm satisfied with the purchase.,
Guliza,"on Nov 22, 2025","It's a bit on the larger side, but overall it looks beautiful, just like in the photo",
Ira Viktorovska,"on Oct 8, 2025",Nice. The strap is long.,
Ma***h,"on Jan 15, 2026","I had to adjust, it had a super tight lock. but it's really nice",
Іра Вовчиця,"on Dec 20, 2025","The watch is amazing, I even don't want to take it off! The only thing is that the strap is too long and needs to be shortened",
Анастасія,"on Nov 13, 2025","Super watch👌 For the price, it's just great) The strap is a bit too long, but I think I can shorten it without any problems",
Ta***ta,"on Oct 14, 2025","Wonderful watch, just like in the photo. The dial is not as bright pink, but it works fine. The clasp is very tight.",
Am*ra,"on Jul 10, 2025","Excellent watch. For those with thin wrists, the bracelet is too large, but it can be shortened... all in all, an excellent watch.",
nessa,"on Jan 5, 2026",i like it,
ti***23,"on Sep 19, 2025",Love it. It’s same as in picture,
74***14,"on Dec 3, 2025",gift for my mom she loved it so much fit perfect,
Katarina Lukic,"on Oct 5, 2025",Excellent quality for the price! Highly recommended!,
Syeda Ume Abeeha,"on Dec 3, 2025","I really love these watches,the lock is quite hard to open otherwise all good!thanks for delivering on time",
Victoria Platon,"on Jan 11, 2026",The size and design are nice. We'll have to see how the color holds up after a few uses🙂,
Alena Kogut,"on Jan 4, 2026",,
ji***hx,"on Jan 17, 2026",Love them,
шашамш даадща,"on Oct 13, 2025",Wonderful😻😻,
31***71,"on Jul 21, 2025",Nice 👍,
Natalia Golub,"on Aug 13, 2025",A good product for its price! I recommend it.,
Мария Войтенко,"on Jan 24, 2026","For the price, it's great! Looks luxurious. The dial is a true black, not a blackish or dark blue one. Personally, the strap is too big for me, which is the only drawback, but it's fixable",
Вл***ва,"on Dec 19, 2025","The watch is simply gorgeous! I was afraid the dial would be too big, but no, it's small and miniature",
Di***mo,"on Dec 11, 2025","Very beautiful! I really like it. It was a bit too big, but I adjusted it to fit my hand size",
Maruna Makarchuk,"on Aug 10, 2025","Nice watch, feminine and elegant, a bit large, I'm not sure yet if I can resize it",
Ka***ls,"on Aug 29, 2025",Simple & elegant ❤️,
Adna Avdic,"on Jul 10, 2025","exactly as described,well worth the money",
Assy,"on Jul 31, 2025",Absolutely stunning in quality and very elegant,
5 2,"on Sep 2, 2025",Amazing!,
Галина Ивасык,"on Jan 22, 2026",Very nice watch,
55***40,"on Sep 22, 2025","They work well, they're cute, and I removed the strap.",
un***na,"on Jan 18, 2026","Excellent, highly recommended!",
91***34,"on Jul 12, 2025","I got this as a gift from Temu and it's really beautiful
thank you Temu",
77***69,"on Sep 26, 2025","Excellent, I really like it",
70***95,"on Nov 9, 2025","BUY IT, it's amazing! The photo doesn't even begin to show how beautiful the watch looks in real life",
70***22,"on Oct 13, 2025",I really liked this watch😍,
Sara Randjelovic,"on Oct 4, 2025","Beautiful, just like in the picture!",
Ha***ić,"on Sep 16, 2025",It is beautiful,
Анастасия Інакій,"on Jul 29, 2025",It looks nice,
77***14,"on Dec 22, 2025",,
Ese Ukwat,"on Oct 28, 2025",Love this item so much was worth it,
Uliana Fediuk,"on Sep 27, 2025","Wow, the watch is really cool. It's a bit heavy, but you just need to adjust it to fit your wrist.",
Aisha Wworld,"on Jan 6, 2026","It's good, but there are tiny scratches on the surface. It looks handmade and like it's been used. Other than that, it's nice",
Вера Селюк,"on Jan 14, 2026",Wow!,
Катя Грищенко,"on Sep 2, 2025",The watch is wonderful,
Oy***mi,"on Aug 23, 2025",My best purchase so far,
te***96,"on Nov 11, 2025","It's very beautiful, I highly recommend it❤️❤️",
Елена Королёва,"on Jan 29, 2026","The watch is working fine, everything is okay",
nəzakət,"on Jan 10, 2026",👍🏻👍🏻,
Євгенія Глобак,"on Dec 24, 2025",,
Yana Feshchenko,"on Jan 30, 2026","Nice watch. The strap was too big for my wrist, but I was able to adjust it easily.",
Julijana Stevanović Kajiš,"on Oct 25, 2025","An interesting fashion detail, a correct mechanism, and good quality for the price.",
Нуржамал Сагынбаева,"on Jan 27, 2026",,
so** y,"on Nov 30, 2025",Awesome!,
Me***li,"on Jan 28, 2026",Awesome! 🫶🏻,
No need,"on Oct 22, 2025",,
Эля Марицой,"on Dec 31, 2025",,
Мария Цуркан,"on Nov 22, 2025",These are very cute watches,
70***97,"on Sep 3, 2025",Exactly what I ordered and it’s really pretty 😍,
Ан***ан,"on Oct 31, 2025",Cool watch!,
70***31,"on Dec 17, 2025","These watches are great, really nice! They're a bit big, but it's not a big deal. The quality is 10/10.",
Мирослава,"on Dec 4, 2025","The watch is great, looks very nice on the wrist. Everything works perfectly. It's worth buying",
Tatiana Fortuna,"on Nov 10, 2025","The watch is very beautiful, everything arrived in perfect condition, thank you to the seller.",
Anja,"on Sep 15, 2025","For the price, the watch is top-notch, it works perfectly and looks really good on the wrist.",
e_***ka,"on Sep 15, 2025",Excellent watch,
Dounya Ghouzali,"on Oct 19, 2025",Very beautiful,
Mira,"on Oct 27, 2025","It's amazing, and its quality is excellent.",
Аня Білршицька,"on Nov 14, 2025",just like in the photo,
uyanga bold,"on Jan 23, 2026",,
Александра Якубенко,"on Oct 7, 2025",,
Анастасия,"on Oct 31, 2025",I'm happy 😍,
vi***ra,"on Jun 14, 2025","Absolutely loved it!
The product arrived exactly as described and in perfect condition. Great quality for the price, and the packaging was neat and secure. Delivery was surprisingly fast too! I’ve already recommended it to friends and will definitely be ordering again. Thank you, Temu!",
Sandun Sudarshana,"on Jan 3, 2026",Highly satisfied with the item. sound quality is amazing. Recommending for everyone,
Nadeera Ashkar,"on Aug 18, 2025","Good quality, the sound is great.clean sound clear. worth for the price .",
Ruwini Madumali,"on Sep 10, 2025",it's best product. comfortable noise. amazing.,
samantha priyalal,"on May 18, 2025","Good sounds, Bass is normal, worth the price
Good battery life so far
Thanks 👍",
DulaZ Bro,"on Apr 27, 2025",perfect for my needs 🔥 nice product good quality 😉,
Ak***ge,"on Jun 2, 2025","Excellent , worth for the money, recommend ❤️❤️",
Shan Perera,"on Aug 19, 2025",Works fine good product to buy from Temu,
Sadun Basnayaka,"on May 29, 2025",high quality products and highly recommend,
SA77,"on May 1, 2025","good product. , perfect for my needs, well worth the money",
Shashika Prabath,"on Aug 15, 2025",good quality. good sound.,
Indika Kuruppu,"on Sep 21, 2025",Delivered on time and very satisfied with the product! The mic level is a bit low. But the overall sound quality is super! Especially the bass is very good!,
Sampath Gunathilaka,"on Jan 31, 2026",bass is good. quality sounds,
anuradha daksitha,"on Apr 26, 2025",superb and high quality,
71***74,"on May 7, 2025",Excellent item..quality sound,
Heshan Kalhara,"on Jun 18, 2025","nice sound quality, good battery, lovely 😍, well worth the money",
Sureskumar Sempotsotheswaran,"on Aug 18, 2025",very good sounds,
sh***89,"on Jul 14, 2025",meeting expectations. excellent thank you. perfect for my needs. nice sound quality. well worth the money.,
77***21,"on Jul 19, 2025","good sound quality, recommending to buy, but I started today and couldn't check the battery standing time",
Kasun DA,"on Jun 8, 2025",Sound quality good. Received on time . Wel packed .. battery time need to check .. recommended,
76***40,"on May 20, 2025",Perfect packing. Excellent product. Quality sounds. Really glad that i bought this.,
Lakshika Keragala,"on Sep 9, 2025",excellent,
Chathuranga Piyumal,"on Jan 6, 2026",Good quality product.Worth for the price♥️✨️,
tamil dubes,"on Jun 19, 2025","excellent thank you, its work around 7 hrs for charge best product",
Shashika Vibudda,"on Oct 15, 2025",good product really very nice and superb sound system ❤️🇱🇰,
Ummu Reesha,"on May 31, 2025","nice sound quality, perfect for my needs, outstanding, good sounds, good sounds, great",
Kelum Nagodavithana,"on Jul 30, 2025",Look is very smart. Package charge and buds charge time also high.durablity is awsome. I'll give (8.8/10),
Razeen Inshaaz,"on May 4, 2025","well worth the money, nice product, working fine, thanks",
Ra***ya,"on Aug 7, 2025",Quality product. Great sound and call quality. Highly recommended.,
An***ra,"on Jun 16, 2025",amazing. Good sound quality and nice cancellation works well,
Pramila Wickramanayake,"on Aug 24, 2025","Good condition , value for money.",
Shady Feroz,"on Jul 13, 2025",Looks great and hope it works well,
Devin Jayasena,"on May 14, 2025",Worth for the money. Sound also good,
tharindu Jayaweeratdtd,"on Aug 5, 2025",Good product and safe delavery,
Samrin Mohamed,"on Jul 12, 2025",super sound very good products,
tharindu lakmal,"on May 22, 2025",super sound and good product.,
Lasitha Sahan (AIM),"on Aug 17, 2025",Quality product. Sound is very good with bass.,
Mudalige Chandika,"on Aug 28, 2025",Excellent Product..valve for money,
sasini savidhya,"on Jun 14, 2025","excellent thank you,, perfect for my needs",
Mohamed Naizer,"on May 26, 2025",Good sound very nice looking,
sawasana sadewaka,"on Apr 28, 2025",Good sound and Quality product,
Shamali Rajakaruna,"on Jan 25, 2026",Handy product . I like it,
Mahesh Sanjeewa,"on Sep 8, 2025",Very Good And Nice,
70***46,"on Jan 10, 2026",still work properly .goof product,
Ravindu Ashan Senarathne,"on Oct 21, 2025",Sounds are really good.recommend this🔥,
Mineth Gunawardena,"on Sep 2, 2025",works great for the price,
Rakitha Himala,"on Nov 13, 2025",nice and high quality,
Senarath,"on Aug 29, 2025","great product, highly recommended",
Shyama Dulani,"on May 12, 2025",", excellent thank you,",
pramuditha nimmana,"on May 7, 2025",it is really amazing,
Asanka Ruwan,"on Apr 27, 2025",superb I love it....,
madhu dissanayake,"on Apr 21, 2025",perfect for my needs,
Thisulavi Bandara,"on May 10, 2025",Decent sound. Worth for the money,
Madhu Liyanage,"on Aug 16, 2025",Better than expected.🙂❤️,
da**nm,"on Aug 4, 2025",Supper quality sounds,
Gayan Kapila,"on Jun 12, 2025",thank you.good quality,
chamara sampath,"on Jun 1, 2025",nice sound quality,
pramuditha nimmana,"on May 7, 2025","excellent thank you,",
uvindu hasara,"on Apr 24, 2025",Very good item,
Sa shan,"on Jan 3, 2026",Very good,
mp***ep,"on Nov 8, 2025",Nice Product,
Shamila Harankahawa,"on Aug 21, 2025",Good product,
prabath thiwanka,"on Jul 28, 2025",quick delivery,
Tharindu Sandaruwan Liyanagamage,"on Jun 12, 2025",good product,
atheef abdulkalam,"on May 9, 2025",nice product,
fa***et,"on May 5, 2025",nice product,
Mohamed Rukshan,"on Apr 8, 2025",perfect items,
Fast Ant,"on Jun 17, 2025",This is absolutely fantastic!,
Fast Ant,"on Jun 17, 2025",This is absolutely fantastic!,
th***on,"on Oct 18, 2025",Good,
Api Apirakshan,"on Sep 20, 2025",good,
Nisha Rooff,"on Aug 30, 2025",good,
khalith sulaimalebbe,"on Aug 23, 2025",Good,
hesara,"on Aug 23, 2025",excellent,
SD Bodhi,"on Aug 21, 2025",good,
Ra***al,"on Jul 25, 2025",super.😊,
77***09,"on Jul 25, 2025",Superb,
malith laknath,"on Jul 13, 2025",good,
Chiran pazi,"on Jun 18, 2025",Great!!!,
klin enna,"on May 31, 2025",good,
Malik Poorna,"on May 1, 2025",best,
Rakshi රක්ෂි,"on Apr 30, 2025",Awesome,
H.M Arshad,"on Jun 10, 2025",good,
Max Max,"on Jul 26, 2025","For their low price, these are very high-quality headphones, comfortable to wear. They sound great. I'm happy with these ""little friends"" of mine. Spotify + Acer = energy😉😉😉👍👍👍",
Andrea Kelebercova,"on Aug 4, 2025","I'm absolutely thrilled, great stereo sound, they fit well in the ears, and they even come with 4 spare rubber bands. The design is really nice, now I just need to test the actual battery life.",
Peťa & Míša,"on May 30, 2025","Excellently crafted, high-quality branded Acer headphones. They arrived very well packaged, with a box containing replacement ear tips of various sizes, a charging cable, and a manual that is even in Czech. The connection was seamless on the first try, and they sound good, but you can't expect high-quality sound for the price. However, if you're not too picky, it's an excellent purchase. Thank you, Temu, and I definitely recommend the product 👍",
JAGGU,"on Apr 16, 2025","excellent thank you, Mashalla... Excellent Superb... sounds quality I like it... very good product and sound quality also Superb 👌👌👌",
Bence Molnár,"on May 29, 2025","It was a very good purchase. Clear sound, touch control, much better than I expected. Thank you, Temu.",
benjamin nanna,"on Jun 20, 2025",arrived and in good shape. I like them,
Muhammad Hassan,"on Jun 25, 2025","I was not expecting it to be this good. It is exactly as it is in the pictures. The sound quality is brilliant. The battery life is good. But if you don't fit it perfectly, it may fall.
The size is also perfect. It doesn't irritate your ears.
The manual contains all the instructions on how to operate it.
In short, it is a high quality product.",
gk***85,"on Jul 25, 2025","A bit big for the ear, but the sound is really great. It connects to the phone quickly.",
A-vii Jung Malla,"on Jul 25, 2025",Best Earbuds nice sound quality arrived fast love it,
Св***ко,"on Jun 17, 2025","For their price, the headphones are simply perfect - they hold a charge for a long time, the sound is very loud, and the quality is quite good. They connected to the phone quickly and without any issues. The shape of the headphones is not familiar to me, but it turned out to be very comfortable - they fit snugly in the ears and don't fall out. The headphones come with a charging cable and additional rubber ear tips. Definitely a worthy product that is definitely worth your attention!",
71***38,"on Jan 16, 2026","I gave a review after using it. I am very happy to get this product. It is an amazing product. Considering the price, its sound quality is very good. The quality of the mic is also good. It is very easy to use. Thanks to the seller.",
Filip Mazur,"on Aug 4, 2025","Surprisingly good sound quality for the price. The headphones are well-made, the case holds the lid securely and doesn't open accidentally, the headphones are comfortable, and the touch controls work perfectly. So good that I ordered a second set.",
an***26,"on Jun 18, 2025",Excellent value for money. I recommend it!,
Ab***09,"on Jun 29, 2025",I am in love with these Earbuds. I have previously ordered 2 and now again 2 more. If you are looking for a high quality sound and high quality calling Earbuds then these buds are highly recommended.,
Марина Птушко,"on Aug 25, 2025",,
ur***db,"on Sep 4, 2025","Hello everyone. Product - wireless headphones. Undoubtedly very well-made individual parts. They were charged before the first use. Tested only in terms of music! on various styles - jazz, classical, rock, chance, r&b, rap, hip-hop, pop, disco, film music, radio. Listenable, it handles everything. Rating - if someone likes bass, then let them order it right away. They are their strong point. They push it deep and clean, without rumble and resonance. High frequencies end somewhere at 17kHz. At really high volume, they don't like it anymore, but it's already tearing your ears. The width of the space does not stand out in any way, but everything is recognizable in the music. They are surprisingly very, very good and for that price! Wow. They would be perfect if the manufacturer had that little veil in front of the music removed. But it's a compromise. I think the endurance when listening to music will be as the manufacturer declares. I don't see any difference between game and music mode. The logic of control is about habit. They fit very well in the ears, do not press and are not uncomfortable even after several hours of use. By the way, exactly according to the seller's description. I highly recommend it. Thank you seller and Temu.",
jo***te,"on Jul 1, 2025","I'm testing the audio, and it seems to have good quality. Let's see if the battery is durable and if the headphones themselves are also long-lasting.",
ma***65,"on Jun 5, 2025","I bought a second pair for my car, and the headphones are fantastic!!! I truly recommend them wholeheartedly with a clear conscience!",
Da***ps,"on Jul 19, 2025","The earbuds is amazing, i like it and the quality to gud also, battery last longer than I expected, nice sound quality, well worth the money. I am loving it and am sure it will last longer",
us***57,"on Apr 21, 2025","Nice product, well worth the money, lovely fit and sound, better than expected, cool pair or earbuds, highly recommended, brilliant, fantastic, Nice product, Nice product",
Aneliya Borisova,"on Oct 23, 2025","the build quality is very good, the sound is again very good, the battery is very durable, they are excellent i recommend 100%",
Elsie Otusi,"on Aug 4, 2025",Bravo! Bravo!! Bravo!!! This is best Earbuds I've ever bought online. Good quality and powerful sounds. I love it and will order another for my husband. ❤️❤️❤️❤️❤️❤️❤️ I recommend 100 %,
ne***ic,"on May 12, 2025","The sound is excellent, the bass is very strong. I was thrilled. I've only used them for a short time, so I don't know how long the battery lasts. They're worth every penny!",
Zahid shah,"on Jul 1, 2025","brilliant, fantastic, excellent thank you,, lovely 😍",
T. K.,"on Jun 24, 2025",Excellent quality and a very durable battery. It also has a long range. I recommend it!,
Rn Av,"on Jul 15, 2025","The quality is 99% excellent, the sound is very strong and clear. They fit snugly in the ears.",
79***21,"on Jun 25, 2025","Very good indeed, the sound is excellent, the frequencies and bass are wonderful! I recommend it!",
mario lillo,"on Jun 29, 2025",Really excellent. They fit well to the ear cups and offer good audio quality. The quality-to-price ratio is unbeatable.,
Алексей Ляшенко,"on Aug 7, 2025","I like them. But I have JBL ones, and these sound somewhat different. Overall, they're great.",
Pratham Kaiparambil,"on May 17, 2025","the sound is amazing and honestly very clear highs and lows, I've had problems in the past with earbuds falling out of my ear but these stay snug perfectly in my ear",
Wasiu Ajibola,"on Jul 31, 2025",,
ky***14,"on Aug 5, 2025","They seem to be working well; so far, the battery is holding up and it connects well to the phone.",
Oy***wu,"on Jan 8, 2026","value for the price.
great for music
no noise cancellation
basic TWS
struggled a bit with the controls",
ma***65,"on May 26, 2025","So far, the headphones are working great. I can highly recommend them! They are very well protected for transport.",
Sinan bulut,"on Dec 27, 2025",Great for the price!,
87***23,"on Apr 24, 2025","work. first time I used them they worked for almost 6 hours without stopping, but right one worked half an hour less
comfortable sit in the ears",
55***79,"on Oct 4, 2025",Excellent,
Ronald Calindong,"on Oct 2, 2025",good quality item .. thanks a lot temu ..,
te***on,"on Apr 30, 2025","Excellent product, sounds great. The seller did a great job. It's packaged in a separate box and the original packaging has a nice design, making it very suitable as a gift.",
На***я,"on Jul 8, 2025",The package was well sealed. The sound in the headphones is very good 👍,
za***13,"on Jan 17, 2026",This is one of my best purchases. I love it so much. It’s so loud and it lasts very long. And it doesn’t hurt the ear.,
lu***40,"on Jul 21, 2025","I can tell that these are the right headphones. It's a shame I can't convey the sound in a comment. They sound impeccable, with a clarity like premium headphones, and they isolate external sounds. They come with rubber ear protectors in different sizes, a USB C charger, and I'm very satisfied. I'm back with a review after testing the battery life. Relatively fast delivery, about 7 business days, I think, or maybe less. Thank you, Temu!",
Sergio Andrade,"on May 24, 2025",I liked the headphones; they are good and have a great sound. They arrived in perfect condition.,
ma***l,"on Jun 5, 2025","Very good headphones, they feel sturdy and have great audio quality. 👌",
Benjamin,"on Aug 28, 2025","The sound is really great, but unfortunately, like the other model, it's very quiet. I have no idea why, but there could be more volume. Otherwise, everything is great in terms of price and connectivity. For the price, I think it's totally fine.",
Sandra Sandra,"on Jun 26, 2025",I was pleasantly surprised by this product; it's the first one that I consider truly luxurious and divine.,
70***29,"on Sep 13, 2025",Very good sound like JBL speaker,
Daria Yudina,"on Jun 26, 2025","Excellent headphones. The sound quality is great and the design is fantastic. For the price, they are simply top-notch!!!!",
Petrea Muntean,"on Jun 21, 2025",,
ma***00,"on Jan 9, 2026","I've been listening to podcasts through these headphones for half a day now, and I'm happy with them. They sit comfortably in the ear, look nice, come in a convenient case, and hold a charge well (I don't know exactly how long yet, but I can already see that it's enough). So - 👍",
si***62,"on Apr 25, 2025",The headphones are great... they come with two spare rubber tips... I highly recommend them,
David Dubus,"on Jun 15, 2025",Works perfectly. Very good sound quality. I recommend it.,
Angy B.,"on Jun 26, 2025","Great Acer in-ear headphones. They block out ambient noise very well. They arrived pre-charged. I then charged them for another 30 minutes, paired them, and connected them to my phone. The music is incredibly clear. I'm thrilled. These are my best in-ear headphones so far. Highly recommended. The German user manual, although written in small print, helps with pairing. It's not difficult to do. Absolutely recommended.",
taha Baba,"on Jun 11, 2025",Nice Speaker 🔊🔊 Good Quality,
Br***nt,"on Apr 23, 2025","Excellent, matches the description and photos, nice grey color. Thank you TEMU ❤️",
Bo***ia,"on May 7, 2025",,
fa***01,"on Aug 5, 2025",top,
Дарига Дарменова,"on Jan 8, 2026","These headphones are of excellent quality, and for this price, they're just great! They have good noise cancellation, touch controls, and you can pause with one press, adjust the volume with two presses, and switch tracks with three presses. The package arrived intact, and it also includes a small charging cable and two pairs of earbud tips in different sizes. These headphones are fantastic! I'll probably order another pair ♥️♥️♥️",
Diogo Steinke,"on Jul 8, 2025","Excellent sound quality. Good value for money. I have a JBL and this one is not inferior in any way, perhaps only in terms of battery life, but since I haven't tested the battery to the end, I won't make a judgment on that. Overall, it's great.",
ka***rz,"on Aug 21, 2025","Very nice headphones, with spare earbuds and a charger. Good sound quality.",
Riya Sankar tv,"on Nov 22, 2025",very very workable product great quality and sound everything is good this one before one month I buy now I giving the review,
nc***89,"on May 13, 2025","The sound is amazing, the quality is excellent, and they work well. Even the calls come through clearly. I've been looking for these for a long time and I really like them 🥰🥰🥰🥰",
Faisal Malik,"on Jul 10, 2025","well worth the money, meeting expectations, brilliant, fantastic, perfect for my needs, it is really amazing, nice sound quality,, excellent thank you,",
an***n5,"on Jun 7, 2025","A super small device, quick to charge, and very easy to connect to the phone. The sound is great, and it's the best device I've ever bought.",
Karolina Karolina,"on Jul 10, 2025",Headphones with great sound. Good bass.,
52***46,"on Jul 17, 2025","this is great product i recommend for all ❤️ sound quality is awesome, battery 🔋💯👌🏻 long lasting",
"TITUS DIAS , GOA DE PORTUGAL ✝️ 🇵🇹❤️.","on Jun 2, 2025","Perfect earbuds, great & clear sound. Go for it blindly.",
mn***19,"on Jul 15, 2025","wonderful, good sound and backup time looks good as well.. got this on a discounted price so well worth in that price range..",
Ol***ak,"on Jun 10, 2025",I'm very satisfied with the purchase 🫣👌🙌😍,
Abdulkarim Azakir,"on Jan 12, 2026","I'm really pleasantly surprised by the Acer TWS OHR503. They paired instantly, and the connection stays stable. The sound is clear with good bass, and the earbuds are very comfortable – they don't hurt even after prolonged use. The latency is also good for videos and everyday use. The battery lasts reliably for me, and the case charges quickly via USB-C. They're also practical for travel and sports because they stay securely in the ear. For the price, it's a really great product – highly recommended!",
Mujahith,"on Aug 4, 2025","very good quality
sounds are very nice",
si***si,"on Jun 8, 2025","Exactly as described, and the bass is fine. It sounds good.",
Alexandru Panis,"on May 27, 2025","They are of very high quality, indistinguishable from the originals, the sound is excellent, I am very satisfied",
ADEYEMI DENNIS TOLULOPE,"on Jul 16, 2025","It’s looks nice
It actually met my expectations",
Viki,"on Jul 25, 2025","The sound is just great, really original.",
Prince ali,"on Jun 14, 2025",Arrived fast. Packed well. Looks great. Have to check the battery and sound.,
Zoz,"on Jul 29, 2025","The sound quality is top-notch. These are the fourth pair of the same headphones I've ordered for myself and my family, they're the best!",
Stefano Marti,"on Apr 30, 2025","The quality of the materials is excellent for the category, and the sound is of optimal quality, I would say! It matches the photos and description.",
hu***es,"on Jan 28, 2026",Good sound. Good material,
da***ra,"on May 25, 2025",Man this was the best purchase I’ve done online the sound it’s perfect the battery really good as well and comes with charger and replacement rubbers,
Abdul Salam,"on Aug 7, 2025","An amazing item, long lasting battery and wondering voice quality and look beautiful",
Natali Burs,"on Jul 11, 2025","Excellent sound. Highs, lows, bass, everything is there. The volume is good. Connected without any issues.",
Andrey Laktionov,"on Dec 20, 2025","I really liked the headphones, the sound quality is great, the battery lasts a long time, and the noise cancellation is surprisingly very good",
io**dy,"on May 28, 2025","Very nice, they work well, and the sound is perfect.",
31***22,"on Apr 10, 2025","well worth the money, perfect for my needs, working fine, thanks",
Fahad Ashraf,"on May 4, 2025","Great best quality , excellent thank you,",
Sk***ay,"on Apr 23, 2025",nice product very very good,
Bruno rogoue,"on Jun 1, 2025",Very high-quality headphones! I recommend them because they have great bass and the sound is clear.,
le***as,"on Dec 20, 2025",They look good in the case. Let's see how the sound quality is.,
Лена Богарь,"on Jul 17, 2025","Fast delivery))) It arrived in just two weeks. The sound is amazing😍, the quality is great, and the price is excellent.",
luisana carolina,"on Aug 30, 2025","Really good quality, to be honest.",
er***33,"on Jul 3, 2025","It just arrived, I haven't tried it yet, but it's a very stylish and beautiful product. I recommend it.",
Darius Darius,"on Jul 2, 2025",Great product :) They sound great and are quite comfortable in the ears. I recommend them to everyone :),
du***z8,"on Jun 5, 2025",I love it,
Juhász László,"on Dec 2, 2025",,
Zoz,"on Jun 6, 2025","The sound quality is excellent, they are very loud, much better than expected! ⭐️⭐️⭐️⭐️⭐️",
Molnár Sándor Szilveszter,"on Sep 21, 2025",Great. The battery lasts a very long time. The sound quality is surprisingly good. I'm completely satisfied with it and would confidently recommend it to others who are looking for an affordable and acceptable pair of headphones.,
81***66,"on Aug 9, 2025","Earbuds sound is lit 🔥
I highly recommend…
Well packaged and sealed…
Comfortable to wear and 99% Noise cancellation",
Aran64 Gomez,"on Aug 16, 2025","I was pleasantly surprised by these headphones... You can increase and decrease the volume with the headphones, pause the songs, skip forward and backward... I highly recommend them, they sound great.",
Zsozé,"on Nov 20, 2025","They sound great, to me, they're perfect. I recommend this product to others; they won't regret it. 👍",
Rosa Vich,"on May 17, 2025","The sound quality is good. I've just tried them out and they seem great for the price. The audio prompts at startup, etc., are in what I believe is Chinese. I'm not sure if there's a way to change that to another language.",
Jaime Bartes Bernal,"on May 27, 2025",They are authentic and sound wonderful. The color is very beautiful. I will buy more for gifts.,
Di***re,"on Apr 26, 2025","It just arrived, and it's exactly like the photo. It's very good, and I recommend it.",
Azka Khurram,"on Jul 15, 2025","Acer is always awesome ..🥰🇵🇰
very good packing and sound effects are also brilliant...",
Zoz,"on Jul 3, 2025",Sound quality is superb. Very quality product! it is soo loud. ⭐️⭐️⭐️⭐️⭐️,
Idara Etentuk,"on Jun 20, 2025","delivered 24hours before scheduled date.
Really good sound.
surround bass to cancel outside noise.
sensitive touch
battery test ongoing....",
David maci,"on Jul 23, 2025","They arrived in good condition, and after 2 hours of use, I can say that they sound great and are easy to set up... The only thing left to see is the battery life, but after 2 hours of continuous use, it didn't drop even a little bit.🍾🍾👌",
va***_1,"on Jun 18, 2025","Excellent! I have the Samsung Buds3 Pro, and these are at least on the same level. They don't have the same options, but in terms of sound, they are fantastic. As for battery life, after about 9 hours, they needed charging. But I was listening to music at maximum volume. I recommend them without any reservations!",
Christina Kapinus,"on Jul 14, 2025","Well packaged. Everything is very beautiful and of high quality. The sound quality and bass were impressive. They sound great, 10/10. I ordered another pair as a gift. I recommend them.",
Kojo Wise,"on Nov 29, 2025","nice product, good bass but I'm yet to see if the battery will last",
Milisav Stijovic,"on Jun 1, 2025",looks good,
as***31,"on Aug 30, 2025",very nice,
Petr Shvets,"on Jun 22, 2025","For the price, they're decent. Don't expect great sound quality, though. They fit in the ears quite well.",
Marie Sanduleac,"on Jul 3, 2025","Great product, excellent sound. Well packaged. A clear choice for a 5-star rating.",
ac***id,"on Jan 5, 2026",Very beautiful!,
Емил Чобанов,"on Jun 3, 2025",Very good sound! I'm satisfied and I recommend it.,
CZe snek,"on Jul 15, 2025","They work great. For the price, I didn't even expect them to be this good! They're not the best, but they have better sound than I anticipated.",
Bagu Bagu,"on Jul 15, 2025","Excellent headphones, I recommend them to everyone. The sound is great, the battery lasts a long time, and the design and color are beautiful. Bravo! 💚✌",
Jatinder Kumar,"on Apr 6, 2025",good quality and good price,
irimiya benjamin,"on Jul 10, 2025",I love it and the sound Is great,
55***35,"on May 24, 2025","nice sound quality, very good, original, well worth the money, meeting expectations, brilliant, fantastic, it is really amazing, excellent thank you,, excellent thank you,",
Anna Gosińska,"on Jul 24, 2025","Great sound quality, comfortable to wear, and they block out the surrounding noise.",
Коханка Диявола,"on Aug 30, 2025","Good sound. You can talk on the phone. The battery lasts a long time, enough for several hours. But you can't wear it for too long because it starts to hurt your ears after a while.",
Mark Robin Brual,"on Jun 4, 2025","I already received my order and I'm very happy because I was so amazing.. good quality of sound, highly recommend",
Mohomed Aathif,"on Sep 13, 2025","Truly good for now, the thing is sound is not that loud so basically u can't hear loud sound and vibe but kind of u can hear decent sound",
sh***12,"on May 21, 2025",same item and Im happy for this airpods this is quality battery timing everything is good 😊 and I'm happy ☺️,
av***78,"on May 14, 2025",The volume is great... I highly recommend it,
arshad khan,"on May 14, 2025","perfect for my needs
, it is really amazing
amazing sound
amazing features",
Sharafat Ali,"on Jun 22, 2025",Awesome product. and received within 5 days. fully Recommended. 10/10,
Fábio Amaral,"on May 21, 2025",It's very good. Good quality.,
mustaq syed,"on May 11, 2025","brilliant, fantastic, perfect for my needs, nice product, well worth the money",
55***41,"on Jun 16, 2025","Good headphones, they play sound clearly) and the price is reasonable",
Aygul Melikova,"on Jun 11, 2025","I ordered from Azerbaijan, and I liked it because the price was reasonable.",
Timi Zyon,"on Jun 12, 2025","The sound is so clear and I must say, its is a moble studio.
came with a set of ear buds which you can select according to your ear hole for stable compatibility.
the item , worth the money, meeting expectations, perfect for my needs, outstanding.
Thanks TEMU",
Ashraf NaGy,"on Aug 10, 2025","Very good, with a strong sound and excellent noise isolation. It has not been tested for calls yet.",
Og***ör,"on May 28, 2025","It is much better than what I thought it would be. The sound is good, even the microphone is better than average.",
Adinon Ferreira,"on Aug 21, 2025",It's perfect. Great product.,
be***01,"on Jul 30, 2025",super nice. Well recommended. Thank you.,
Randrade76,"on Dec 22, 2025","For the price, they're incredible. Strong bass, could do better on the highs, but with a little eq, you're good to go. Fast conection, easy to use, battery seems to last a good amount of time",
Wasif Ali Khan Jadoon,"on Apr 25, 2025","really good sound , awesome battery timing almost 7-8 days ,
light weight .
highly recomanded to all",
me***74,"on Jun 25, 2025","One of the BEST Earbuds i have ever bought. Got me 2 pairs, and got some for my friends also. Amazing sound in music and clear speech.Bass 👍👍👍
It connects immediately to the phone and needs no app to do so.
I Highly recommend them👍👍👍👍👍",
30***68,"on Apr 18, 2025",awesome product is fantastic thanks seller and temu love this,
Kr***do,"on Aug 9, 2025","Sound is great. Mic could be better. But at this price range no complaints.
Edit : after two weeks left sensor not working. Still good for the price though.",
Sofia Nunes,"on May 8, 2025","What a fantastic product!! The quality is excellent, the sound is clear and without any noise, the bass are perfect!!",
pablo Gabriel,"on Jul 23, 2025",It connects well and has good sound quality.,
Qasim Siddiqi,"on Apr 12, 2025","excellent product, connectivity and battery timings both are awsome, I was not expecting such high standard in this price but luckily it is worth buying , thanks TEMU.",
To***us,"on Aug 22, 2025","Worth the price. Average for music. But I listen only podcast, so for my purpose are great. Thank you! ****",
Beekay,"on Jun 28, 2025",very nice 👌 good quality,
lino malla,"on Jun 12, 2025","very fast delivery, well worth the money, meeting expectations, excellent thank you,, it is really amazing",
ma***es,"on Jul 21, 2025","It seems like a good product. I tested it and it works very well, but I'm not sure how long the battery lasts. Of the several I've bought, these have the best sound quality for both listening and speaking. I recommend them.",
Am***za,"on Jun 23, 2025","brilliant, fantastic, excellent thank you, 😊",
Abdulla Hatemi,"on Jun 21, 2025",Greetings from Baku. I liked it.,
ma***va,"on Dec 14, 2025","As it's a gift, I can't comment on the quality.",
Mr. O.,"on Dec 2, 2025",Absolutely love them. They're quite strong and have a great bass.,
Asante Samuel,"on Jul 23, 2025",Very good with quality base,
Paradise Uploads,"on Jun 25, 2025","well worth the money., brilliant, fantastic., nice sound quality.",
Adnan Ali,"on Jul 3, 2025",It is very good and its battery life is also good.,
Damien Beasley,"on Jun 19, 2025",these are cool... the case is cool.... and they are long lasting and quality is pretty good 👍,
Raahim Khurram,"on Jun 19, 2025",i ve order it it great in quality and good in sound,
Felix Madubuik,"on Aug 28, 2025",The sound is wow ......,
Ka***is,"on May 6, 2025","brilliant, fantastic, works very good",
قاسم المطاوع,"on Jan 20, 2026",I recommend it. It's excellent!,
Fahim Hussain,"on Apr 17, 2025","best air buds in low price 🫰
sound quality: 90/100
phone call: 95/100
design: 100/100
build quality: 90/100
overall 95.5 rating from me.",
Subho Sarkar,"on Sep 7, 2025",good,
55***56,"on Aug 13, 2025","Recommended, sounds is perfectly good. Love it.",
li***fa,"on May 20, 2025",excellent,
Eliane Bezerra,"on Aug 5, 2025","I've already received it, it's very good and sounds great.",
Abdul Basit,"on Jun 8, 2025",Looks good. Will try to sell it.,
Stefano,"on May 11, 2025",,
Лика Раут,"on Nov 1, 2025","Excellent headphones, the sound quality is good. They are original, so let's see how long they last.",
ma***11,"on Jul 18, 2025",working well and nice sound quality,
أبو نصر الله,"on Oct 31, 2025","The sound is excellent, but the headphones are quite large.",
the killos Diego's,"on May 11, 2025",,
romys alexandre Balou,"on Jun 11, 2025","Great, my first order was fast and the delivery went smoothly after 5 days, which is really fantastic",
70***08,"on Jun 19, 2025",nice sound quality,
Ioana Nicolae,"on Jul 16, 2025","well worth the money, brilliant, fantastic, I absolutely love these earbuds! the sound is excellent and also the microphone. , it is really amazing!!!!",
Owoseni Joshua Tofunmi,"on Oct 7, 2025","nice sounds, good battery",
jessen ramduth,"on Nov 13, 2025",Great product!,
31***75,"on Jul 22, 2025","excellent thank you,",
mans ko,"on Aug 8, 2025","The headphones are great, the sound is very clear, and the noise isolation is excellent. I've already bought two pairs and this is the third one.",
Kevin Boadu,"on Aug 5, 2025",sounds way better than expected and the anc is up there has gaming mode too,
57***03,"on Jun 25, 2025",nice and in good condition,
Mohammad UAE,"on Oct 14, 2025",excellent sound. comfortable to wear. paisa wasoool....,
sa***ne,"on Jul 4, 2025","I haven't tried it yet, but the care taken in protecting the product makes it worth buying.",
ik chiagozigom,"on Jan 16, 2026",Beautiful have ordered additional two since my first order very impressed long lasting battery,
el***66,"on Sep 1, 2025","I thought they wouldn't work well, but they are great and insulate very, very effectively.",
Moneer Gul,"on Aug 9, 2025",this brand Acer Bluetooth headset very nice we people like this brand,
Samuele Bellenova,"on Aug 15, 2025",,
57***96,"on Jul 4, 2025",nice product,
py*41,"on Jul 15, 2025",Very happy with the purchase,
György Barta,"on Dec 19, 2025",,
53***31,"on Apr 30, 2025",super nice!!!,
jj***rv,"on Aug 29, 2025",Sounds great. But doesn't have touch controls.,
MARYJANE EZEMMADUKA,"on Jan 31, 2026","You see this earbud, it’s a must have. I love love love it so much. I can keep my phone in my room and listen with it while I work in and around my house. It’s super amazing and the battery life is exceptional. Thank you Temu!",
Darko Targarien,"on Dec 29, 2025","the best bluetooth earphones i have bought so far. they last for 30 hours straight, the sound is amazing and they cinbrct to a lap top which was most important. Way wortth the money",
Hassaan Raza,"on Nov 10, 2025","Really nice product & specially the battery life is awesome, I literally used them in my office connected to the laptop at the 9 in the morning and disconnected after 6 in the evening and it was still 70% battery and I used it alot in that and when I didn't it was still out of the case and continuously connected also the design is pretty good and eye catching",
Michael Gideon,"on Oct 28, 2025","Earbuds arrived in Nigeria after 15days. Speedaf took like two days to process it.
The earbuds are a little bigger than expected. But the battery is great. I connected it with my phone for 3 hours, just 10% of the battery dropped. I recommend it.",
Chris,"on Aug 15, 2025",Good for clear sound with extreme bass . Overall build quality is decent. Don’t expect to much audiophile quality but it’s okay for the price wll be perfect for motorcycles.,
Jenner Maris,"on Jul 27, 2025","Love this. The sound quality is great. The battery goes down about 10% every 1 hour every time I play music. However this is my first use. So, it may decrease later. But so far so good",
Ahmed Simhan,"on Jun 21, 2025",Sound quality is excellent and touch function in headset works but response time to touch is delay like a two second in my opinion. But for the price this is amazing,
Presiyan Iliev,"on Jun 20, 2025","For the price, they are absolutely fantastic. They exceeded my expectations, definitely. I bought another pair. The microphone is not the best, when I talk into it, the other party can't hear me very well, but I've had much worse. Their sound is perfect. I definitely recommend it!",
Ліля Пастух,"on Nov 20, 2025","The headphones exceed expectations; for their price, they perform excellently.",
Ikhide Danny,"on Nov 23, 2025","Looks good, haven't tested it yet but I'm hoping the sound will be great.",
ni***93,"on Jul 17, 2025","Very cool. Everything works well, the sound is good. Thanks to the seller.",
CM,"on Jun 23, 2025",Great!,
Ke***va,"on Jul 1, 2025",Very fast delivery. Ordered 3 units and all working okay. Recommend seller and a good product. Thank you,
56***41,"on Jun 25, 2025",100% highly recommend this earbuds😍,
OTMAN EL IDRYSY,"on May 3, 2025","The sound is excellent, and the battery lasts for a very long time, which is more than wonderful. Even the dim lighting is professionally done and excellent.",
Moneer Gul,"on Jul 23, 2025",the device is good working perfect 👌 thank you Temu team,
ja***rz,"on Aug 25, 2025",Very good headphones. I recommend this product and this seller.,
Fabrizio Tomassone,"on Jul 17, 2025","Excellent product! The audio is perfect, exceeding expectations! Highly recommended.",
AL***SH,"on Sep 17, 2025","Good headphones, they produce clear sound, have good bass, and are excellent for their price.",
Arancha Avin Garcia,"on Jul 13, 2025",Perfect,
Ibrahim Ali Aliyu,"on Apr 20, 2025",Lovely,
ru***ia,"on Dec 1, 2025","These wireless headphones are magnificent! They offer exceptional value for money, have outstanding sound quality, and are comfortable to wear. They are truly a great choice. Highly recommended! No need to add photos; they look exactly as advertised. They come very well packaged in their box, with the classic cellophane seal. Perfect! Thank you.",
Енот Васильевич,"on Nov 26, 2025","We connected them to the iPhone quickly and without any issues. The sound is good, and they look very neat. They stay in the ears perfectly. The package also includes a charging cable and extra ear tips for the headphones",
gi***sh,"on Oct 14, 2025","Good product, effective without any particular expectations, excellent value for money, nothing exceptional in the sound; they speak in Chinese, but that doesn't matter.",
გი***ლი,"on Sep 21, 2025","I've ordered several headphones from Temu already, and all of them had more or less high ratings. However, some didn't stay in my ears, some had overly muffled bass, and I couldn't even hear words when people called me. This item is better than all of them, and at this price, it's perfect. Thank you🙏👍",
Lala Oláh,"on Sep 18, 2025","For such a small amount of money, I was very surprised to get such a high-quality headset. The battery is also perfect; I've used it for more than 9 hours so far without needing a charge, and it's sure to last much longer! I highly recommend it.",
Nikola Pajić,"on Sep 16, 2025","The best headphones I've had so far, all the others would fall out of my ears, but these are amazing, stable, even during gym activities and running. The battery lasts a long time, about 6 hours. They have an incredibly strong bass, so be careful when you try them for the first time 😂. All in all, an amazing product for a small price.",
Darjan,"on Sep 7, 2025","Honestly, fot the price - amazing.
Much better sound quality then I expected.
Battery after one hour was still at 100%, I don't get it. It's like a cheat earbuds, that's how good they are.",
Руслан Карпеков,"on Sep 5, 2025","Really great headphones for the price! They have an enormous volume reserve, truly immersive sound, powerful bass, and a good microphone! The only downside is the unclear mid and high frequency range, especially the midrange, which is particularly noticeable in cymbals! They're perfect for bass-heavy and heavy metal music!",
вадим шляхов,"on Sep 2, 2025","Great product, works perfectly. In my opinion, the sound is as good as JBL. There's no touch control; all settings are done from the phone. But the price and quality make up for it.",
97***87,"on Aug 31, 2025","I really liked the headphones. I don't know yet how long they hold a charge, but that will become clear with use. I liked the appearance and the sound quality. I recommend buying them.",
li***55,"on Aug 26, 2025","Fantastic headphones, the sound is very clear and they connect automatically to the phone, it's amazing. I recommend them; they are inexpensive and of very good quality. Thank you.",
Lu***ra,"on Aug 26, 2025","I bought these headphones after reading several reviews from other users. They really are excellent, with perfect sound and high quality. Excellent build quality. A great purchase at a very low price.",
bo***ce,"on Aug 26, 2025","I ordered a pair. It came with a problem. Once connected, they wouldn't disconnect from the phone when you put them in the case. Temu sent me another pair for free. It works perfectly. The sound quality is excellent. Temu has surpassed European companies in understanding the meaning of the word ""reputation."" Once again, thank you Temu 👍",
ikoyi Olayinka Azeez,"on Aug 21, 2025",,
Вадим Боярский,"on Aug 21, 2025","The headphones are comfortable. They stay in the ear well. I'm not a music enthusiast, but the sound is very powerful. I tested the microphones, and the person on the other end of the line can hear me clearly during a conversation. They are very inexpensive. Thanks to Temu, the seller, and also to the company Asus.",
Chris,"on Aug 12, 2025","I made a first purchase for a test. The trial was successful, so I bought another one to give as a gift. The earbuds are of good quality with a long battery life. They fit well in the ears without causing any discomfort. The sound quality is excellent. Another flawless experience with Temu 👌👍❤️💕🧽. Thank you, Temu!",
si***67,"on Aug 11, 2025","Good sound quality and battery life, fits perfectly in the ear and there's no risk of them falling out. I recommend them to anyone who uses them for sports and cycling.",
Zsoca08,"on Aug 6, 2025","In this price range, the sound quality is outstanding. So far, I can only say good things about it. Maybe the bass could be a bit stronger, but I like it just the way it is. :)",
Fi***ur,"on Aug 4, 2025","Good sound quality, the case doesn't open by itself, and it charges the headphones well. The touch controls on the headphones work flawlessly. So good that I bought a second set.",
Jose Huang,"on Aug 3, 2025","Very good, very light and fits perfectly in the ears. It comes with several sets of ear tips for different ear sizes, and the default one worked well for me.",
Michele Del Giudice,"on Jul 29, 2025","Excellent, inexpensive but high-quality earbuds. They work perfectly and are practical to carry in a pocket or purse. The audio is sufficiently good, with both highs and lows being quite deep. I bought two pairs, one for myself and the other for my girlfriend. They connect easily as soon as they are taken out of the box, which serves as a cover and charging station.",
Pi**ro,"on Jul 28, 2025","These are excellent earbuds, very comfortable, with great sound quality and amazing bass. I've never heard such bass from earbuds before. The only downside is that the bass is too loud and the treble is too quiet, but for this price, there's nothing to complain about. A positive note is also the well-designed packaging, making it suitable for a gift.",
Danail Yordanov,"on Jul 23, 2025","They are great for listening to music, with a wonderful sound, strong and bassy. They connect easily to the phone, stay in place well while running, and have a very good range. I recommend them, especially at this price.",
Rebeca Lacasa Laguna,"on Jul 16, 2025","My son is happy. For the price, they are very good value, they sound perfect, and have a great design. They charge well. Everything is perfect. I recommend them.",
Jawor Jawor,"on Jul 15, 2025","The headphones are great. The sound quality isn't as good as Sony's, but they fit nicely in the ear and come with a nice little charging case. The package was delivered undamaged. I recommend them.",
st***ic,"on Jul 14, 2025","Very good, the only problem is that the messages heard in the headset when connecting and other messages are in Chinese. I haven't been able to change the language yet.",
КотОшка,"on Jul 11, 2025","Good headphones, the sound is excellent with great bass and mid-range frequencies. There's no distortion. The buttons work well for volume, track switching, and pause/play. It's also nice that you can use them one at a time. The volume is powerful, and I listen at less than 50% volume. We'll see how the battery life and durability hold up, but for the price, they're great.",
si***la,"on Jul 10, 2025","I bought two of them...one works great...the other doesn't work; the touch function on the left earbud is not working...in any case, it's a reputable company that processed the return immediately",
Gianluigi Del Forno,"on Jul 9, 2025","The audio quality is excellent, well-balanced with generous bass. The battery life exceeds three hours in music mode. It's an excellent purchase.",
SkaIar79,"on Jul 3, 2025","Great headphones. I have headphones from another company, bought on Allegro for 100 zł (about $25), which were recommended in tests, but these are better (better sound and range). They are very comfortable and have precise touch controls.",
inkorajarek,"on Jun 29, 2025","The headphones sound good. At first, I had messages in Chinese, but after a few calls, the language changed to English. For the price, they perform well. They also show the battery level on the iPhone.",
Ja***ad,"on Jun 27, 2025","Absolutely satisfied, instructions in German are available and it's easy to use. The volume is also fine. I really like the blue design.👌",
GODFREY OSAYAMWEN,"on Jun 27, 2025","very very good I advice everybody to buy it the sound is amazing very good for it money even mordan good for the money money, I never expected it to be so good just love it",
98***81,"on Jun 26, 2025","This product is very good. I would say it's of a high standard. Firstly, the sound is simply fantastic! I didn't expect such great sound quality, but it's just amazing: the bass is high, the treble is perfect, exactly the way I like it. The set is also great: headphones, instructions, ear cushions, and a charger. The battery lasts a very long time — I was shocked myself. About 6–7 hours of playback, which is very good for this price.
Overall, there's something to compare it to. I think that for 200+- hryvnias, these headphones are a real bargain. There's probably nothing better in this price range!
I spent a long time choosing which ones to get, but at the very last moment I changed my mind and chose these ones — and I don't regret it at all! I think this review will be useful to future users of these headphones :)",
iker armijos aguilar,"on Jun 26, 2025","For the price they are, these are very good headphones with excellent quality and a decent microphone. I had doubts because of the low price, but they are really good. I'm not sure what I was worried about.",
Simone Zaccheddu,"on Jun 22, 2025","Excellent product, for this price the audio quality is surprising. It's a bit bass-heavy, but still better than many more expensive products. I use them every day.",
jc***as,"on Jun 16, 2025","Extraordinary. I'm very particular and demanding when it comes to phones, and these have a fabulous sound with great bass, which I consider very important. Be aware that the color is blue on the box, but the phones themselves are white.",
97***55,"on Jun 16, 2025","The earbuds are great. They fit very securely in the ears. There are spare rubber bands included. The sound quality for listening is quite good. The caller won't hear you perfectly on an incoming call, but what can you expect for the price? Overall, they're very good. There's something to compare them to.",
Ольга Ковальчук,"on Jun 15, 2025","Simply an incredible product. The sound quality is excellent, and I didn't expect such long battery life. After 5 days of use for 4-5 hours each day, only half the battery was used up.",
С головой в небо,"on Jun 10, 2025","There's no difference between my expensive headphones and these, which are affordable and of superior quality. I was pleasantly surprised; they have excellent sound, long battery life, and are comfortable. I'll probably buy more. Seriously, I charged them twice in 5 days, the second time because I was worried the battery might run out at the wrong moment. I use them for a long time during the day, so don't hesitate to buy them.",
tiago cortes,"on May 29, 2025","I only tested it for a short time, so I can't say how long the battery lasts. The sound isn't very loud, but it's good. It's easy to connect to the phone, and there's touch control on the earbud.",
Ka***ka,"on May 28, 2025","Great headphones, no issues with pairing to the phone, the sound is very good, phone calls are clear, overall they suit me very well and have a great price,",
ss***ss,"on May 14, 2025","brilliant, fantastic, brilliant, fantastic, brilliant, fantastic, brilliant, fantastic, brilliant, fantastic, brilliant, fantastic, brilliant, fantastic, brilliant, fantastic, brilliant, fantastic, brilliant, fantastic, brilliant, fantastic, brilliant, fantastic, brilliant, fantastic, brilliant, fantastic, brilliant, fantastic, brilliant, fantastic, brilliant, fantastic",
Ahmad Nadeem,"on May 9, 2025","brilliant, fantastic, excellent thank you,, excellent thank you,, excellent thank you,, excellent thank you,, excellent thank you,, excellent thank you,, excellent thank you,, excellent thank you,, excellent thank you,, excellent thank you,, excellent thank you,",
Na***ae,"on Jul 14, 2025","it is really amazing, nice sound quality, well worth the money",
Mari Schen,"on Dec 2, 2025","The box and the headphones themselves are bigger and more robust than expected, and they don't look like the ones in the picture. The sound is immersive. I'll update my review later, as I don't yet know if the advertised noise cancellation feature actually works",
Hafiz Amir,"on Jun 19, 2025",Good Sound Quality Best Packing Thank's For Seller I am very Happy 😊,
Ahmad Faraz,"on Jun 22, 2025","💯 same to same
good product",
david shirley,"on May 4, 2025",Excellent,
Валерий Арионов,"on Nov 27, 2025",I've been using it for 2 months. The sound quality is excellent (4+ out of 5). I highly recommend buying it!,
Sa***64,"on Jan 15, 2026","Excellent! I bought them with a bit of skepticism, but they're perfect—the sound quality is great. They were well packaged and shipped on time.",
ig***ez,"on Jan 4, 2026","They work perfectly. They pair up very easily and have great sound quality. They're lightweight, and the case is compact, with the earphones being just the right size.",
Валентин,"on Oct 8, 2025","Excellent for the price, with good noise isolation and sound quality at 9/10. However, there is a lack of controls on them, or they don't work for me.",
Éva,"on Sep 5, 2025","Perfect, it lasts about 7 hours before one of the earbuds starts to lose power. I've bought it a second time; unfortunately, I dropped the first one, and now only the right earbud works 😪",
Éva,"on Sep 5, 2025","Perfect, it lasts about 7 hours, then one of the earbuds starts to lose sound. I've bought it a second time; unfortunately, I dropped the first one, and now only the right earbud works.",
Felix Badea,"on Jun 29, 2025","Good sound quality, quick connection, and a very good idea with the plastic cover over the charging port - initially I thought it wasn't charging properly.",
Emmi Muna,"on Sep 20, 2025","Alsome what I ordered for is more than what I got
it was amazing",
Na***c,"on Sep 2, 2025",,
Hoojay Hoojay,"on Aug 15, 2025","very nice and well sound ,for the case it's topnotch",
80***40,"on Aug 20, 2025","I am impressed. sound/price. it sounds great.
I have not tested the Mic quality but the speaker is good enough for an average use",
Ah***il,"on Jul 30, 2025",Exactly as described! The product looks just like the pictures and I'm very happy with it.,
is***01,"on Aug 2, 2025","good product, about five hours play time on low volumes.",
Larry Albino,"on Sep 27, 2025",this item is super good sounds and great bass,
Im***si,"on Jun 25, 2025","Excellent price/value ratio. Good sound quality, with deep bass also sounding great.",
fa***92,"on Jun 4, 2025","Perfect 💯
Works flawlessly ⭐
Has magnificent sound 👍🏻",
Nigar Hacəliyeva,"on Jun 16, 2025","I will order this product again, thank you Temu",
Fazle Hossain,"on May 31, 2025","well worth the money, nice sound quality, outstanding, , super",
Venori Latsuzbaia,"on May 16, 2025","good lord, this thing is so good for this price, at this point I might Actually buy second 1 as well lol.",
ΚΩΝΣΤΑΝΤΙΝΟΣ ΣΟΛΟΜΩΝΙΔΗΣ,"on Nov 3, 2025","Pretty good...they last quite a while...the sound quality is quite good...they do fall a bit short in sound quality when you're speaking...but for the price, they're very good!!!",
Adi Krgo,"on May 23, 2025","Excellent, the sound quality is extremely good.",
Jo***er,"on Apr 25, 2025","Extremely good Sound quality with clear voice. Good value and comfortable fit
joeysil.",
Ivaylo Todorov,"on Jul 21, 2025",Truly unique headphones for the price! I'm absolutely thrilled.,
Mithrandir,"on Jun 5, 2025","Awesome. It has everything 💯%. The sound, battery, call, and bass. Highly recommend thanks to Temu and gratitude to Acer",
David Vazquez,"on Jul 11, 2025",Very good quality for such a low price,
Adrián Chavarría,"on May 22, 2025","It is good, well worth the money, good sound",
Maxwell Vorsah,"on Jun 22, 2025","I really love this product, in fact the sound and bass is great. I have even order for 4 more of this product",
Kr***ić,"on May 13, 2025","Love them! Good quality, great sound.",
Lord Williams Kelechi Ugo (U. K. Lord Williams),"on Sep 25, 2025",awesome sound. long lasting battery. very cool. noise cancelling,
Oliver O,"on Jan 10, 2026",Great! Really good sound. You can turn the volume up really high without any distortion. The battery lasts a long time. Wind noise on the bike is still noticeable 😉. Highly recommend!,
Melinda Greksza,"on Dec 7, 2025","It's easy to pair, has excellent quality and sound. It's true Acer quality. It also comes with a silicone accessory in two sizes, and it arrived fully charged.",
Ольга Петровцій,"on Oct 5, 2025","Good sound quality from the headphones. They worked for a month without any issues. Now, one of the headphones doesn't always charge when I put them in the case.",
st***64,"on Jun 7, 2025","As described. Surprised by the quality. Pleasant sound. Very satisfied. Just missing an app for settings. Overall, great.",
Baton Rouge,"on Jun 6, 2025","One shouldn't expect miracles, but for the price, these are really good headphones. They arrived within a week. Really great!",
k.***er,"on Jun 3, 2025","Fantastic sound, incredible for the price. I can't comment on the device's durability yet, as I've only had it for a week.",
Nikola Kostic,"on Jun 22, 2025","Beyond all expectations, really good headphones.",
Chijioke Offia,"on Nov 18, 2025",Just what I wanted... Durable and long lasting.,
ag***sz,"on Jul 31, 2025","Everything works great with the Samsung, the sound is excellent.",
sab ben,"on May 15, 2025",I've tried them and they're great! Good headphones!,
Alaa Mohamed,"on May 2, 2025",,
Ab***li,"on Jun 22, 2025","Excellent, the sound is well-balanced and the sound isolation is superb.",
ma***r1,"on May 11, 2025","Very good sound for the price, and the quality is excellent.",
an***66,"on May 4, 2025",These are great. Fit really well and the sound is fabulous for the price. Would highly recommend.,
Shahzad Mohammad Anwar,"on Apr 25, 2025",best Quality Thank you Seller and Temu,
Виктория Андриянова,"on Jul 10, 2025","The volume is good, and they seem to hold up well.",
Tiago Freitas,"on Aug 31, 2025","Great, the audio is 100% good, with nice bass. I still need to test the battery life. This is the best purchase I've made in terms of headphones.",
cd***11,"on Aug 10, 2025","Good sound and long Bluetooth range. Very good build quality, with sturdy and ergonomic materials.",
Gj***nu,"on Jul 15, 2025","For the price, absolutely amazing. I immediately ordered the other colors as well. The sound is perfect and they fit perfectly in the ear ❤️❤️",
Boris,"on Jun 2, 2025","The headphones are great, with excellent sound quality and good bass. The other person can hear me well, and I can hear them too. The build quality is excellent👍. Thank you",
Amaresh Chaudhary,"on Dec 22, 2025","Amazing sound quality, clear calls, no lag. Super comfy and secure during workouts. Worth every penny...",
Majid Ali,"on Jul 8, 2025","meeting expectations, a good quality product 👌",
ro***ne,"on Oct 25, 2025",Brilliant. Sound quality excellent and is better than many earbuds I have paid a lot more for. Great battery life and comfotable to wear.,
Sabrina Bartel,"on Jun 10, 2025","They have a very beautiful sound, thank you",
Raja Shehzad Ahmed,"on Jun 16, 2025",Battery time is very good. Material is also good.,
Hans Poesselt,"on Jan 8, 2026","Nice, functional, and flawless. The voice command settings just take a bit of getting used to. But the sound quality is great. Highly recommended.",
js***nn,"on Dec 25, 2025","Not yet tested, I always have spare earphones on hand, and for the small price, they are definitely great, as always from Temu",
Temu user,"on Dec 5, 2025","Quite good, nice clear sound, great bass! Excellent value for money, it can even compete with products from bigger audio manufacturers!",
Нурсултан Нурмаганбетов,"on Nov 19, 2025","The headphones are excellent. I tested them during a call, and the noise cancellation is average. The sound is great when listening to music, and the battery lasts quite a long time.",
98***35,"on Jul 14, 2025","The headphones are great, the only downside is that they don't support song switching by pressing buttons. Overall, I really liked them, and the bass is quite good.",
zu**yn,"on Jul 6, 2025","Great headphones, they easily connected to the phone and fit well in the ear. Excellent sound quality, and a nice case with a magnetic closure.",
an***22,"on Jun 2, 2025","""Really satisfied with the quality and overall experience. It met expectations and everything was handled smoothly. Delivery was prompt. Would definitely recommend and use again!""",
Michael Como Tuppal,"on Jun 3, 2025",Very nice sound. It's worth it 👌,
80***11,"on Jul 19, 2025",nice product. but in Chinese language,
ra***e2,"on Dec 9, 2025",Nice earbuds. Great battery life. Very good quality and great value for the money.,
93***51,"on May 28, 2025","nice sound quality, , good sounds",
J*M,"on May 14, 2025","excellent thank you,, perfect for my needs",
Olanrewaju Akande,"on Aug 27, 2025","Great sound, long lasting battery 🔋 time. Loving it",
ib***im,"on Nov 19, 2025",They are great and work very well,
pu***21,"on Apr 29, 2025","It sounds good, I'll see how it looks on the street.",
th***er,"on Aug 22, 2025","look good, well packaged. time will tell",
z.***95,"on Jul 1, 2025","Good headphones, all praise is due. The only issue was that everything was initially in Chinese (like the pairing instructions, etc.), but I accidentally did something and managed to switch it to English.",
Siempre Akira,"on May 28, 2025","I have to say I'm surprised, they sound really great. I haven't tested how long they last yet, but they offer a lot of music for the money. I recommend them, and I'll definitely order another pair.",
OLABUSOLA OLADAPO,"on Dec 27, 2025","I love it, because it has a noise cancellation",
obed forson,"on Sep 14, 2025",Very good sound compared to the price,
Hamza Shams,"on Apr 29, 2025","well worth the money, perfect for my needs, nice product",
Николай Гуменюк,"on Jun 24, 2025","The headphones are great, the sound is good",
be***ne,"on Jul 3, 2025","Great, I'm going to get more of these",
Alexander Magnate,"on Jun 19, 2025",well worth the 💰 thank you🙂,
51***28,"on Aug 5, 2025",The sound quality and the fit in the ear are excellent. I would even give it 5 or even 10 stars. I'm very satisfied with my purchase and I recommend it. Thank you.,
ap***ni,"on Jul 30, 2025","The earbuds are of excellent quality, although I still need to figure out how to balance the bass. Overall, it's an excellent product.",
pa***co,"on Jul 29, 2025","Excellent! I don't know if the language can be changed, they're not set to Italian, but whatever, they work perfectly fine.",
ge***no,"on Jul 24, 2025",Very good!! I'm going to get a second one. Clear sound for both phone calls and music. I haven't tested the battery life yet.,
sc***88,"on Jul 20, 2025","The audio is good, I still need to test if it really eliminates the noise. For now, I can only say that the battery life is good.",
ha***ng,"on Jul 15, 2025","Great earbuds, finally some that fit (in my ears). I can't say yet how long the battery lasts, but I'm testing it.",
ma***nt,"on Jul 14, 2025","Superb sound, more than expectations, I thought others review was a lie until I got mine I love it and you will love it",
Ле***оп,"on Jul 12, 2025","Very cool headphones 😍 The sound is great, they fit well in the ears and don't fall out like others, and the charge lasts longer. Super! 👍👍👍👍👍",
Gabriela Nedelcheva,"on May 27, 2025",What a surprise...the sound is deep and clear! My compliments to the seller. I highly recommend it! They deserve it!!!,
Hugo Gomez,"on May 16, 2025","For the money, they are fantastic, with great bass and sound clarity at a good level. The first time I connected them, everything was perfect.",
Ma*ir,"on May 6, 2025","The headphones are very good, with high-quality and loud sound, and a slight bassy tone. I'm happy with the purchase, thank you to the seller.",
Miłosz N (Meloru),"on May 17, 2025",Good product. Very good sound quality. I am satisfied.,
Anar Abdullayev,"on May 23, 2025",Very good. I've ordered it 3 times already.,
ka***85,"on Aug 23, 2025",fantastic quality feels good in the ear too,
ru***61,"on Aug 9, 2025",For this price point they are surprisingly good. Certainly the best sounding wireless earbuds for under ten bucks that I've ever heard,
79***09,"on Jul 7, 2025","look great. charged fine, though a short UsB , but works fine Still to test the wireless sound quality with some tunes",
How to,"on May 14, 2025",Nice product. clear sound but have no bass. Good for calling but not recommended for music.,
Adil Aziz,"on Jun 11, 2025","Amazing product - fully satisfied with the built quality, sound and overall experience!",
su***94,"on Jul 14, 2025","Fits perfectly, excellent quality",
Timothy Chinecherem,"on Jun 5, 2025",Lovely sound I love it,
Ziaullah Sheikh,"on May 5, 2025","brilliant, fantastic, excellent thank you, 😁😁😁😁😁 good 💯",
Amarjeet Beegoo,"on Oct 19, 2025",The earbuds are awesome 👌... very comfortable to wear.. easy to pair.. very good bargain...,
Riaz Ahmed,"on Jun 25, 2025",well worth the money.superab product,
62***07,"on Jul 4, 2025",It's very good,
Ro***ah,"on Jul 24, 2025",so great and useful,
Cleneth Vlog,"on Jun 20, 2025",I’m happy to have this good material good quality price affordable and have 3 pocket super I like highly recommended,
fl***de,"on Oct 30, 2025",Super fast delivery - goods professionally packaged. Item as described. Highly recommended. Would definitely buy again.,
Vadym,"on Aug 29, 2025","Well-packaged, the sound is okay (not great), and the battery life is so-so. But I recommend these headphones for the price.",
Adis Sehovic,"on Aug 16, 2025","Fantastic headphones. For this price, the sound quality and touch controls are almost unbelievably good. All praise! 👍",
Michele Del Giudice,"on Jul 29, 2025","Excellent, practical, and with a sufficiently discreet sound 👍🏻 Great value for money. Thanks to the seller.",
69***97,"on Jul 15, 2025","Ok, for the price, the sound quality is decent, the bass is quite good. It's honestly worth the money, of course it can't be as good as the original.",
Ва***ий,"on Jul 2, 2025",Everything is fine. They are worth the money. The quality and loudness of the microphone are much better than in some more expensive models.,
to***th,"on Jun 24, 2025",Works great! Pairing was easy. The sound is good. I can't comment on the durability or battery life.,
la***77,"on Jun 5, 2025","The sound is fantastic, even with bass. Great for the price. Highly recommended. The only thing is that the battery could last longer.",
ze**sh,"on Jun 3, 2025",Very cool!,
Cute Pets,"on May 28, 2025","Quality 5 ⭐
Comfort 5 ⭐
Color 5 ⭐
Sound / Bass 5 ⭐
Highly recommended!
I will order 2 more in a different color.",
Владимир Голюк,"on Jul 7, 2025","So far, everything is fine, the box is intact.",
Ana.G.,"on Nov 22, 2025",Great! They work perfectly!,
Sally 2003,"on Jan 20, 2026",It’s good as expected recommend,
ja***77,"on Aug 18, 2025","Great, these headphones are excellent",
Amir Akhtar,"on Apr 23, 2025","perfect for my needs, better than expected",
Up***ms,"on Oct 12, 2025","the sound quality is actually good ngl, and i have made calls with this so i recommend this. hope this helps",
Francesco Willywise,"on Jul 10, 2025",like it so much comfortable and long lasting,
Muhammad ***** Lodhi,"on Jun 1, 2025","Nice product. Backup is average. ENC/ANC not available. Good in this price range (PKR 1,150/-)",
Niyi Seun Lasore,"on Jul 10, 2025","brilliant, fantastic, perfect for my needs",
lu***86,"on Aug 18, 2025","Great sound, beautiful bass, I highly recommend it!",
valleser vhane,"on Jun 2, 2025","high quality , well worth the money",
20***27,"on Jul 11, 2025","The product is good and solid
Temu the best",
la***ix,"on Jun 21, 2025","It's worth the money, you can say that",
sa***cm,"on Aug 23, 2025","Lovely little bud but the control is sensitive and easily off call when adjusting the position.
But overall is a good buy",
Paul Nwosu obaridoan,"on Jun 23, 2025","Excellent quality, good for the price and was delivered in the food condition.",
fo***ma,"on May 30, 2025","Beautiful, thank you",
Asiman Maharramov,"on Jul 3, 2025","The sound is great, but the battery runs out quickly.",
JOAO EDUARDO,"on Aug 7, 2025","👍 I RECOMMEND IT, GOOD PRODUCT 👍",
Mo***an,"on Jul 5, 2025","excellent thank you,, perfect for my needs",
55***58,"on Aug 3, 2025",the item is excellent,
Abioye Esther,"on Jan 3, 2026","this is so niceeee. I love the packaging and the detailed manual, easy to understand. The quality is superb and the sound",
Наталья Максимова,"on Dec 29, 2025",These high-quality wireless Acer headphones connect perfectly to the phone and deliver excellent sound quality.,
Андрей Попов,"on Jul 12, 2025","Arrived quickly, matches the description, everything works, the sound is very good for the price, I recommend the seller.",
66***24,"on Jul 8, 2025","Great. The sound quality is excellent, and it comes with a charger and replacement ear tips. The packaging is original. I recommend it.",
ic***do,"on Jun 25, 2025",Please note that there is a film on the back of the earbuds that needs to be removed for charging. They work very well and are well packaged.,
RYNQS49,"on Jun 24, 2025","For the price, it's okay. I don't know yet how long they last on a single charge, but overall I'm satisfied.",
tuti,"on Jun 7, 2025","The headphones are quite stylish and have very good sound. They were a gift, and the recipient was delighted with them. I highly recommend them!",
De***ic,"on Jun 1, 2025","For the price, there are definitely no better ones out there. I recommend them. The bass is very strong, maybe even too strong, but they are really solid.",
ru***29,"on May 23, 2025","The best headphones I've bought so far, with fantastic sound quality and no outside noise. Thank you to the seller.",
#NAME?,"on May 12, 2025","Perfect in terms of price-to-performance ratio (the sound quality is quite good, it's easy to connect, and the battery life is also impressive :))",
Bráulio Gutierres Marques Alves,"on Dec 13, 2025","Great headphones and they meet expectations. It's a shame because I bought two, and one of the headphones came with a factory defect, which is common with electronic devices",
Ali Raza,"on Sep 10, 2025",Very good sounds 👌,
al***72,"on Jan 4, 2026",They sound great.,
Bikash Lamichhane,"on May 6, 2025",very good quality. loved it.,
Emanuela Pinna,"on Aug 8, 2025","Beautiful, they work perfectly",
commando,"on Sep 5, 2025",Excellent Bluetooth headphones.,
Ke***el,"on Nov 18, 2025",Super beautiful and good music,
Fa***el,"on Jul 31, 2025",Amazing deal for the quality and look. It feels like something very expensive. I am going to buy it again.,
Aisha muhammad,"on Jul 6, 2025","brilliant, fantastic, excellent thank you,, perfect for my needs, nice sound quality long lasting battery.",
В. Василева,"on Aug 20, 2025",Very good sound!,
Mohsin Malik,"on Jul 7, 2025","wonderful product , original, outstanding, well worth the money, brilliant, fantastic",
Petra Jágrová,"on Nov 12, 2025",It was beautifully wrapped; it was a gift,
MD Rifatul Islam Rasel,"on May 7, 2025","Top notch quality, i loved it. as expected from this brand. this device is very good, it's have good battery backup, sound quality also good.
i rate it 10 out of 10",
Tóth Katalin Anikó,"on Jun 13, 2025",Very good. It's loud.,
mi***45,"on Jul 19, 2025",very good sound,
wo***22,"on Sep 2, 2025","Very nice headphones. The sound quality is excellent, with both high and low tones. I bought them as a gift, and they were well received. I recommend them.",
Jose Luis Calvete Morera,"on Aug 10, 2025","Very good quality, exact description, and I am very satisfied with the product. I recommend the seller 100%.",
ir***01,"on Jul 31, 2025","I really liked it! The sound is great! For the price, everything is excellent. Let's see how long they last.",
Tímea Kele,"on Jun 30, 2025","Surprisingly good! It fits well, and there are extra silicone gaskets included in the package. It sounds great and is of high quality.",
Lisa,"on Jun 28, 2025","Very good build quality, they fit perfectly in the ears, don't fall out, and effectively block out ambient noise.",
un***ek,"on Jun 24, 2025","They connect to the phone quickly. The music plays clearly, and it's interesting to see if the battery lasts at least a day.",
Antonio,"on Jun 17, 2025","The sound is spectacular, and there is no delay even in the gaming mode. I highly recommend it.",
Miklós Sándor,"on Jun 9, 2025","It sounds surprisingly good, with no distortion, and the person on the other end of the line can hear my speech clearly. It's a pleasant surprise. 🤩",
Ivo Janik,"on May 10, 2025","Really great headphones, the best I've ever tried, perfect bass, great controls, I recommend them to everyone",
ma***sz,"on May 8, 2025",Great headphones. Nice design and sound. I hope they last longer than the previous ones from other brands😄,
Андрій Рудeнко,"on Apr 25, 2025","It arrived quickly, in 7-9 days. The sneakers are as light as slippers... The headphones are good, with great bass and excellent noise cancellation.",
Chinedu Izundu,"on Aug 16, 2025","Exactly what I ordered, very nice, long lasting battery and cool sound production",
Dean Chipperfield,"on Aug 4, 2025",Sounds are great. Touch controls are easy to use,
Miłosz N (Meloru),"on May 17, 2025","Nice sound, good craftsmanship. Excellent",
Youssef El idrissi,"on May 21, 2025","A nice product for less than 10€, i recomend it for sure",
Sa***ji,"on Jun 24, 2025",Good well manufactured,
Tatiana,"on Jul 9, 2025",Super! ♥️♥️♥️,
An***ao,"on Jan 22, 2026",great headphpnes,
th***.t,"on Jan 11, 2026","Very well made earbuds, work well, sound is good, battery is good and they connect immediately",
kr***12,"on Jun 30, 2025",I am very satisfied!,
On Track,"on Jul 1, 2025",Very good sound and light weight really good highly recommended,
re***45,"on Aug 31, 2025","Compared to its modest price, it offers decent services. Good for listening to music. Doesn't make calls. Overall, a good product. ✅",
Mimao Ocampo,"on Apr 20, 2025","Nice product, Nice product, excellent thank you,, good value for money",
Maestro Mind,"on Jun 30, 2025","this item is excellent. i really love the quality, design and sound of these earbuds. Most recommended",
Dean Mitchell,"on May 14, 2025",These work really well . Was surprised the price I paid . But yeah good quality sound,
ve***86,"on Feb 1, 2026","Decent quality, good pairing. You cannot beat the price. Don't expect perfect sound, but for this price, it is perfect",
Malene Hammer Nielsen,"on Sep 6, 2025","I'm very happy with them. When they're in the ear, you can't hear anything else 🤣 so be careful in traffic.",
Andriuska Tovar F.,"on Sep 6, 2025","They are too good for their price, they have excellent sound and a very nice design, I recommend them",
fi***au,"on Aug 21, 2025","Very satisfied with the item ordered, both for its quality and for the usefulness I will get out of it.",
er***33,"on Aug 16, 2025",The volume and sound quality are excellent. They fit very well in the ears. I don't know yet how long they last on a single charge.,
Na***ya,"on Aug 11, 2025",charging for first time use. compact and neat. Sound is exemplary... 2 b fair Acer are a great company .,
Олександр Гончаров,"on Aug 7, 2025","Finally, I bought headphones that I liked right away. Acer is great. I recommend them. The sound quality is excellent.",
victor kitcher,"on Aug 2, 2025",Yet to charge and start using It was well packaged and sealed. I'll surely buy another one for my wife,
da***no,"on Jul 24, 2025","Excellent value for money, the sound isn't bad. I haven't used them for calls yet, but I'm satisfied.",
Нович Ок,"on Jul 13, 2025",Great! I bought it for audiobooks. It lasts 7 hours of non-stop listening time. I'm quite satisfied with it.,
Daniel Gover,"on Jul 8, 2025","These are fantastic for the money, pretty much on par with my Jabra elite 85s, expect they are £140 cheaper.",
Валерия Москаленко,"on Jun 20, 2025","The headphones are great for the price, the sound is excellent, and they are comfortable. I bought them for my son's birthday, and he is very happy with them!!",
Anna Lebedeva,"on Jun 17, 2025",Great product. I use it all the time. The charge lasts a long time. The sound is excellent. I'm very satisfied. I ordered another one for my husband.,
pa***24,"on Jun 14, 2025","These are the second pair I've ordered; the first ones were for me, and my son wanted a pair too. They are really good.",
K Davidkov,"on May 31, 2025","They look exactly as in the photos and work perfectly 👌
Great Aitbuds. Acer is a great tech brand and manufacturer",
Vijay Korgaokar,"on May 16, 2025",arrived in the delivery time slot. so far so good. nice and bassy which is how I like my music,
V,"on May 13, 2025",Very good product at a reasonable price. I was impressed by the quality and sound of the product... I really like it.,
an***ag,"on May 9, 2025","It was a gift, and my sister absolutely loved them. They sound great, and they're also very stylish!",
Ірина Волобуева,"on May 8, 2025","The headphones are great, with a 5-hour battery life without recharging, excellent sound, and good noise cancellation. I recommend them.",
Sam Digital Technologies,"on May 3, 2025","Great product, Pakistanyon ye adionic dany or zero k buds is very good. It's amazing for me.",
co***21,"on Sep 18, 2025","so beautiful 😍 sound is good too,thanks temu.",
ga***73,"on Nov 17, 2025",Perfect,
WAHBI MOHAMED,"on Nov 27, 2025",Very good quality.,
S.H.,"on Nov 11, 2025",Super headphones,
Dinx,"on Jan 5, 2026",Very nice and beautiful! The only downside is that they are in Chinese,
30***41,"on Jan 5, 2026",very good product.. re-connecting taking some seconds otherwise its fine. good bass and back up,
Florea Alexandru,"on Jul 20, 2025","very good quality,for this price are amazing.
no anc or something but good music and voice",
Andrew,"on Jan 8, 2026","Really good set of headphones, struggled for years to get the right pair. Good sound quality as well.",
AK VLOGS,"on Aug 18, 2025",it works perfect. Just the language is Chinese when it says connecting etc. but no reflection in usage.,
Tochukwu Michael Okonkwo,"on May 21, 2025",Perfectly Fine. Very Loud And Clear And Has A Lasting Battery Life. Wish I Could Give It 200stars.,
Êšôř ñéwä,"on May 29, 2025",perfect 👍,
Miłosz N (Meloru),"on May 17, 2025",Great. I recommend it.,
Natalia Rezvan,"on Jun 17, 2025",Good sound,
choji chollom,"on Sep 2, 2025","Nice design, I would have preferred them a bit smaller. The sound quality is not great, but it is good.",
Ivana Vinny,"on May 30, 2025","Good headphones, I have no complaints.",
Pedro Silva,"on May 29, 2025",⭐️⭐️⭐️⭐️⭐️,
Naoufal Abdeloihid,"on Jul 5, 2025","Received, thank you",
Thomas Soyeur,"on Jul 12, 2025","Very good and beautiful headphones, delivered quickly and well protected. The sound quality is excellent. The headphones come with 4 additional ear tips, in addition to the two already on the headphones, making a total of 6. This is perfect in case of loss. Honestly, for this price, you can go ahead without hesitation; you won't be disappointed, that's for sure.",
sa***as,"on Jan 8, 2026","Very great! It's quite loud, and the battery lasts a long time. My only problem was that for a few days, the right earbud didn't detect the charging case, so it wouldn't charge.",
ao**_m,"on Nov 28, 2025","Good sound for the price. Edit: Very good for listening to music, but when making phone calls, I can't hear the person I'm talking to, and they can't hear me either..",
George Bosie,"on Aug 26, 2025","They sound very good, and hold a charge well. The only thing is that the microphone isn't of very high quality; I'd give it a 7-8 out of 10, but the headphones themselves are a 10+ in terms of quality!!!",
Nu***17,"on Jul 5, 2025","I have to say that I'm quite positively surprised - for the price, it's absolutely top-notch, sounds great, and there are no technical issues. The instructions could be larger.",
inessa,"on Jul 21, 2025",Good headphones,
Anaskhan Anas,"on Aug 24, 2025",good,
Nana Alsuhimat,"on Jan 18, 2026",This product is absolutely fantastic! I can't say enough good things about it,
ma***um,"on Dec 4, 2025","I use them when working in the garden. For the price, they perform very well and the batteries last quite a while!",
Giancarlo Pinna,"on Nov 27, 2025","Great! The volume is excellent, and you can choose between different modes like gaming, music, and so on",
Barabashka,"on Sep 2, 2025","Great sound, excellent bass isolation, but be careful as you won't be able to hear anything going on around you.",
Boris Je S'appelle Groot,"on Aug 3, 2025","Very, very, very good manufacturing quality. The touchscreen is very clear, and the sound is excellent with extraordinary battery life.",
ALZAYAN,"on Jul 30, 2025","Absolutely excellent, the 8D sound is legendary and deserves the top spot. Honestly, it's the best without a doubt, and the sound is incredibly powerful.",
commando,"on Jul 26, 2025",Very high-quality headphones for calls and music. The sound is clear and strong. Ordered for the second time.,
Robert Suba,"on Jul 24, 2025","For that price, it's truly unbeatable. The quality of the workmanship, battery life, and sound are all perfect.",
Ig***oz,"on Jul 15, 2025","Very good product, the sound is high quality and balanced, and it connects instantly via Bluetooth.",
ba***79,"on Jul 6, 2025","Good headphones, they fit perfectly in the ear. The quality is decent. I recommend both the product and the seller!!!",
pl***lo,"on Jun 25, 2025","These are the second pair I've bought, and I'm really happy with them. They sound great and are comfortable in the ear.",
Robert Voodoo,"on Jun 18, 2025","Brilliant, fantastic! For those who can tolerate in-ear headphones, they are really very good. I recommend them.",
Владимир Бухтояров,"on Jun 8, 2025",I liked the headphones. The sound is good. They fit snugly and comfortably in the ears. The charge lasts very well.,
M S,"on May 20, 2025","The headphones are amazing, with great bass. They work perfectly with my Motorola phone that has Dolby Atmos.",
Ayowb Ali,"on May 8, 2025","The sound is clear and the battery is excellent. The product is great, especially considering the price, which is low and the quality is high.",
Irshad Somra,"on Jun 5, 2025",Best Quilty amazing,
darren zarb,"on Apr 22, 2025","excellent thank you,, brilliant, fantastic, Nice product, Lovely",
su***ai,"on Jun 14, 2025",this is good. nice I'm satisfied this product.,
80***95,"on Oct 17, 2025","I met it exactly what was described in it review, the bass in it is waoooo ,call is so clear and loud .
I really love it .
thank you Temu",
Ivan Boshkov,"on May 30, 2025",,
Ivan Boshkov,"on May 30, 2025",,
MD ALIM KHAN,"on Aug 4, 2025",,
Sami_ Vlogs,"on Apr 27, 2025","excellent thank you,",
Go***ić,"on Jul 24, 2025","For this price they are much better than expected, good quality and great battery life.",
redemer66,"on May 8, 2025","good quality, great sound, very satisfied",
Pale Morning Star,"on Dec 25, 2025","Wow, what a sound! Incredible for this type of headphones. I'm very happy with them and highly recommend them! 6+",
Anna Lebedeva,"on Nov 9, 2025","Great! I'm satisfied. They have a nice sound and last a long time without needing to be recharged. For this price, they're just great!",
Abdulrauf Suleiman,"on Sep 9, 2025",Strong. The battery lasts and the bass is awesome. Case is just a bit bigger than I expected.,
fe***08,"on Sep 1, 2025","The best headphones I've ever had in my life, the battery lasts for days and the sound is perfect!!!",
Vinícius Rui,"on Aug 15, 2025",PERFECT! The sound has great bass and excellent isolation from external noise. A real gem!,
mp***21,"on Jul 24, 2025","The sound quality is quite good, and what's more, the price-to-quality ratio is excellent!",
va***os,"on Jul 16, 2025","For the 15 lei I paid, I'd say it's worth even more. It sounds excellent and does exactly what it's supposed to.",
Domingo Montañez,"on Jul 14, 2025","These headphones are very good, the sound quality is perfect, and the battery lasts a long time. 👍👍👍👏👏",
Jorge B (J.B),"on Jul 7, 2025","They work great, are easy and quick to sync with the phone, and sound very good.",
na***99,"on Jul 5, 2025","Very good. The battery really lasts a long time. Nice sound. For the price, it's perfect.",
ke***jk,"on Jul 4, 2025","Works great, fast Bluetooth connection. Basic sound quality, as expected for this price.",
Denys Duzhar,"on Jun 21, 2025","Functional headphones, they sync well with devices, great for workouts and gaming",
Виктор Ярошенко,"on Jun 11, 2025","Great headphones. They hold a charge for a long time, are easy to connect, and have quite decent sound.",
Gustavo Fernández,"on May 14, 2025","I was surprised by the quality; for the price, the sound is quite good. The battery does last a long time.",
moazzam ali,"on May 7, 2025",Very handy compact ad working really well so far. Strongly recommended has a good voice ad back up,
Noor Ihsan,"on Dec 31, 2025",THIS IS SO BEAUTIFULL AND LIGHT WEIGHT IN AIRBUDS.,
pe***hs,"on Sep 24, 2025","Earbuds are working perfectly fine,
Long lasting battery & good sound.",
Adrian,"on Apr 28, 2025",It sounds very good! I didn't expect that.,
Michalina Ferenc,"on Jul 9, 2025",,
Jorge Carbonell Sevillano,"on Aug 25, 2025",Tested them out. The quality is quite good for the price. I hope the battery is acceptable.,
bf***ra,"on Jun 16, 2025",,
Jesica González martín,"on Aug 23, 2025",,
Przemuss159 Przemek,"on Jun 24, 2025",I recommend it,
pe***ni,"on Jun 26, 2025","brilliant, fantastic, excellent thank you,, perfect for my needs, nice sound quality, absolutely good, normal, great",
Ghg,"on Jun 24, 2025","sounds good, feels cheap, but for the price it's great honestly way better than other options",
Almida Gulam,"on Aug 16, 2025",good quality...nice to use ..loudly and clearly the sound..,
Marcus,"on May 12, 2025",Great product.,
vi***33,"on Sep 12, 2025",this is so perfect.. i recommend to everyone,
Юлія «Ramonkibili» І,"on Aug 14, 2025",,
Sadder Whiskeymann,"on May 9, 2025","They work perfectly, my only concern is that in the past when I bought cheap wireless headphones, the battery lasted only 3.5 months.",
sk*da,"on Jan 16, 2026",Great value for money. I hope they work for some time.,
michelle hill,"on Jul 24, 2025",Excellent piece of kit and at a great price. Many thanks,
Zeeshan Irshad,"on May 4, 2025",nice product original good Lovely,
M. Naeem Shakir,"on Jun 30, 2025",excellent work,
Elşən Əliyev Salman oğlu,"on Jun 17, 2025",,
Maimusa Muhammad,"on Jun 17, 2025","Perfectly working well and good quality, I really like the product. thank you, TEMU.",
Sohail Khan,"on Jun 30, 2025",,
suroor balushi,"on Jun 26, 2025",Very good handsfree standby time is good. battery is also very good sound is very attractive I'm happy and thankful to Temu for lowest rate,
olivier Foye,"on Dec 29, 2025","They perform well, have good battery life, and are perfect. No complaints, great purchase!",
Ва***ук,"on Sep 5, 2025","Even very impressive! Definitely suitable for fans of bacon, there's even more than enough of it here.",
fa***13,"on Sep 1, 2025","Excellent audio quality, it connects very easily to the mobile phone. I'm delighted with it.",
r.***dt,"on Aug 17, 2025","Very good, it was a gift. My son is thrilled with it. The sound is great, I would definitely buy it again.",
ad***08,"on Aug 1, 2025","Excellent product, reliable company, fast and responsive in communications. I truly recommend it.",
vs***ao,"on Jul 30, 2025","Very good audio quality, long-lasting battery... the best headphones I've bought on Temu.",
ma***11,"on Jun 28, 2025","The child loved them, and honestly, I needed to replace the old ones, so he was satisfied with these.",
Ad***ak,"on Jun 18, 2025",I was pleasantly surprised by the beautiful sound. I'm very satisfied. The touch features are excellent.,
38***52,"on Jun 14, 2025","Product of excellent audio quality, very powerful, with a fairly good battery life",
Nicolae Pislari,"on Jun 4, 2025","I tested it, it worked for about 5 hours at medium volume, I'm satisfied with the product",
Syed Shaharyar Ahmed,"on Apr 20, 2025","brilliant, fantastic, Nice product, well worth the money.i didn't think the product quality will be this good.",
Ignatiev Aleksandr,"on Apr 19, 2025","Thank you, the delivery was very fast and the product matches the description. I'm satisfied, thank you!!!",
Baatraa BN,"on Aug 16, 2025",Very good,
is***sh,"on Jul 22, 2025",good,
32***98,"on Jul 22, 2025",,
Piotr Pasternak,"on Apr 26, 2025","After the first connection, I'm satisfied. We'll see how it goes in the future.",
Zoltán Pálinkás,"on Apr 30, 2025",super ✌️👌,
is***ro,"on Jul 8, 2025",Sound quality is very good! Although I had some issues with the headphones at first: the left side wasn't working.,
Nenad Vidanovic,"on Jun 25, 2025",,
Tolulope Onifade,"on Jan 6, 2026","Excellent product, the sound is good and the battery life is great.",
ri***a1,"on Nov 10, 2025",good product I'm buying this again the battery life really impressed me,
Jagaban *****,"on Sep 17, 2025",I'm in love with this everybody around me loves it and it last very well,
Somtochukwu Amadi,"on Jun 7, 2025",Amazing sound. Lasting battery. Not painful when wearing. Don’t hesitate to buy it’s really good,
ghyyas baig sabri,"on Apr 28, 2025","original, good, well worth the money, well worth the money, brilliant, fantastic, excellent thank you,",
gi***68,"on Jun 25, 2025",,
69***47,"on Aug 26, 2025",excellent 👌,
da***65,"on Aug 26, 2025",fit nice abd sound very loud,
Basitmazari Tv,"on Apr 20, 2025",it is really amazing,
Al***an,"on May 23, 2025",Works very well and arrived quickly,
Sandut Ion,"on Jul 22, 2025",,
Le***cz,"on May 4, 2025",,
es***ri,"on Jul 15, 2025",,
ayoub dwang,"on Aug 1, 2025","The sound is more than wonderful, with great quality and comfort.",
hassan,"on Jun 5, 2025",Very beautiful 🌹,
ng***45,"on Dec 16, 2025","I received the product, the headphones work well, and the sound quality is excellent. I recommend the seller.",
34***42,"on Dec 5, 2025","I haven't tried them yet because they're a Christmas gift, but they look great!!",
Christina Kapinus,"on Nov 20, 2025",This was the second pair I bought as a gift; they have very high-quality sound and excellent bass,
Gerald Michaux,"on Oct 10, 2025","The sound is excellent, the battery life is good, and there's nothing to complain about regarding the delivery.",
Kam Sukhija,"on Sep 9, 2025","Works perfectly fine as I tested it, happy with the purchase but haven't used it lol",
Darijus Barbijus,"on Aug 28, 2025","Surprisingly good. Good sound, good bass, they fit well. Long-lasting battery.",
Adrian,"on Aug 26, 2025","The headphones sound very nice, with a very good bass and noise isolation. I recommend them.",
na***87,"on Aug 16, 2025",Sounds good. They are comfortable and don't fall off when I move my head—that's very important to me.,
Ан***ко,"on Aug 7, 2025",Excellent headphones. My son is thrilled. The noise cancellation is top-notch. I highly recommend them!,
Annelie Persson,"on Aug 7, 2025",As described. Fits well. Good sound. Just need a touch (not a press) to activate. Satisfied!,
Igor Correia,"on Jul 23, 2025","Top headphones that deliver as promised, excellent sound quality, I recommend them 1000%",
tr***eo,"on Jul 11, 2025","Excellent headphones, great quality of materials and audio, I will definitely buy them again",
Пиратик 001,"on Jul 8, 2025","A little big, but they hold a charge for a long time and have great sound. For this price, they're simply the best!",
Suman Kunwar,"on Jul 2, 2025","hd sound
equal to apple earbuds
best for movies and music .. best cinema experience in this buds",
be*a4,"on Jun 23, 2025","But they are good headphones, they play loudly, the bass is great, and they stay securely in the ears.",
Gabriele Pasqualetto,"on Jun 18, 2025","Good sound, battery to be tested. Very satisfied. Excellent value for money.",
98***31,"on Jun 5, 2025",The headphones are simply amazing 💥💥💥 I recommend them 100 percent 👍👍 The sound is fantastic 🎊,
ki***25,"on Jul 22, 2025","So: the cheapest, yet high-quality, powerful, and worthwhile Bluetooth headphones I've ever had. I can only say one thing: TOP!",
k.***dt,"on Aug 4, 2025","They do what they're supposed to. For the price, they're okay, with a bit less bass, and they stay securely in my ears even with little head movement.",
Johnloyd Cristo,"on May 24, 2025",good,
Maxwell Vorsah,"on Oct 5, 2025","Good, long lasting battery and sound is amazing",
Samuel Muoki,"on Jun 29, 2025","brilliant, fantastic!!",
ja***53,"on Apr 24, 2025",thanks for fast delivery thank you,
Shiela Marie De Asis,"on Aug 23, 2025",,
Adama diarra,"on Apr 30, 2025",,
74***54,"on Jan 4, 2026",good perfomens like it,
19***72,"on Jun 13, 2025",Great,
Luisa Pirri,"on Jun 27, 2025",Good,
Only One Untouch,"on Jan 4, 2026","this work so well and fine but they are big.
battery is good 👍.
I recommend",
on***ne,"on Oct 3, 2025",Thoroughly pleased with them. Nice sounds and easy to connect to any Bluetooth device,
Mark Emaniru,"on Sep 5, 2025","love it. it's beautiful, the sound is great plus it's comfortable in the ear",
Hitmans Gadgets,"on Jul 21, 2025","it is really amazing , nice sound quality, Meeting Expectations, well worth the money",
Ann Louise Stickley,"on May 24, 2025",kids lose these like nothing the matter these are great value for money,
na***ua,"on Oct 27, 2025",Long lasting battery and the sound is very good,
da***ra,"on Jul 12, 2025","They sound louder than others I've bought, they're not original but they serve the purpose",
ma***40,"on May 18, 2025",Impeccable sound for the price. Nice design. Good battery life. I ordered another one in black.,
Riyad Alfadil,"on Nov 5, 2025","Great design, good sound quality",
Ma***el,"on Jul 31, 2025","For the price, it's okay, but you shouldn't expect something amazing either. That's just my opinion, and the sound is good.",
ta***82,"on Dec 31, 2025",Best headphone with good sound. Good value for money.,
51 TELECOM (SASU ARAFA),"on Jun 11, 2025",,
gr***ev,"on Aug 13, 2025",My new favorite earbuds! Absolutely amazing,
Ayo Moritiwon,"on Aug 2, 2025",awesome noise cancelation ND lovely bass,
al***a8,"on Jun 12, 2025","Excellent, with very clear sound",
રાજ ખોના,"on Feb 2, 2026",Very good quality. Price is so low. Excellent sound quality. Must recommended.,
59***02,"on Aug 4, 2025",best product and best quality my best experience in temu purchasing itms,
См***но,"on Jan 4, 2026",These headphones are decent for the price. They connect quickly and the battery life is excellent.,
so***06,"on Dec 23, 2025",Perfect. Great sound quality. Easy to connect. Everything matches the description.,
ha***ta,"on Sep 21, 2025",Absolutely great. They last a long time and play beautifully. I didn't expect such quality.,
cl***81,"on Sep 3, 2025","The sound is chilling, perhaps the microphone could be improved, but it's excellent overall.",
ju***ox,"on Aug 30, 2025","Honestly, the quality is the best, and I've bought 10 different ones.",
Iris Shaw,"on Aug 25, 2025","Pretty good sound according to my child, I haven't tried it myself yet.",
Михаил Владимирович Рыля,"on Aug 12, 2025",The product is very good. I didn't expect such quality for this price. I recommend it 👍👍👍,
Яна Петренко,"on Aug 1, 2025","Nice headphones, I don't know how long they will last, but the sound is good and they are quite loud.",
Zsuzsanna Milis,"on Jul 30, 2025","I was pleasantly surprised. It sounds really good, even better than my JBL. It's fantastic.",
Мирослава Чайковская,"on Jul 30, 2025","Wonderful, the sound is excellent, and for such a price, it's a high-quality product with superb sound.",
iv***ev,"on Jul 24, 2025","I have the same ones, these are for a friend. I also have good headphones, which I highly recommend.",
Cornel Budisteanu,"on Jul 20, 2025","The music sounds great, with very strong bass. I highly recommend it.",
96***84,"on Jul 18, 2025","They arrived fully charged, the sound is just amazing, I'm very satisfied and I recommend them",
ar***65,"on Jul 17, 2025",Great. It fits very well and doesn't move even on bumpy roads while cycling.,
Val Pop,"on Jul 13, 2025","Great headphones, good sound quality, the bass is decent, very nice for this price 👍",
Marius Ghirolteanu,"on Jul 6, 2025","Exactly as described, worth the money paid, very good sound... I recommend it",
Marie Tarabášová,"on Jul 4, 2025","I was surprised by the sound quality. It's not top-notch, but the quality is excellent for the price.",
Ar*zi,"on Jul 4, 2025",Very nice headphones. I'm surprised that they sound so good for this price.,
Hamza munir,"on Jun 27, 2025","well worth the money, brilliant, fantastic, excellent thank you,, excellent thank you,, excellent thank you,",
kh**en,"on Jun 26, 2025","Excellent Bluetooth headphones, great price, fast shipping, highly recommended",
Br***nt,"on May 18, 2025","The item matches its description. Trustworthy seller 💯 Thank you, TEMU ❤️",
Darel Bss,"on Jul 2, 2025",top. very satisfied for the price.,
Дарина Пишняк,"on Jul 30, 2025",,
Ami Ran,"on Oct 5, 2025",Sound Quality very good...,
Tracey Cotillard,"on May 20, 2025","Perfect, great ear buds, comfortable",
jo***lo,"on Aug 1, 2025","I haven't used them yet, but the fact that they come in their original box gives me confidence. I'll evaluate them once I start using them.",
vi***ij,"on Jun 14, 2025",Very decent sound quality. I recommend these headphones! Thanks to the seller and the team. Delivery took 10 days.,
ex***dy,"on Jul 28, 2025",Excellent items perfect sound quality pity the instructions are minute difficult to read,
51 TELECOM (SASU ARAFA),"on Jun 11, 2025",,
Babar Amir,"on Jul 2, 2025","Brilliant, fantastic",
ba***ve,"on Oct 18, 2025",Sounds very good and with Long lasting battery,
Reizor92,"on Dec 17, 2025",Excellent quality for the price.,
ce***ca,"on Jul 26, 2025","It sounds really good, now I'll test if the 30-hour battery life is true. It took a lot of effort to pair it, but it was worth it.",
Luis Betancur,"on Jul 25, 2025",Fast delivery and very good sound quality,
li***sm,"on Jan 7, 2026",These headphones are very good. They can last for up to 6 hours of continuous listening without needing to be recharged.,
Encsi Nagy,"on Dec 11, 2025","Very good, the sound quality and bass are great, I'm really satisfied with it",
Al Si,"on Nov 2, 2025",They hold a charge for a very long time. It's worth buying. The sound quality is also excellent.,
Clara Caamaño,"on Oct 8, 2025",I was really surprised by them; I use them daily and they look fantastic.,
Maxwell Vorsah,"on Sep 5, 2025","An amazing airpod, this airpod is the best with wonderful bass and Strong battery",
Юлія Помогайбо,"on Sep 3, 2025",Easy to use. Connected quickly and work well. I recommend them.,
69***07,"on Aug 31, 2025","it works perfectly, sound is great, the time will show if it's durable 😉",
Talha Saeed,"on Aug 12, 2025",one of finest ear bud i have ever seen in such amount of ❤,
tc***ka,"on Aug 4, 2025","The headphones are really great, with clear sound and a good fit in the ear. I highly recommend them!!!",
sb***39,"on Jul 20, 2025","Perfect quality, great sound. Comfortable even when sleeping with it on.",
ri***16,"on Jul 17, 2025","Nice, fragile, but for the price, they deliver good sound quality.",
Ina Jan,"on Jul 15, 2025",Works perfectly. The Samsung phone immediately connected to the Bluetooth. 🤩😄,
Tamer saad eldin,"on Jul 12, 2025","Excellent design, compact for easy portability. The sound is clear and the charging is powerful. Bravo!",
An***ro,"on Jul 10, 2025","Really excellent, they sound great and the battery lasts a very long time.",
ki***08,"on Jun 23, 2025",Excellent! Good sound quality and completely sealed. You can barely hear any outside noise.,
Sébastien Dengis,"on Jun 21, 2025",They seem to be of good quality and well packaged in blister packaging. I'll have to test them out.,
Dinis Maia,"on Jun 18, 2025",Good value for money. The sound is excellent for the size of the product.,
Rushbhayo,"on Jun 13, 2025","thank you, normal, well worth the money, not as good as I was expected.",
66***69,"on Jun 4, 2025","Very easy to set up, the sound is good, we'll see how it holds up over time.",
Matteo Pasqua,"on May 28, 2025","Excellent product, great sound, powerful bass. I will buy them again.",
Stanislav Brcak,"on May 20, 2025",The headphones meet my expectations and have a better durability than my original ones.,
ma***89,"on May 10, 2025",Bought for my mother. She seems satisfied with both the sound and battery life.,
Khubaib Imran,"on May 7, 2025",best ear buds of you like bass and deep sound then best and recommended,
93***26,"on May 6, 2025","The first impression is very good, I think I've finally made the right choice this time.",
em***60,"on Apr 28, 2025","excellent thank you,, well worth the money, good, perfect for my needs, brilliant, fantastic",
michelle hill,"on Aug 21, 2025",Great sound and value for money,
Konstantinos Psarras,"on Aug 27, 2025","The only downside is that they don't have their own app... Other than that, they are very good.",
24***84,"on Aug 11, 2025",Excellent sound. There is noise cancellation. They fit very comfortably in the ears. I'm happy with the purchase.,
na***07,"on Jun 7, 2025","Great product at a competitive price, bass is good!",
Ahmad Ismail,"on Jan 11, 2026","loud and clear, and quite bassy too. highly recommend",
Sonya W,"on Dec 12, 2025",These earbuds are so much better than i expected. Very happy 😊,
cy***cp,"on Dec 1, 2025","I'm really impressed with the sound quality, so much better than expected,",
Umar Idowu Abdulwakeel,"on Nov 18, 2025","Good😃 but, it will be great if the transited language is English",
Patience Simeon,"on Oct 10, 2025",Oh this is one item I enjoyed so much. Sound is great,
Nedy Blessing,"on Aug 22, 2025",It’s perfect and the battery lasts for even a week. Highly recommended,
Hasnain Mughal,"on Jul 6, 2025",Excellent Earbuds. Battery Timing is very Nice and Sound Quality is perfect.,
Shah ***** Ali Syed,"on Jul 1, 2025","Same as shown in pic , delivered on time, very nice item",
Muhammad Salman Shakeel,"on Jun 16, 2025","Amazing, brilliant, fantastic, perfect for my needs, nice sound quality, good battery",
Learn Webflow,"on May 28, 2025","Great , excellent sound quality , high performance, well above my expectations!",
81***98,"on Sep 21, 2025","he loved this NC good sounds and base, don't know about the battery yet but I pray it will be fine",
r.***an,"on May 16, 2025","excellent for the price but sound quality is poorer than hoped and no app control, but a good little backup set",
70***54,"on Dec 7, 2025",Good product. last long,
ac***00,"on Jan 27, 2026",I love that the batteries last long.,
Pari,"on Aug 6, 2025","Good earbuds.. great sound but on call, the other person can't really hear you. But in general very good.",
go***ar,"on Aug 28, 2025","We can hear each other well, but the microphone isn't the best; there's a delay in the sound, and the conversation sounds like it's coming from a well.",
Otis Pills,"on Jan 14, 2026","I love this Earphone, nice sound and good quality bass
❤️❤️❤️❤️❤️",
33***81,"on Jan 12, 2026","Comfortable, work perfectly, and the battery lasts a long time.",
Richàrd Szilasi,"on Dec 17, 2025",Very good! It lasts about 6-7 hours on a single charge! It sounds great!✌️✌️✌️👍,
Pervane Cebiyeva,"on Oct 5, 2025","I've been using it intermittently for 2 days. The sound quality is excellent, and it fits comfortably in the ear.",
Gonta Vladislav,"on Sep 13, 2025",Perfect in terms of audio quality and with a very powerful volume. Excellent.👍,
Арарат Вартанов,"on Sep 9, 2025","Thank you very much, the product works great and the charge lasts a long time.",
li***18,"on Sep 4, 2025","Great, it fits my 4-month-old baby and works perfectly.",
jo***33,"on Sep 4, 2025","It takes a bit of time to set up, but after that, it's a good product.",
Gennaro picale,"on Aug 22, 2025","Fantastic... the sound is beautiful, clear, and strong. I'm very happy.",
ed***kz,"on Aug 21, 2025","Very good, they last a long time. You can watch a 2.5-hour movie and they won't run out.",
Ch Ar**,"on Aug 13, 2025",They are really good. The sound and battery life are excellent. Great value for money.,
ol***to,"on Aug 11, 2025","Excellent! My daughter is happy, and so far they are working great.",
Irina Mirela,"on Aug 8, 2025","Very good, of high quality and at an affordable price... thank you, Temu",
bi***ya,"on Aug 2, 2025","This is by far my best order,well maybe it because I love music.",
so***36,"on Jul 26, 2025","The Acer Bluetooth works very well, and the battery lasts a long time.",
24***53,"on Jul 26, 2025",bros these pods dey bee waa. chaley the bass be solid. solid 10/10,
B Cz,"on Jul 22, 2025","Great quality, they sound very good, with strong bass and clear sound. 👍",
Abdul Sammad,"on Jul 21, 2025",i love it .... amazing time durability... excellent sound ... already repeated buying...🤝♥️,
Gilberto,"on Jul 10, 2025",Wonderful headphones! Exceptional. On par with a professional pair.,
s. nadanathan,"on Jul 10, 2025","Super, very good sound and bass, top quality. Thank you Temu and Acer.",
dr***id,"on Jul 3, 2025","Excellent sound, the microphone is also of good quality, I recommend it.",
Shaista Manzoor,"on Jul 2, 2025","meeting expectations, well worth the money, excellent thank you,, lovely 😍, super, sharp",
Vadym Kravets,"on Jun 28, 2025",Super loud and with a great noise-cancelling feature... unexpectedly awesome!,
ma***mp,"on Jun 26, 2025","Fast pairing, clear sound, very good volume. I recommend it.",
su***nn,"on Jun 25, 2025","It works very well, is reliable, and the sound quality is good! I love it!",
Айдин Анарбаев,"on Jun 23, 2025","Overall, a great product, I really liked it. The sound is just crystal clear.",
FAWWAD Fou'ad SIDDIQUI,"on Jun 7, 2025",Haven't checked it yet but the packaging and delivery is as described. Thanks,
леонид арх,"on May 30, 2025","Seems fine, haven't tested it yet, but when I did, it was AWESOME!!!!!!!!!!!",
Jelena Andjelic,"on May 30, 2025","The headphones have great sound, hold up well, and the battery lasts long. Highly recommended.",
Marcin Mossakowski,"on Apr 30, 2025","A revelation, beautiful sound, strong bass for the price, it's a ""bomb""!",
Mindia Arabuli,"on Dec 16, 2025","It really has a great sound, and it comes with rubber pads of various sizes. You won't regret it!",
Peter Ogundipe,"on Nov 27, 2025","I received the items in good condition, just as was displayed on the website. Kudos Temu!",
БусяБусина,"on Aug 5, 2025","The headphones are cool. They work, they charge, everything is according to the manual. I recommend buying them.",
Shkelqim Selimi,"on Aug 21, 2025","very good quality, sound is good too but the voice is in chinese.",
Виталий Бойко,"on Oct 15, 2025","Excellent headphones, but unfortunately one earbud is not responding to button presses this time. They sound great, though.",
lu***85,"on May 24, 2025","Good quality, the touch controls are a bit hard to use, but the connection is excellent and the audio quality is great for the price.",
John graham,"on Jan 30, 2026","Top class product, highly recommend",
Clifford Orji,"on Jul 14, 2025","amazing quality, very nice sound. very very nice",
Bi***56,"on Sep 9, 2025","Really good sound, comfy to wear, adequate charge usage time. Recommended.",
daniel,"on Jul 14, 2025","fits well in the ears, sounds really good for the price",
Muhammad Yusuf,"on Jun 19, 2025","well worth the money, it is good in quality. Thank you",
ju***89,"on May 30, 2025","Perfect 👌The sound is clear, good bass and noise reduction 👌",
Mhr alyan azhar,"on Apr 30, 2025",very fantastic item excellent good sound and long battery timing 👍,
Giorgi Macharashvili,"on Dec 27, 2025",It's okay,
80***66,"on Nov 22, 2025",Nice and looking good.... the design is fine and is working nice .... This is good to go....enjoy,
Lanno Udoaka,"on Jul 6, 2025",great item. got it in black. more than what I expected. wish I got it in grey color,
54***45,"on May 10, 2025",nice product,
60***50,"on Aug 19, 2025","For listening to radio broadcasts, podcasts on YouTube, and making phone calls, it's okay. For listening to music, I recommend choosing something else.",
Mohamed Ahbir,"on Jun 22, 2025",,
Fa***ha,"on Jun 4, 2025","Great for listening to music, but during calls, the other party may tell you that your voice is too low and you need to speak louder",
Murad Hossain,"on Apr 28, 2025",,
Indunil Priyankara,"on Aug 2, 2025",GOOD QUALITY SOUNDS I LIKE THIS THANK S TEMU,
mo***ri,"on Jun 17, 2025",Good quality product and amazing sound quality. Highly recommended,
Kamran Khan,"on Apr 22, 2025","excellent thank you, , brilliant, fantastic , Nice product",
ju***nt,"on Jan 23, 2026","They work great, and the sound quality is excellent",
Milena topo,"on Jan 11, 2026",Excellent! Great sound quality. I wholeheartedly recommend it.,
Marty Akpo,"on Dec 25, 2025","For the price, there's nothing to complain about; it's excellent and very effective.",
yo***bi,"on Dec 21, 2025","They connect well, both for music and for the mobile phone. I really like them",
zu***es,"on Nov 29, 2025",Amazing!!! I'm very happy and surprised by the quality!!!,
Юлия Мустачко,"on Oct 25, 2025","Very good headphones for their price, they hold a charge for a long time.",
da***as,"on Oct 17, 2025","Fantastic, comfortable, they sound great and last a long time.",
Денис Сопин,"on Sep 22, 2025","Awesome sound, I recommend it. Everything is intact and well packaged.",
БусяБусина,"on Sep 5, 2025","Excellent. I'm buying them for the second time. They connect, charge, and work.",
Juan Diego Elias Huaman Cruz,"on Aug 28, 2025","Very good, I would buy it again. The battery lasts a long time.",
Gobelaurre 13,"on Aug 19, 2025","Very well packaged and they sound great. For the price, I give them a 10.",
63***94,"on Aug 13, 2025","It's a gift, I haven't tried it, but I trust the brand as well.",
Angie Salaberry Molino,"on Aug 12, 2025","They seem good; the little I've tried them, they sound fine.",
lu***om,"on Aug 4, 2025","Excellent, they are very beautiful and stay in place comfortably on your ears.",
ro***im,"on Aug 3, 2025","The sound is excellent, the quality is superior, highly recommended.",
olamilekan azeez,"on Jul 30, 2025","I got what I ordered packaged well, thank Temu for swift delivery",
Анна Ежова,"on Jul 28, 2025",Excellent. I didn't expect such quality. These are quite good headphones.,
ni***64,"on Jul 17, 2025","Great sound! The same brand as my computer, and I'm very satisfied.",
ma***ck,"on Jul 14, 2025",These headphones are good for the price paid; I would say they are excellent.,
Ин***ца,"on Jul 12, 2025","Great, everything works, the sound quality is excellent, and they arrived fully charged.",
farhat mehdi,"on Jul 8, 2025",Excellent sound quality Totally worth it but took too much delivery time,
Claudio Signoretti,"on Jul 6, 2025","Good purchase, the price-quality ratio is definitely high.",
ba***91,"on Jul 6, 2025",Very good and inexpensive. Loud sound and clear calls. I recommend them.,
ab***49,"on Jun 28, 2025","They are very good, they sound great and don't fall out like others do.",
Carmelo Tocci,"on Jun 27, 2025","Perfect, with a spectacular sound and exceptional value for money.",
je***ic,"on Jun 27, 2025",Excellent headphones. The sound is clear. The clarity during calls is excellent.,
ji***va,"on Jun 12, 2025","They look good, the sound quality is excellent, and they pair with the phone immediately.",
Esteban Castilla Leñero,"on Jun 7, 2025","Perfect, very acceptable quality at an unbeatable price",
ju***60,"on Jun 6, 2025","Perfect sound, happy with it, good fit in the ear. Everything is OK.",
ca**61,"on Jun 5, 2025","Good price, good sound, what more could one want? I'm satisfied.",
ar***zm,"on Jun 4, 2025",Very good,
ka***la,"on Jun 3, 2025",These headphones surprised me with their very good sound quality.,
Dan Mac,"on May 31, 2025",Love these and for the Price a deffo 5 star Remy buy,
Pilar Benavides,"on May 30, 2025","Hello, They are very comfortable and have great sound quality. I am satisfied.",
Maks,"on May 29, 2025",They are quite large and look substantial. The sound is great for the price.,
Stela Ivanova,"on May 24, 2025","Very good, they sound great and are very loud. 100% recommended.",
Marina Rai,"on May 18, 2025",Excellent headphones at a great price. The sound is loud and clear.,
jo***vs,"on May 17, 2025","They have a fantastic price, and the sound quality is good.",
Leonid Konopko,"on May 4, 2025",Very good headphones. They connect easily and sound great.,
Promise BOSHEGO,"on May 1, 2025",ok. ok. more like it. this one is the best 5 star,
Scorpio ****,"on Oct 1, 2025","I'm using it now, and let's see the results......",
Eb***no,"on Aug 26, 2025","A very good product surprisingly at that price.
Long lasting battery.
Comfortable to use.
Great sound.
Delivery was swift, came earlier than the expected delivery date.",
happiness Juku,"on Jun 26, 2025",I love this Earbud and the battery does last long. thank you,
Sheikh Hamza,"on Jun 30, 2025","excellent thank you,
lovely 😍",
da***ik,"on Jan 11, 2026",Good earbuds and they were shipped with a protective foil.,
Liviu B,"on Jun 28, 2025",Really good ones. Stable in the ear and good sound,
Da***gr,"on Jun 12, 2025",This Acer Earbuds good and quality product. Timming is good.,
udeze joshua,"on May 31, 2025",Sounds good. Bassy and battery lasts. I will update review,
ce***el,"on Oct 19, 2025","The sound quality isn't great for phone calls, but it works very well for music.",
95***26,"on Jun 27, 2025","Normal headphones, my husband uses them. Thank you for the delivery. I recommend the seller.",
Йосип Тимошенко,"on Aug 10, 2025","The headphones have been working for two months, so far everything is fine, but we'll see how they perform in the future!",
Anastasia Kobrincuk,"on Jun 6, 2025",The quality of the headphones is excellent. They are comfortable and in no way inferior to the originals.,
Selasi Godfred,"on Aug 21, 2025","It's very good and sounds really great, I'm just hoping it has a long life span",
Razi Abbas,"on Oct 29, 2025",is very good quality thank you so much,
Saqlain Abbas,"on Jul 18, 2025",Soo nice quality in this price totally recommended,
Vi***el,"on Jul 17, 2025",Great quality... really lived up to it's expectations,
30***15,"on May 12, 2025","brilliant, fantastic, perfect for my needs, nice product",
Ferdous Sumaiya,"on May 8, 2025",It's the same as shown. Good quality product.,
Asad Saeed,"on May 8, 2025","brilliant, fantastic, perfect for my needs, best product",
Shuhaib K V,"on Apr 27, 2025",The best product I ever bought from Temu,
a*,"on Jan 17, 2026","Everything is fine, as described. Fast shipping. Thank you",
Николя Сычов,"on Jan 17, 2026",These headphones are inexpensive and have great sound quality. I recommend them to everyone.,
se***09,"on Jan 7, 2026","I haven't tried them yet, but they seem to be well-made.",
ma***k8,"on Dec 1, 2025","They look just like the ones in the picture... they work, and I'm happy with them.",
Sandra Pernes,"on Nov 18, 2025",Excellent and with a duration of almost 8 hours. I recommend them.,
st***09,"on Nov 6, 2025",were faulty but excellent communication from the company who refunded instantly,
Denys Korolenko,"on Oct 23, 2025","The device works. The quality exceeds the price point, making it a great value.",
ahmed fathih,"on Oct 20, 2025",The sound quality is very good. i like it so far,
pa***is,"on Oct 11, 2025","Very good product with excellent sound. For the price, it's perfect.",
Phillip Nwosu,"on Sep 19, 2025","it works perfectly, been using this for months now no iisues",
Jose Viera Hernandez,"on Sep 18, 2025","Excellent purchase, they sound very good and are perfect.",
ya***ea,"on Sep 13, 2025",Great headphones. They hold a charge well and the sound is excellent.,
Alina Groza,"on Aug 28, 2025","They arrived in good condition, I've already tried them, and they are great.",
ma***ne,"on Aug 24, 2025",very fast...!!! good quality & price...! 100% recommended...! ALL OK...! *****,
be***ir,"on Aug 20, 2025","I think it's good; for the price, it's really quite good.",
Ro***03,"on Aug 7, 2025","I haven't used them, but they look great, and the packaging is nice.",
Alisa Coal,"on Aug 4, 2025","As shown in the photo, excellent product. This is my third purchase.",
Joanna Smolińska,"on Aug 2, 2025",The headphones are great... The sound quality is very good. I recommend them.,
SLAVA KROX,"on Jul 28, 2025","Very loud, with rich bass... quite comfortable. Thank you.",
al***li,"on Jul 23, 2025","Absolutely spectacular, I highly recommend them to everyone. Truly amazing!",
Jolie,"on Jul 17, 2025","Excellent headphones, good sound quality, long-lasting battery",
li***94,"on May 29, 2025",Cute and elegant 😍,
Jani Sandrina,"on Jan 28, 2025",beautiful pieces. you get what you see in the pic. worth your money,
Udari Kaushalya,"on Mar 17, 2025","So beautiful, very pretty bracelet",
Anusha Senadeera,"on Feb 24, 2025",thanks for this ❤❤❤❤very good product,
Layangi Senethma,"on Jun 3, 2025",These are good..colour doesn't fade very worth to the price,
Hasheena Maryam,"on Jun 12, 2025",Good but each of them in various sizes,
Suramya Indumathi,"on Jul 1, 2025",These rings are really good! 😘😍,
Dilshani Gomis,"on May 31, 2025",lovely piece love it,
Asanka prasad fernando,"on May 20, 2025",lovely piece love it,
Saliha Safar,"on Mar 25, 2025",lovely piece love it,
Melani Fernando,"on Mar 2, 2025",thanks for this ❤❤❤❤,
Arflisha,"on Apr 26, 2025",very pretty bracelet,
Dilini Manikpura,"on Apr 15, 2025",worth buying,
sw***76,"on Jul 27, 2025",Perfect,
su***ka,"on May 16, 2025",good,
Sobby,"on Mar 17, 2025","It's beautiful,even though I have a slim wrist,it still fits,can't wait to rock 'em",
la***17,"on Jul 4, 2025","The bracelets are gorgeous, very stylish and fashionable. You can wear them all together or separately. Check out how they look on my wrist. Please give a like and leave a comment to show your appreciation.",
34***73,"on Nov 28, 2024",very beautiful and worth the purchase. adjustable size.,
Emmanuel Hope,"on Apr 4, 2025",I love them and I if you’ve big wrist don’t worry it’s adjustable expect one. Over all it’s a good buy!,
sa***22,"on Jun 6, 2025",really good quality and adjustable,
mu***76,"on Mar 29, 2025","very pretty bracelet. All the open ended ones are easy to wear and fit well on my plus size wrist. the 3 closed, joined bracelets are beautiful but too small for my plus size wrist 🤷. I've handed those over to my daughter who is much slimmer. I may eventually hand over the entire set, though they don't have to be worn together to look beautiful. if the color doesn't fade then it's well worth buying.",
tr***11,"on Dec 8, 2025",really beautiful and glitters they are vool,
78***94,"on Mar 13, 2025",Beautiful. It is absolutely gorgeous and worth buying,
bo***ji,"on Aug 29, 2025",Affordable and very chic,
Abida Perveen,"on Jan 1, 2025",nice and cute. the size is adjustable.,
Afnan Sanaa,"on Jan 30, 2026",,
ad***03,"on Jan 4, 2026","The bracelet is nice , quiet big for me but it is adjustable",
janka,"on Jan 2, 2026",,
Likee😍❤️💕,"on Feb 18, 2025",,
ou*rd,"on Jun 5, 2025","Very beautiful, hopefully it won't disappoint. We'll try it and see.",
70***45,"on Jul 18, 2025","Very beautiful, it's big in a nice way. It doesn't fall off and some are adjustable so I would say it's true to fit.",
in***i2,"on May 27, 2025","very pretty bracelet, amazing quality, pleased with product",
Asmae abdi,"on May 22, 2025",they sooo good aven if they are lagre,
Fatima Khan,"on Aug 8, 2025",Nice high quality . Gonna see now is it anti tarnish or not with the time .,
Alimi abiola,"on Apr 13, 2025","worth buying, look beautiful, long lasting
The design is beautiful",
kika,"on Jul 27, 2025",,
Numi💖💖,"on Mar 4, 2025","thanks for this ❤❤❤❤, worth buying, very pretty bracelet, superb, nice, absolutely beautiful",
ha***na,"on Mar 17, 2025",Exactly like the picture,
Adebayo Rukayat Omowunmi,"on Jan 7, 2025",very pretty bracelet,
53***65,"on Dec 15, 2024",Great products for this price,
ek***am,"on Apr 13, 2025","worth buying, lovely piece love it.",
80***31,"on Nov 8, 2025","Wow this is excellent, just as it was, I love it
but the 3in1 is small not my size.
but fine",
Aishah Mohammed,"on Jan 25, 2026",Lovely pieces,
favour chuks,"on May 8, 2025",Very pretty bracelet and I hope its durable,
ha***na,"on Mar 17, 2025",Beautiful,
ti***63,"on May 4, 2025","it's actually I ordered that I got,but it was a little bigger than my wrist,but it's actually beautiful!!!I recommend it",
Awaiz Fatima,"on Nov 27, 2024","very pretty bracelet, worth buying, Good quality",
ho***89,"on Jun 20, 2025",The non adjustable ones were so tight so I gave it to my little sister . But beautiful all the same,
pinky rose,"on Dec 10, 2025",,
Maryg Nonye,"on Jun 2, 2025","This is beautiful
Just like pictures
I hope it lasts a while",
ol***at,"on Nov 30, 2025",good buy,
eb***93,"on Jul 16, 2025","I received them. 2 pieces for me and 3 pieces for my daughter, and she loves them so much.",
thomas-oke olamide,"on May 4, 2025","Nice bracelet comes exactly as portrayed in the picture
Some come in fitted sizes and big ones too",
Mariama Alawiye,"on Jul 11, 2025",the bracelet is in good condition,
Cynthia Nwadike Okoligwe,"on Mar 12, 2025",very pretty bracelet,
Favour Augustine,"on Apr 22, 2025",very pretty bracelet. Fit perfectly,
chinda princess,"on Jan 8, 2026",nice,
gl***ze,"on Aug 2, 2025",lovely 😍. it came as a free gift 🎁 . thanks temu,
مطيعه ابوعون,"on Jan 24, 2026",I recommend them,
as***ar,"on Jun 18, 2025",Superb quality guys ..go for it must must buy ..Thank you Temu ..,
Aneela Shahid,"on Jun 10, 2025",perfect,
mu***76,"on Mar 29, 2025",very pretty bracelet. nice. Not for plus size though. Buy for someone young and slim .,
Sule Abdulhakeem Adoyiza,"on Jan 24, 2026",Love it,
Deborah Acquah,"on Jul 25, 2025","Great buy🥰, just that the one that comes in three set doesn't fit. That aside, I highly recommend 👍🏽",
Christiana Theresa,"on Jul 4, 2025","Lovely, but I think all bangles should be adjustable, because the all round bangle couldn't enter my hand.",
Ogbe Blessing,"on Mar 14, 2025","very beautiful 🥰🥰🥰,I love this set.....",
Ayomide,"on Feb 13, 2025","lovely piece love it, good value for price.",
Umarkhanova,"on Jul 24, 2025",,
fe***99,"on Oct 22, 2024",super. I really liked them,
AMUSAN DAMILOLA,"on Dec 31, 2025",,
Guzya Ergeshova,"on May 24, 2025",,
Pinky Mavis,"on Mar 5, 2025","i love this bracelet, it's so cute",
mo***r5,"on Jan 12, 2026",,
Njoku Vivian Chibuogwu,"on Jan 7, 2026",exactly what I expected,
Thobeka Mthembu,"on Jul 19, 2025","very pretty bracelet, beautiful bracelets, lovely piece love it, thanks for this ❤❤❤❤",
hamna safia,"on Apr 7, 2025","very pretty bracelet, pleased with product, thanks for this ❤❤❤❤, better than expected",
80***14,"on Mar 2, 2025","very pretty bracelet, worth buying as a gift.",
Savia Maqsood,"on Jan 16, 2025","better than expected, very pretty bracelet, worth buying",
ogedengbe praise,"on May 27, 2025","very pretty bracelet and , amazing quality",
Amna Iftikhar,"on Nov 7, 2024",lovely piece love it,
Pr***ss,"on Jan 20, 2026",Cute!,
mu***gs,"on Mar 1, 2025","It’s so pretty , exactly what I saw in the image displayed.",
Nondumiso Ngcobo,"on Jan 24, 2026",nice they fit well,
26***45,"on Jul 22, 2025",Very beautiful pieces. Worth buying,
FUNMI OLUSEYI ADEOLA,"on Mar 22, 2025","lovely piece love it, exactly as seen, thanks for this ❤❤❤❤, better than expected",
be***na,"on Apr 12, 2025","exactly as seen, worth buying, lovely piece love it",
af***tt,"on Apr 26, 2025",,
Kaosarat Shittu,"on Feb 19, 2025",The quality is top notch. I love it,
Bukky Benjamin,"on Dec 21, 2024",very pretty bracelet and worth buying!,
Kela,"on Jul 14, 2025","Exactly what i wanted, and it’s so beautiful ❤️",
no***un,"on Mar 6, 2025","very lovely set, can be worn all together or just a few selected pieces....",
di***42,"on Jul 11, 2025",lovely piece 😍,
Ndukwe Blessing,"on Jul 2, 2025",pleased with product just that the 3 in 1 was not my size,
70***89,"on Jun 7, 2025",I love these piece…. I’m a first timer with Temu and they actually didn’t dissapoint me… pls keep it up,
Ja***ba,"on Mar 2, 2025",sooo pretty,
charos,"on Mar 11, 2025",,
Chioma Ofoegbu,"on May 20, 2025","Lovely pieces, but needs proper maintenance.",
80***31,"on Mar 21, 2025",It's okay for the orice,
Mrs saka Khadijat,"on Jun 28, 2025","Beautiful 😍 I just hope it won’t tarnish
But it nice",
NOORAIN K S,"on May 25, 2025","very pretty bracelet, good, pleased with product, exactly as seen",
55***17,"on Apr 30, 2025","Amazing product.
I wear them regularly.
The color has not changed ❤️❤️❤️",
Adolphus Destiny,"on Aug 4, 2025","I love the gift ,and I've advertised and referred to many people",
70***47,"on May 15, 2025",exactly as seen but turn black after a week of wearing them,
ot***ce,"on Jun 13, 2025","exactly as seen, worth buying, perfect, superb",
Em***ba,"on Jan 30, 2026",It’s small but adjustable so I love them. The have made the 3 in 1 adjustable also 🥲,
Ali Imran Naqvi,"on May 1, 2025","very pretty bracelet, pleased with product, exactly as seen",
Alexander Deborah,"on Jul 19, 2025","Worth buying , great",
81***42,"on Jan 16, 2025",This is really beautiful I love them,
TITILOPE DUROJAYE,"on Jan 31, 2026",some are small for me but asides that they are beautiful,
be***94,"on Jan 26, 2026","Everything was great! It was a gift for my mother-in-law, and she loved it.",
Cassandra Ike,"on Mar 6, 2025","pleased with product, lovely piece love it, thanks for this ❤❤❤❤",
af***tt,"on Apr 26, 2025",,
Ekwo Chidinma,"on Jun 12, 2025","this was lovely, it fits the owner well and nice quality not too light weight, love it",
es***03,"on Feb 21, 2025",,
Zoe,"on Dec 13, 2025","one of it is too small, can't get into my hand, but others are great",
70***82,"on Jul 6, 2025",Is nyc and lovely,
Abimbola Bamisaye,"on Jul 22, 2025",They’re exactly what I ordered ! Sooo fine,
oh***ai,"on Feb 22, 2025",Beautiful and fits my small wrists,
Onilogbo hazeez,"on Jun 25, 2025","good, 😊 the 3 pieces joined together couldn't enter my hand, it doesn't have an opening",
80***83,"on Aug 22, 2025","I love them so much, this is my second order",
ad***po,"on Jul 10, 2025","thanks for this ❤❤❤❤
I paid less and I got more",
Abigael Adedoyin,"on Jun 11, 2025","i really love the bracelets, exactly what I ordered for",
be***11,"on Apr 12, 2025",Quality is equal to price . They are quite okay,
50***80,"on Mar 25, 2025","They are the same as in the photo, a good product for this price.",
Chisom Gladys,"on Mar 23, 2025","All beautiful , better than expected, thanks for this ❤❤❤❤",
Daniela Krapcheva,"on Jan 5, 2025",nice thanks it's not to big it's for smaller hand,
Faith Amarachi,"on Apr 16, 2025","exactly as seen, worth buying",
Precious White,"on Apr 26, 2025",amazing love itr,
Ajih Stephen,"on Jun 30, 2025",I love this..good quality,
ok***11,"on Dec 30, 2025","Nice ,I recommend it for my girlies",
Gloria Alero,"on Jul 4, 2025","Good, it was larger than my wrist",
oy***13,"on Feb 23, 2025","very pretty bracelet, i love the thickness",
91***80,"on Jun 19, 2025",Makes me feel so beautiful,
Vee The tech baddie,"on Apr 15, 2025","Beautiful bangle pieces
Exactly as seen",
ch***38,"on Jan 4, 2026","nice set 👍
except one couldn't enter my hand 🥺",
Joy Abdullahi,"on Jul 3, 2025","superb, nice, pleased with product, lovely piece love it",
RUKAYAT ALIH,"on Apr 12, 2025","exactly as seen, worth buying, lovely piece love it",
on***24,"on Mar 6, 2025","lovely piece love it
I got exactly what I ordered",
Able Goddess,"on Feb 24, 2025","I really love the bangles, they exceeded my expectations",
Nigar Hesenov,"on Jun 24, 2025","It's really good, it's a perfect summer item, but it would be great if it were just one size smaller.",
Yi***ee,"on Jul 9, 2025","fits perfectly, , very pretty bracelet although it's fading off from the original colour.",
uh***er,"on Apr 23, 2025",Very pretty exactly what I ordered thou small were quite small,
Nnah Chizomam,"on May 9, 2025","I love the bracelet, just that the 3in one didn't fit my wrist",
mi***20,"on Mar 15, 2025",so pretty I love so much,
80***70,"on Mar 22, 2025","beautiful, exactly as seen💕",
Deborah Edet,"on Jan 6, 2026",Exactly as seen but some were quite small,
55***75,"on Dec 18, 2025",🇦🇿I bought it. It's good and easy to use. I liked it.,
Halima Mustapha,"on Aug 2, 2025",Love it! Get compliments everytime I wear them,
ri***81,"on Jul 9, 2025","lovely piece love it, thanks for this ❤❤❤❤",
Ha***li,"on Jul 4, 2025","so good , I love the quality 😍",
Godisgreat Nebe,"on Apr 17, 2025",Came exactly as it is in the picture,
Y. Y.,"on Mar 24, 2025",Extremely pleased with the product. Exactly as seen.,
90***87,"on Mar 13, 2025",Beautiful tho some couldn't fit cos it's small,
Diji Sr,"on Mar 8, 2025","lovely piece love it, thanks for this ❤❤❤❤",
Adil Rajpoot,"on May 3, 2025","Good product ❤️, lovely piece love it",
90***69,"on Jan 25, 2025",beautiful but a little smaller than i thought...the 3 in 1 didn't fit because it was too small but others fit perfectly,
fa***a9,"on Apr 28, 2025",,
Raphytee Akinwale,"on May 7, 2025","Very nice on hands, but the gold color is peeling off",
Sitara Rasheed,"on Oct 30, 2024",Good quality,
Enny Aramide,"on Dec 3, 2025",The person I bought this for really like it,
Funmilola Akanji,"on Mar 4, 2025",ok .. beautiful,
Blessing Prince Kennedy,"on Jan 8, 2026",is beautiful my sister in-law like it,
Cynthia Oluwaseun Adegbite,"on Jul 28, 2025",it's beautiful. I got what I ordered,
Esther Atausi,"on Jun 6, 2025",They are just as beautiful as they look in the picture,
Joyce Aligamhe,"on Apr 9, 2025","I love them. One is a little big, but that's alright",
99***86,"on Jan 30, 2026","I really liked them, this is my second time buying them",
Christabel Ocran,"on Jul 12, 2025","thanks for this ❤❤❤❤, better than expected",
Kh***am,"on Jul 7, 2025",I got exactly what I ordered ☺️,
Pe***ce,"on May 2, 2025","Loved all pcs, pleased with the product",
ze***21,"on Apr 14, 2025","I highly recommend this. It's exactly as shown in the picture, and I loved it.",
quds,"on Apr 4, 2025","pleased with product, lovely piece love it",
za***20,"on Mar 21, 2025","lovely piece love it, exactly as seen",
ol***18,"on Mar 10, 2025","very pretty bracelet, lovely piece love it",
kolkata star,"on Mar 10, 2025","thank you , thanks for this ❤❤❤❤",
jo***ye,"on Feb 14, 2025","pleased with product, lovely piece love it",
Stephanie Idrisu,"on Apr 17, 2025",worth buying❤️❤️,
lubna waris,"on Nov 19, 2024",worth buying,
Hammad Amin,"on Nov 14, 2024",worth buying,
32***55,"on Nov 1, 2024",worth buying,
Okoli Teena,"on Jul 8, 2025",Beautiful set.. love the quality,
am***da,"on Jun 5, 2025",Nice product came as seen.,
Grace Ibor,"on Jan 16, 2026","The set arrived just as seen in the picture
I recommend",
Eseosa Nosahoro,"on Nov 30, 2025",Love it but with time it will start to tarnish,
80***94,"on Sep 28, 2025",I love the bangle but it changes colour over time,
ce***ra,"on Feb 2, 2026",This is was perfect,
81***58,"on Jan 6, 2026","Just like the pictures, very nice",
to***h2,"on Nov 18, 2025","Exactly what I ordered, very nice",
81***64,"on Oct 31, 2025","I love it, came as seen",
Hadiyyatullahi toure,"on Jul 21, 2025",I am rocking it! Very lovey😘😍,
69***13,"on Jul 6, 2025","Super, super beautiful.",
70***63,"on May 19, 2025",niece piece at a fare rate,
Uju P. Chukwudolue,"on May 7, 2025",My size and it's so good,
صفصو فة,"on Apr 14, 2025",Matches the description and the picture is beautiful,
Tong Tr,"on Apr 4, 2025","better than expected, exactly as seen",
Taiwo-Adenla Jelilat,"on Mar 5, 2025","Even more than 5, love it.",
Ma***im,"on Feb 13, 2025",Item delivered is exactly as displayed.,
Esther Titilayo Enai,"on Jan 13, 2026",this is actually small for me but it's beautiful,
Balqees Tolani,"on Jul 15, 2025",Got exactly what I ordered for and looks nice,
Chiamaka Okorafor,"on Aug 7, 2025",The item was mixed in size but overall good,
ix***rs,"on Apr 29, 2025",Your of them were easy to wear one wasn’t and didn’t have any expansion space.,
nyam theresa,"on Jan 21, 2026","same as seen
lovely but it was a bit big for my wrist",
Bliss Dan'azumi,"on Jan 29, 2026","Looks good for the first few times you wear it.
But begins to fade after the 3rd or 4th wear",
esraa quassim,"on Nov 19, 2024",very pretty bracelet,
Aneera Wajahat,"on Nov 1, 2024",really nice 👍🏻,
Otedola “Temilade” Owa,"on Jul 30, 2025",Hasn't faded for two months now. Really nice.,
Vivian Chinonso,"on Jan 24, 2026","I love it...but some didn't fit in
I'll surely order a bigger size next time",
Afolabi Zainab,"on Feb 26, 2025",I love it the only issue is some of the jewelry seem too similar,
Eme Ita inyang,"on Jan 30, 2026",lovely for big girl wears,
La***ho,"on Jan 29, 2026","Really nice, exactly as described",
Adam Olanrewaju,"on Jan 17, 2026",I am satisfy with it,
90***33,"on Sep 4, 2025",it is very beautiful 😍,
Ijeoma Faith Ogwu,"on Jun 17, 2025","Exactly as seen
A beautiful set",
Shanze,"on May 30, 2025","very pretty bracelet, worth buying",
Achuo Colette,"on May 29, 2025",very beautiful I love it,
Ma lak,"on May 25, 2025","Absolutely wonderful, just like the picture",
Ch***hi,"on May 23, 2025","nice, thanks for this ❤❤❤❤",
Ella,"on May 1, 2025","pleased with product
worth the money",
Zainab Nana Muhammad,"on Mar 25, 2025",I love it so lovely,
Mariam Temilade,"on Mar 16, 2025",The quality is top north,
Faraz Hassan,"on Nov 20, 2024",", thanks for this ❤❤❤❤",
Celestine Jessica,"on Dec 28, 2025",Very beautiful jewelrries.,
Adeola Ogunmakinwa,"on Jan 2, 2026",good for the price,
70***40,"on Dec 20, 2025",I love them all,
54***35,"on Aug 6, 2025",quality and beautiful 😍,
To***he,"on Jul 31, 2025",My girlfriend loved it,
Ab***67,"on Jul 18, 2025",fits perfectly worth buying,
Angel Iyagbaye,"on Jul 18, 2025",thanks for this ❤❤❤❤,
Fu***86,"on Jul 17, 2025",thanks for this ❤❤❤❤,
Dara Asou,"on Jul 16, 2025",thanks for this ❤❤❤❤,
lo***ka,"on Jul 15, 2025",fits perfectly worth buying,
vivian zadok,"on Jul 14, 2025",lovely piece love it,
Jamine Tush,"on Jul 13, 2025",lovely piece love it,
Sobby Finor,"on Jul 13, 2025",thanks for this ❤❤❤❤,
ud***b2,"on Jul 8, 2025",lovely piece love it,
Omatotore Jennifer,"on Jul 7, 2025",lovely piece love it,
Richill Darkoh,"on Jul 5, 2025",lovely piece love it,
26***02,"on Jun 25, 2025",fits perfectly and pretty,
ak***la,"on Jun 17, 2025",thanks for this ❤❤❤❤,
Adegoke Damilola,"on Jun 16, 2025","perfect, beautiful and lovely",
lawal oyebola,"on Jun 13, 2025",lovely piece love it,
Chidera Adiah,"on Jun 12, 2025",lovely piece love it,
Afeez Olakunle Adewunmi,"on Jun 10, 2025",nice and fits well,
Oluranti Olanrewaju,"on Jun 5, 2025",lovely piece love it,
om***a6,"on Jun 1, 2025",as in the picture,
Rejoice Iheajumbu,"on May 30, 2025",Very good fits perfectly,
80***37,"on May 23, 2025","beautiful, I love it",
81***16,"on May 18, 2025",lovely piece love it,
Femowei Gift,"on May 16, 2025",lovely piece love it,
Anna Okweka,"on May 15, 2025",Very pretty and lovely,
Ashiru Barakat Oladewa,"on May 12, 2025",lovely piece love it,
Olanrewaju Owoseje,"on May 9, 2025",lovely piece love it,
Chidinma Anyali,"on May 7, 2025",lovely piece love it,
Williams Lovette,"on May 6, 2025",thanks for this ❤❤❤❤,
Temitope Ibitoye,"on May 6, 2025",thanks for this ❤❤❤❤,
Mopelola Orabiyi,"on May 3, 2025",lovely piece love it,
Judith Sylvanus,"on Apr 29, 2025",thanks for this ❤❤❤❤,
ADETUNJI CHRISTIANA,"on Apr 28, 2025",thanks for this ❤❤❤❤,
Mehroze Ali,"on Apr 27, 2025",thanks for this ❤❤❤❤,
70***48,"on Apr 25, 2025",lovely piece love it,
Chiamaka Odokara,"on Apr 25, 2025",lovely piece love it,
Elvis Anigboro,"on Apr 25, 2025",lovely piece love it,
Nkechi Elma,"on Apr 24, 2025",thanks for this ❤❤❤❤,
pu***ka,"on Apr 19, 2025",Beautiful and lovely bangles,
Dupe Olakunle,"on Apr 19, 2025",lovely piece love it,
بلاكو بلاتر عنابة,"on Apr 15, 2025",Its color changes over time.,
91***40,"on Apr 11, 2025",lovely piece love it,
THOMPSON NWABEN,"on Apr 10, 2025",Nice I love it,
Rashedat Busayo,"on Mar 30, 2025",I love it ❤️❤️❤️,
Ruth Ogunsola,"on Mar 29, 2025",lovely piece love it,
Umm Muhammad,"on Mar 25, 2025",lovely piece love it,
Basit Yusuf,"on Mar 25, 2025",lovely piece love it,
ib***ur,"on Mar 24, 2025",lovely piece love it,
Farell Precious,"on Mar 19, 2025",lovely piece love it,
Uuree Uuree,"on Mar 12, 2025",It's a beautiful piece of jewelry.,
azeez suliyat,"on Mar 12, 2025",thanks for this ❤❤❤❤,
Abraham Dadi,"on Mar 11, 2025",lovely piece love it,
adefolarin abosede,"on Mar 11, 2025",lovely piece love it,
va***al,"on Mar 11, 2025",thanks for this ❤❤❤❤,
ol***e6,"on Mar 9, 2025",thanks for this ❤❤❤❤,
bukola olaleye,"on Mar 9, 2025",lovely piece love itk,
Elizabeth Idemudia,"on Mar 9, 2025",lovely piece love it,
Nene Osirim Okon,"on Mar 2, 2025",lovely piece love it,
Charos,"on Feb 25, 2025",It's quite sturdy,
Is***ed,"on Feb 25, 2025",lovely piece love it,
An***ci,"on Feb 20, 2025",lovely piece love it,
yu***12,"on Feb 19, 2025",lovely piece love it,
Adedeji Mathew,"on Feb 19, 2025",lovely piece love it,
da***97,"on Feb 19, 2025",lovely piece love it,
sa***28,"on Feb 16, 2025",It’s cute and shiny,
80***36,"on Feb 15, 2025",thanks for this ❤❤❤❤,
Kelechi Nwanya,"on Feb 14, 2025",thanks for this ❤❤❤❤,
Ijeoma Azubike,"on Feb 14, 2025",lovely piece love it,
81***44,"on Feb 12, 2025",lovely piece love it,
sanni aminat,"on Feb 10, 2025",lovely piece love it,
Ganiyu Jibola,"on Jan 31, 2025",lovely piece love it,
Elizabeth Oluwatomiwa,"on Jan 31, 2025",lovely piece love it,
Jummai Mamani Umar,"on Jan 31, 2025",lovely piece love it,
90***33,"on Jan 28, 2025",lovely piece love it,
80***50,"on Jan 24, 2025",thanks for this ❤❤❤❤,
onyinland stitches,"on Dec 23, 2024",lovely piece love it,
Ha***li,"on Jul 4, 2025","so good , I love the quality 😍",
AWOSUNLE BLESSING,"on Jul 10, 2025",I got exactly what I ordered,
zi***01,"on Jun 17, 2025",Exactly as seen in the picture,
70***92,"on Mar 19, 2025","exactly as seen, pleased with product",
Juls Mbonu,"on Apr 5, 2025","product is okay , exactly as seen, nice",
Chizzy p Phresh,"on Jul 22, 2025",It nice and I hope it won’t fade in time,
Deborah adetola,"on May 6, 2025",Nice. Thoo one of it was destroyed,
maimunah zubair,"on Jan 8, 2026",it's okay overall,
30***77,"on Nov 14, 2024",Good,
Abidemi Funmilola,"on May 29, 2025","nice but smaller than the image, it's Children's size",
koko,"on May 11, 2025","Beautiful, but the color changes and it wasn't what I expected 💔",
81***12,"on Dec 24, 2025",I love it thanks temu,
Eniola Richard,"on Dec 20, 2025","Good steel, I love it",
Table Preye Blessing,"on Dec 8, 2025",I hope it's non tarnish,
81***43,"on Sep 30, 2025",Got exactly what I wanted,
Stephanie Chukwugbo,"on Dec 3, 2025",it's also very pretty,
50***96,"on Jan 24, 2026",Same as image,
Olorunfemifayo Shobande,"on Jan 10, 2026",I love it,
mo***ke,"on Dec 30, 2025",very nice ❤️❤️,
Ogechi Onyeocha,"on Dec 23, 2025",I love it.,
elen_m,"on Dec 17, 2025",Just like in the photo❤️‍🔥,
Ab***de,"on Oct 31, 2025",Worth the buy,
80***59,"on Aug 14, 2025","beautiful,I love them",
Haseeba Mushtaq,"on Aug 12, 2025",Best purchase ever,
katina candyc,"on Jul 31, 2025",love the quality,
Ruqayya Abdulrahman,"on Jul 15, 2025",better than expected🤝,
Victoria Albert,"on Jul 8, 2025",very pretty bracelet,
Səma Məsiyeva,"on Jun 27, 2025",I really liked it,
patricia sagoe,"on Jun 25, 2025",Love those bracelets.,
Naomi Uzor,"on Jun 20, 2025",it's soo nice,
Mu***az,"on Jun 15, 2025",exactly as seen,
Uzochi Okonkwo,"on Jun 7, 2025",beautiful very good,
70***56,"on Jun 5, 2025",exactly as seen,
Shane Castel,"on Jun 3, 2025",pleased with product,
Oyeshile Oluwasemilore,"on Jun 2, 2025",pleased with product,
70***97,"on Jun 2, 2025",it's beautiful 😍,
li***l2,"on May 30, 2025",very pretty bracelet,
Omolara Nafiu,"on May 25, 2025",you are superb,
ho***mk,"on May 25, 2025",best purchase.peeling sha,
Janet Khan,"on May 25, 2025",very pretty bracelet,
Zainab Yashkuen,"on May 23, 2025",better than expected,
oljitos,"on May 21, 2025",very pretty bracelet,
br***p1,"on May 20, 2025",I love them,
70***94,"on May 17, 2025",pleased with product,
BriannaEmpire,"on May 10, 2025",better than expected,
ch***51,"on May 7, 2025",better than expected,
Adetayo Kanyinsola,"on May 7, 2025",pleased with product,
Sa***ne,"on May 4, 2025",Magnificent 😍,
THE MAIN BIRD,"on May 4, 2025",very pretty bracelet,
Adeniji Adenike Basirat,"on Apr 30, 2025",very pretty bracelet,
Adedolapo Balogun,"on Apr 30, 2025",very pretty bracelet,
Margaret Doosh Tyav - Tor,"on Apr 24, 2025",pleased with product,
Remy Dikeh,"on Apr 24, 2025",pleased with product,
80***61,"on Apr 23, 2025",better than expected,
Treasure Luke,"on Apr 16, 2025",pleased with product,
Imane Bouzitoune,"on Apr 16, 2025",Absolutely wonderful 😍,
Blessing Irorogbare,"on Apr 15, 2025",i like it,
Oluwaseun Ariyibi,"on Apr 14, 2025",exactly as seen,
Onajite Oguns,"on Apr 14, 2025",exactly as seen,
80***00,"on Apr 11, 2025",exactly as seen,
70***22,"on Apr 8, 2025",exactly as seen,
Ch***41,"on Apr 7, 2025",pleased with product,
91***59,"on Apr 6, 2025",pleased with product,
91***59,"on Apr 6, 2025",pleased with productive,
71***57,"on Apr 3, 2025",very pretty bracelet,
Alebiosu Adebanjo,"on Apr 2, 2025",better than expected,
gi***t4,"on Apr 2, 2025",better than expected,
Vedna Ramchurn,"on Mar 31, 2025",better than expected,
jennifer morgan,"on Mar 31, 2025",very pretty bracelet,
Halima Liman,"on Mar 30, 2025",very pretty bracelet,
Fiona Acho,"on Mar 30, 2025",I love them,
mu***16,"on Mar 29, 2025",very pretty bracelet,
Idowu bushirah Omowunmi,"on Mar 28, 2025",pleased with product,
yours truly,"on Mar 27, 2025",better than expected,
Sarah Oluwatosin,"on Mar 27, 2025",very pretty bracelet,
mm***ie,"on Mar 23, 2025",exactly as seen,
Maryam Momolosho,"on Mar 20, 2025",pleased with product,
Sally Ikpesah,"on Mar 20, 2025",pleased with product,
Catherine,"on Mar 19, 2025",exactly as seen,
Bukola Francis,"on Mar 17, 2025",exactly as seen,
ih***wa,in,"on Apr 4, 2025","The roller provides a soothing, cooling sensation that helps reduce puffiness, calm inflammation, and promote a healthy, glowing complexion. Reusable and eco-friendly, it’s a great addition to your self-care regimen. Highly recommend for a refreshing and rejuvenating facial massage experience."
ih***wa,in,"on Apr 4, 2025","The roller provides a soothing, cooling sensation that helps reduce puffiness, calm inflammation, and promote a healthy, glowing complexion. Reusable and eco-friendly, it’s a great addition to your self-care regimen. Highly recommend for a refreshing and rejuvenating facial massage experience."
Minoli Lakshika Rajapakse,in,"on Jun 8, 2025",It's in very good quality. Works well as described. It's worth the price.
Geethani Chandrakumari,in,"on Apr 17, 2025","it's very good nice ♥️, fast shipping"
Devindi Ekanayake,in,"on May 10, 2025",", absolutely perfect, exactly as described❤️❤️❤️❤️"
Dinithi Dayarathne,in,"on Mar 24, 2025","exactly as described, absolutely perfect❤️ Thank youu!"
sa***17,in,"on Feb 28, 2025",Love it♥️
su***66,in,"on Feb 26, 2025",Recommended seller.Arrived fast.Love it
Madhawi Kulathunga,in,"on Apr 8, 2025",it's very good
Shanika Liyanage,in,"on Mar 10, 2025","really good product. , exactly as described, super great skincare. thanks seller !"
mi***21,in,"on Aug 15, 2025",good product
Nethmini I,in,"on May 30, 2025",supper
Kavidi Serasingha,in,"on May 27, 2025",
Th***ra,in,"on Apr 7, 2025","excellent, thank you"
nawodani Rathnasekara,in,"on Mar 9, 2025",really good
Sandra de silva,in,"on Mar 11, 2025",Perfect size!
Devindi Jayakody,in,"on Apr 7, 2025",Nice ❤
Dili Ruwanthika,in,"on Aug 18, 2025",Nice
76***97,in,"on Jun 19, 2025",super great skincare
Hiru Thathsarani,in,"on Mar 29, 2025",Cute and easy to use. and exactly as described.
Sa***ke,in,"on Mar 15, 2025","excellent, thank you, , absolutely perfect, exactly as described, super great skincare, the best"
ma***he,in,"on May 28, 2025",", absolutely perfect"
ma***99,in,"on Mar 2, 2025",super great skincare
Nishadi Thayaga,in,"on May 6, 2025",
Idura Nipun,in,"on Jun 15, 2025","supper, superb"
Nadeesha Lakmali,in,"on Feb 11, 2025",
Jeyaraj Priyanka,in,"on Apr 23, 2025",Easy to use. Nice stuff
Sa***ya,in,"on Apr 1, 2025",Cute little and worth the price. Useful ❤️
Sanithi Ranodi,in,"on Apr 6, 2025","highly recommend, useful 👌"
77***40,in,"on May 7, 2025",", absolutely perfect, exactly as described, nice product"
ha***56,in,"on May 1, 2025","exactly as described, nice product, excellent, thank you"
Nu***zz,in,"on Jul 14, 2025",", absolutely perfect, exactly as described, super great skincare, Perfect, Excellent"
kaveesha oshadi,in,"on Mar 1, 2025",exactly as described! Good product! Daily using!
Niresha Kumu Fernando,in,"on Jun 4, 2025",good and cute i like it
76***89,in,"on Sep 5, 2025",Easy to use 🫶🏻
77***66,in,"on Mar 28, 2025",exactly as described. Cute stuff.
77***73,in,"on May 28, 2025",this a great product 👌
Madusha Godamunna,in,"on Mar 26, 2025","excellent, thank you, exactly as described, super great skincare"
Sa***i,in,"on Apr 6, 2025",Good quality product. Useful
Hansani Anuththara Rathnayake,in,"on Mar 16, 2025","excellent, thank you, nice, , absolutely perfect"
Rasalika Sajeewani,in,"on Apr 21, 2025",", absolutely perfect, it's very good, the best"
Udeshika Perera,in,"on Mar 17, 2025",Exactly as shown and described in the profile.
Danushika Sachi,in,"on May 2, 2025","Same as picture
Worth for the money
Highly e
Recommended"
Piyumi Amarasinghe,in,"on Apr 24, 2025","nice ♥️, exactly as described"
nv lanaka,in,"on Apr 2, 2025","it's very good, nice ♥️"
Lanka Janaki Dharmasuriya,in,"on Aug 8, 2025",superb useful item thank you seller
76***92,in,"on Jun 16, 2025",I really like this product
Me***ka,in,"on May 29, 2025","excellent, thank you, , absolutely perfect"
Amanya Edirisinghe,in,"on May 18, 2025",", absolutely perfect, exactly as described"
Teshna shehani,in,"on Apr 6, 2025","superb, exactly as described, highly recommended"
di***54,in,"on Apr 2, 2025","it's very good, excellent, thank you"
Draupadi Athapattu,in,"on Apr 2, 2025","it's very good, excellent, thank you"
ne***21,in,"on Mar 6, 2025",Love it. smaller than i thought
Tharushi Wickramasinghe,in,"on Mar 4, 2025","exactly as described, super great skincare"
HA N SI 🇱🇰,in,"on Feb 28, 2025","exactly as described, super great skincare"
kaushalya Liyanage,in,"on Mar 29, 2025",super great skincare 👌
mi***ma,in,"on Sep 29, 2025",good. as in the description
randima muthumali,in,"on Jun 17, 2025","absolutely perfect, exactly as described"
Bhagya Dalukdeniya,in,"on Jun 16, 2025","the best, excellent, thank you"
Thilina Arachchi,in,"on May 9, 2025",exactly as described awlak na
Madhuransi Weerasekara,in,"on May 9, 2025","excellent, thank you, absolutely perfect"
di***ud,in,"on May 5, 2025","nice product, excellent, thank you"
Inosha Jayamanne,in,"on Apr 23, 2025",works as intended thank you
Nalin Vidarshana,in,"on Mar 30, 2025",Thank you good Condition 💚
Fazna Badurdeen,in,"on Aug 28, 2025",fine and good to be used
Shani Madushani,in,"on Apr 22, 2025",Good product but thought it was bigger
A **sh,in,"on Jun 5, 2025",That’s actually good
Anjana Perera,in,"on Mar 29, 2025",super great skincare.
ra***49,in,"on Mar 23, 2025",super great skincare❤️
Mila Perera,in,"on Mar 5, 2025",super great skincare🥰
Kasuna Kumara,in,"on Mar 4, 2025",super great skincare🥰🥰💪🏻
Ni***ni,in,"on May 18, 2025",small but nice handy product
ga***47,in,"on Aug 6, 2025",Super product. Love it
Pr***do,in,"on Jun 7, 2025",I love the product
shehanya kavindi,in,"on Apr 28, 2025",Worth for the price
Um***he,in,"on Apr 3, 2025",Perfect one.. love this
Rushani Lakmali,in,"on Apr 1, 2025","it's very good, superb"
Am***hi,in,"on Mar 24, 2025","exactly as described, superb"
tharushi andarage,in,"on Mar 18, 2025","nice, excellent, thank you"
72***41,in,"on Mar 16, 2025","exactly as described,thank you"
Sahansa Jayathilake,in,"on Feb 27, 2025","exactly as described., superb"
Sharmila Wijithasiri,in,"on Apr 4, 2025",exactly as described. good quality
kaveesha samarasinghe,in,"on Sep 14, 2025",good quality ❤️
mr***45,in,"on Jul 21, 2025",Good product. Recommended
Mashi Sooriyaarachchi,in,"on Jul 19, 2025","excellent, thank you"
Umesha Rajarathnam,in,"on Jul 13, 2025",", absolutely perfect"
71***89,in,"on Jul 3, 2025",super great skincare
70***82,in,"on Jun 28, 2025",super great skincare
Anne Fernando,in,"on Jun 18, 2025",exactly as described
Umesh Dilshan,in,"on Jun 18, 2025","the best, superb"
Kaveesha Perera,in,"on Jun 14, 2025","excellent, thank you"
Chandana Wadasinghe,in,"on Jun 13, 2025","excellent, thank you"
aa***am,in,"on Jun 12, 2025",I love this
Ruwangi Wijemanna,in,"on Jun 10, 2025",super great skincare
Mithila Gunasekara,in,"on Jun 3, 2025",exactly as described
Nipuni Nuwanga,in,"on Jun 1, 2025","excellent, thank you"
Dedunu Soyza,in,"on May 29, 2025","excellent, thank you"
Gayashi Kawya,in,"on May 28, 2025","excellent, thank you"
71***31,in,"on May 27, 2025",exactly as described
sh***58,in,"on May 24, 2025",", absolutely perfect"
Nirmani Sarah,in,"on May 15, 2025","excellent, thank you"
ra***ke,in,"on May 14, 2025",", absolutely perfect"
onisha Perera,in,"on May 13, 2025",", absolutely perfect"
ha***28,in,"on May 9, 2025",", absolutely perfect"
Harshana Rathnayake,in,"on May 9, 2025",", absolutely perfect"
ch***ra,in,"on May 8, 2025",exactly as described
Weerawardhana Sasanka Shenal De Silva,in,"on May 3, 2025",Really good product
Li***te,in,"on Apr 28, 2025",exactly as described
ve***06,in,"on Apr 23, 2025",", absolutely perfect"
Thihansa  Perera,in,"on Apr 21, 2025","excellent, thank you"
72***52,in,"on Apr 16, 2025",super great skincare
ha***la,in,"on Apr 15, 2025",super great skincare
ir***ie,in,"on Apr 14, 2025","excellent, thank you"
Chamodya Tharushika,in,"on Apr 13, 2025",it's very good
Hirushi Vihanga,in,"on Apr 10, 2025",exactly as described
ha***ra,in,"on Apr 9, 2025",it's very good
Dananjani Thakshila,in,"on Apr 7, 2025",", absolutely perfect"
Maleesha Mahathanthrige,in,"on Apr 5, 2025",exactly as described
77***10,in,"on Apr 4, 2025",exactly as described
Anusha Gayani,in,"on Apr 3, 2025",it's very good
Tharushi Thathsarani,in,"on Apr 2, 2025",it's very good
Chapa Priyadarshani,in,"on Apr 1, 2025",", absolutely perfect"
Saumya Aswini,in,"on Mar 31, 2025",exactly as described
DINU NIMENDRA,in,"on Mar 30, 2025",it's very good
Shanilu Fdo,in,"on Mar 27, 2025",it's very good
Shakila Sajani,in,"on Mar 27, 2025",", absolutely perfect"
Malsha Pahandi,in,"on Mar 23, 2025","excellent, thank you"
Thilini Vijerathna,in,"on Mar 22, 2025",it's very good
Mahika Liyanage,in,"on Mar 15, 2025",exactly as described
kavindi chathurika,in,"on Mar 14, 2025","excellent, thank you"
Ga***ra,in,"on Mar 9, 2025",", absolutely perfect"
Hasi,in,"on Mar 6, 2025",", absolutely perfect"
Di***do,in,"on Mar 5, 2025","excellent, thank you"
71***80,in,"on Mar 3, 2025",exactly as described
panchali pabasara,in,"on Feb 28, 2025",super great skincare
du***ge,in,"on Feb 28, 2025",super great skincare
Shenuli Ashinshani,in,"on Feb 25, 2025",super great skincare
77***42,in,"on Feb 24, 2025",super great skincare
71***65,in,"on Feb 28, 2025",the best item thanks
Inosha Jayamanne,in,"on Apr 23, 2025",works as intended thank you
dinusha fernando,in,"on Jul 20, 2025",perfect 👌
Karishini Yashodha,in,"on Jul 8, 2025",the best
77***62,in,"on Jun 19, 2025",the best
Prasadi Hansika,in,"on Jun 19, 2025",the best
Tharu Dinelka,in,"on Jun 14, 2025",the best
is***98,in,"on Jun 13, 2025",the best
gayashan,in,"on Jun 12, 2025",the best
Hirushi Vihanga,in,"on Jun 12, 2025",the best
Na***si,in,"on Jun 9, 2025",Good item
Dhananjani Ishara,in,"on Jun 6, 2025",the best
77***88,in,"on Jun 6, 2025",very nice
Is***sa,in,"on Jun 1, 2025",Nice one
B Sewwandi,in,"on May 30, 2025",absolutely perfect
Neha,in,"on May 29, 2025",love it..recommend
Nima,in,"on May 27, 2025",love it.
Darshi Kalupahana,in,"on May 19, 2025",nice product
Ken Ghenzhu,in,"on May 14, 2025",nice product♥️
W.g. selani widhumini Selani widhumini,in,"on May 8, 2025",Good 🥰😘
Kushani Sanjula,in,"on May 3, 2025",nice product
Am***li,in,"on May 1, 2025",nice product
Ishara Dilukshani Vidyarathne,in,"on Apr 30, 2025",good product❤️
pa***ka,in,"on Apr 29, 2025",nice product
ma***u1,in,"on Apr 28, 2025",absolutely perfect
SamanthiKa Samaraweera,in,"on Apr 26, 2025",nice product
nishanthi Wickramasinghe98,in,"on Apr 25, 2025",nice ♥️
bp***ra,in,"on Apr 22, 2025",nice ♥️
71***86,in,"on Apr 19, 2025","Good, Recommended"
H.G.N.H Kumarasinghe,in,"on Apr 18, 2025",nice ♥️
himali,in,"on Apr 14, 2025",nice ♥️
chanchala wickramanayake,in,"on Apr 9, 2025",nice ♥️
Dinusha Sandamali,in,"on Apr 6, 2025",nice ♥️
Sathya Madu,in,"on Apr 4, 2025",nice ♥️
Rasika Priyangani,in,"on Apr 2, 2025",nice ♥️
Sumudumali Wijayasundara,in,"on Mar 31, 2025",nice ♥️
hiruni lakshika,in,"on Mar 30, 2025",Superb ♥️
Lahiru Gihan,in,"on Mar 28, 2025",Good Quality
Rasdil Rasdil,in,"on Mar 11, 2025",really good
Harshani Weerakkody,in,"on Mar 11, 2025",really good
Devindi Manikkarathna,in,"on Mar 10, 2025",really good
76***81,in,"on Mar 10, 2025",Love it.
Dinusha Lochana,in,"on Mar 8, 2025",really good
Rasinthaa Abeydheera,in,"on Mar 7, 2025",really good
77***60,in,"on Mar 5, 2025",really good
Up***ni,in,"on Mar 4, 2025",Love it.
ni***14,in,"on Feb 26, 2025",the best
Himaya Samarathunga,in,"on Feb 24, 2025",Love it.
dilini dilrukshi,in,"on Jul 3, 2025",exactly as described
Ridmi tharaka Jayasinghe,in,"on Jun 25, 2025",super great skincare
71***12,in,"on Jun 22, 2025",exactly as described
Madhushika Thilangani,in,"on May 7, 2025",", absolutely perfect"
Bhagya Nethmi Weerasingha,in,"on Apr 30, 2025",It's very good
Mahisha Nirmani,in,"on Mar 14, 2025","excellent, thank you"
75***71,in,"on Mar 3, 2025",nice💜️
Aiman Liya,in,"on Sep 3, 2025",Worth many
sheha,in,"on Sep 2, 2025",good product
ne***20,in,"on Jun 24, 2025",Highly recommended
Pa***he,in,"on Jun 9, 2025",good product
Christeen Nadeesha,in,"on May 24, 2025",absolutely good
m.***ka,in,"on May 17, 2025",Very useful
Warsha Mudalige,in,"on May 15, 2025",nice product
Ka***ga,in,"on Apr 18, 2025",nice ♥️
Sh***lo,in,"on Mar 31, 2025",nice ♥️
Himasha Wijerathne,in,"on Mar 29, 2025",nice ♥️
Gaukhar Sergazina,in,"on Sep 28, 2025",Good
Samanthi Sujeewa,in,"on Sep 15, 2025",excellent
Darshani Fernando,in,"on Sep 12, 2025",Good
Dilani Subhashinie,in,"on Aug 7, 2025",good
76***23,in,"on Jul 7, 2025",supper
Di***a,in,"on Jun 21, 2025",supper
di***u2,in,"on Jun 16, 2025",Good❤️
Kanchana Rajini Rajapakse,in,"on Jun 16, 2025",superb!
Shalini Dilshara,in,"on Jun 13, 2025",Good
76***60,in,"on Jun 10, 2025",good
Chanuth Liyanaarachchi,in,"on May 29, 2025",superb
Thathsarani Pinnawala,in,"on May 25, 2025",good
Lakshaniya Albert,in,"on May 19, 2025",nice
Januthma Janadi,in,"on May 9, 2025",superb❤️
Cham Sanda,in,"on Apr 27, 2025",good
Hesh Jayawardhana,in,"on Apr 24, 2025",best
Nila Raj,in,"on Apr 3, 2025",nice
Du***he,in,"on Apr 1, 2025",good
Vishaka Madumali,in,"on Mar 28, 2025",Superb
Kalaivany Selvakumar,in,"on Mar 26, 2025",𝑔𝑜𝑜𝑑
Jan Thilakarathne,in,"on Mar 25, 2025",Good
Champika Perera,in,"on Mar 17, 2025",nice
ka***10,in,"on Mar 17, 2025",supper
As***ni,in,"on Mar 15, 2025",supper
75***82,in,"on Mar 13, 2025",nice
Mohamed Saifullah,in,"on Mar 13, 2025",good
Nisansala Munasinghe,in,"on Mar 12, 2025",superb
Chenuri Danthanarayana,in,"on Mar 8, 2025",great
hiruni nethmini,in,"on Mar 3, 2025",nice
dilukshi kithmini,in,"on Feb 28, 2025",nice
ma***di,in,"on Jun 19, 2025",supper
ja***ez,in,"on May 25, 2025",good
Kawya Chathumini,in,"on Mar 22, 2025",good
Nadee Thanuja,in,"on Feb 24, 2025",super
kuya priscille,in,"on Oct 18, 2025",Excellent. I love everything.
Am***od,in,"on Oct 31, 2024","The size was a bit smaller than expected, but a good buy and quiet handy to use. Made of silicone, which makes it easy to handle and wash."
Farah Allouzi,in,"on Apr 26, 2025","it's very good, i still don’t use it but i think i will love it. Like the comment if you liked it"
Farah Allouzi,in,"on Apr 26, 2025","I liked it , it is silicon and i think it it os great , Like the comment if you liked it"
Lena Ðokić,in,"on Dec 2, 2024",Satisfied with the item!
As***an,in,"on Jun 26, 2025",I look forward to using this in the morning every single day. I love it so much. The only thing I would say is that it’s a bit difficult to open when it’s frozen so you need to run it under some water and then open it.
gw***in,in,"on May 21, 2025","Pleasantly surprised, the little hole for filling is a nice touch. I tried it and loved it. I bought a second one to give to a friend."
Sa***os,in,"on Mar 12, 2025","really good, , absolutely perfect"
ma***57,in,"on May 12, 2025",
Helena,in,"on Jan 22, 2025",It is easy to fill and keep in the freezer. before opening it up put it under hot water for a minute so the ice doesn't break in half and don't fullfil it before freezing it as the ice expands 😉
Ma***er,in,"on Jan 5, 2025","Perfect for cooling my face
Refreshing for dark circles and more
Highly recommended 👍👌🤗"
on***22,in,"on Apr 13, 2025",The colors are very beautiful and they are exactly the same.
me***ne,in,"on Jun 19, 2025","I haven't used this item yet. It is smaller than I anticipated, but that is acceptable since it will still serve its purpose."
23***ic,in,"on Nov 1, 2024",Good quality. Just like picture. Worth of buying
Wendy Macias,in,"on May 21, 2025",
Ou***ne,in,"on Jan 21, 2025",Way better than using spoons at the morning or ice cubes with bare hands I use this ice roller almost everyday
no***ed,in,"on Jul 31, 2025",
Evangeline Bannerman,in,"on Jun 13, 2025","Can’t wait to try it, I love it ❤️"
ma***r1,in,"on May 15, 2025","Well, it looks good so far. Now I'll fill it with water and wait for it to be ready to use in the freezer."
sa***os,in,"on Dec 16, 2024","flexible, color as shown in the photo"
Ka***al,in,"on Jun 22, 2025",Exactly as described. Beautiful violet/purple colour
el***va,in,"on Jul 2, 2025",I like it. It's a great tool for facial massage... It tightens the pores on the face and removes acne. 10/10 points.
Ol*na,in,"on Dec 28, 2025",I like it!
al***na,in,"on Jan 13, 2025",I'm happy with the purchase.
33***09,in,"on Jul 23, 2025","A really great product, thank you Temu"
so***34,in,"on May 31, 2025",really good
tayyaba Gull,in,"on Jun 18, 2025",", absolutely perfect"
81***55,in,"on Dec 8, 2025","forms perfectly and easy to use..I recommend it ..if you wake up with puffy eyes and swollen face, use this and your face will be fine"
Wa***AA,in,"on Jun 27, 2025",good quality 💯 recommended 👍 fast delivery
ko***93,in,"on Jan 5, 2025","Super) A necessary item for those with dark circles under the eyes. Easy to use, can be combined with serums. 👍"
Elena Pershina,in,"on Jun 13, 2025",It’s amazing
Zoya Adnan,in,"on May 24, 2025","it's very good nice product, , absolutely perfect, exactly as described, thank you temu"
Ol***ko,in,"on Aug 30, 2025",Wow
Ol***ko,in,"on Aug 30, 2025",Awesome
Інна Паневник,in,"on Jan 15, 2026","Great product! From my experience, to prevent the ice inside from cracking due to the seal, leave the valve open before freezing. Then close it. It's much more convenient than taking ice out of a plastic cup and storing it in an open container. With this, everything stays sealed and your fingers don't get cold! Excellent item! I recommend it."
Hoor Noor,in,"on Jul 21, 2025",Very beautiful and exactly like the picture. I rate it more than wonderful ❤️❤️❤️❤️❤️❤️‍🔥❤️‍🔥❤️‍🔥❤️‍🔥❤️‍🔥❤️❤️‍🔥🔥🔥🔥🔥🔥🔥🔥🔥🔥🔥😍😍😍😍😍😍😍😍😍😍💖💖💖💖💖💖💖💖💖💖💖💖💖💖💖😍😍😍❤️❤️‍🔥❤️❤️‍🔥❤️‍🔥❤️❤️‍🔥❤️❤️‍🔥❤️❤️‍🔥💋🫦🫦💋💋💋🫦🫦🫦🔥💋💋💋❤️❤️❤️❤️❤️‍🔥❤️‍🔥❤️‍🔥❤️‍🔥❤️‍🔥❤️‍🔥❤️‍🔥❤️‍🔥❤️‍🔥❤️‍🔥❤️❤️‍🔥❤️❤️‍🔥😅😅💔😔😔❤️‍🔥❤️😅😅❤️😅❤️❤️😅😅😩❤️
An*Ta,in,"on Jun 29, 2025","Very nice colors, exactly like in the picture. At the top of the container there is an opening through which water is poured, although I use herbal infusions such as chamomile for facial and eye massage. After taking it out of the freezer, you have to wait a moment to easily open the container. For me, it's a must-have for daily morning eye and face massage."
Ta***dd,in,"on Jun 11, 2025","I'm in love with this product! I can't explain how easy and simple it became for me my morning. before I was using ice cubes this is so good for massage , so comfortable and doesn't make a mess. the only thing I don't like is that when I finish the top part it's a bit hard to take out the bottom ice , but I think I should order more that way I will always have ice ready! thank you seller"
me***am,in,"on Jun 3, 2025","Perfect, we've ordered one for each of us. It leaves a very nice feeling on the skin. You can add cucumber or lemon to the water, or nothing at all, just freeze it and that's it. I definitely recommend it!!"
Souheila AMRANE,in,"on Dec 9, 2025",
Карделия Юхименко,in,"on Dec 21, 2024","A very cool item, it invigorates in the morning, is easy to store, and doesn't drip or leak when used, unlike a regular ice cube 👍👍👍"
pl***15,in,"on Nov 28, 2024",Excited to try it tonight
nn***35,in,"on Jan 8, 2025",
Eneli Raimet,in,"on Jan 5, 2026",I really enjoy my morning routine now. It's very invigorating! It's much more comfortable to hold in your hand than an ice cube. It also helps reduce swelling. Great!
Irina Rider (maliwru),in,"on Sep 10, 2025","A great item, I'll order more. You can brew any skin tonic and apply it to your face. It's very convenient, better than holding ice cubes in your fingers."
Pa***yo,in,"on Jun 26, 2025","Great for the face, it fits well, or also for the ice cube. Of course, with these hot temperatures, ugh, anything cold feels good."
ch***lt,in,"on Dec 27, 2024","Smaller than expected, but to be honest you don’t want that much ice anyways. Good quality. Works well for what it’s worth"
Christy-fit-emprez,in,"on May 13, 2025",This is a game changer I absolutely love it would order over and over again highly recommended
sn***at,in,"on Apr 22, 2025",
Amna Rajpoot,in,"on May 12, 2025",it's amazing but it's small in size
Sara Mjidil,in,"on Aug 29, 2025","The best purchase I've made. It fits well in the fridge and is very, very useful for skincare. It's soothing and refreshing."
No***96,in,"on Jun 9, 2025","Exactly as shown in the pictures, with high quality, and it's lovely and beautiful. I loved it."
The Compulsive Curiosity,in,"on Jul 30, 2025",Just like the picture… I love it. It’s now part of my daily routine. Works efficiently.
sc**la,in,"on Sep 20, 2025","Very functional, it makes ice perfectly, is easy to use, small, and easy to fit inside the freezer."
Carolina Romero,in,"on Jun 22, 2025","It's great, although I thought it would be a bit bigger. It still works very well and doesn't leak any water, so it's super safe."
me***11,in,"on Jan 6, 2025","Great, they are smaller than others I've bought before, but that's almost better because they are much easier to handle"
Pl***nt,in,"on May 18, 2025","Works very well. A tip on the side: don't fill it too full, otherwise it will overflow due to the expansion of the water"
Anja Dzockova,in,"on Feb 28, 2025","easy to use but it smells like formalin, can't get the smell to go away"
Judith Tolentino,in,"on Dec 16, 2024",Perfect. Just like the description
48***33,in,"on Jun 19, 2025","It's fine, as long as it's been in the freezer long enough."
sh***ar,in,"on Sep 28, 2024",", absolutely perfect"
Gladys Adiamah,in,"on Jul 29, 2025",hdhdhdhdufhrhrjrjruryegevrjdjrh
82***63,in,"on Jul 1, 2025",not sure how to use it. good texture and very reasonable
youssra amzil,in,"on Jun 26, 2025","Wooow, , absolutely perfect"
Ma***ić,in,"on Jun 16, 2025",exactly as described
Rina Pieterse,in,"on Jun 18, 2025","Love this product, only problem when filled with water, place it upright in freezer because it is leaking at the top"
sh***ar,in,"on Sep 28, 2024",super great skincare
60***60,in,"on May 31, 2025",Quite practical
Rapelang Libuke,in,"on May 26, 2025",super great skincare
Miruu,in,"on Dec 9, 2024",exactly as described👌👌
Nash Wonderz,in,"on Sep 8, 2025",I received my order without any issues and it was well packed. The item is functional and does exactly what it’s supposed to do. The design looks nice and it’s convenient to have around. I appreciate how Temu makes it possible to buy these kinds of useful products without spending a lot of money. This purchase left me with a good impression and I’ll definitely keep browsing Temu for more deals in the future. I recommend giving it a try if you’re curious.
Hatice Nur,in,"on Apr 11, 2025","It makes applying ice to the skin easier. When placing an order, one can also purchase an extra one as a gift."
EL***TI,in,"on Oct 29, 2024",I think it will be very useful for me
sa***an,in,"on Apr 29, 2025",recommended 👍👍👍👍
Ivana Lazarova,in,"on Dec 14, 2024","exactly as described, excellent, thank you, superb"
Faty Rh,in,"on Oct 15, 2025",
Cherry hazel Lee,in,"on May 16, 2025",i love the colour its so girly 💓
Shasha,in,"on Oct 19, 2024","excellent, thank you, Nice and cute, good buy, works fine"
Sa***gi,in,"on Jan 23, 2025","I loved it! I've already used it, and it's a bit difficult to remove the cap, but otherwise, it's a 10/10"
Yusra Ibrahim,in,"on May 5, 2025",", absolutely perfect"
Ani Muradyan,in,"on Dec 18, 2024",Love it.
62***91,in,"on Aug 28, 2025","Very practical, this is the second time I've bought it, now for family members because they liked it too."
Ailyn Gonzalez,in,"on May 29, 2025",It serves its purpose for making ice facials. It's worth it for the price.
Marcela,in,"on Dec 16, 2024","I love it, and it's very useful, buy it, I'm sure you won't regret it."
Ma***85,in,"on May 2, 2025",cool
Ammara Cheema,in,"on Apr 24, 2025","excellent, thank you, , absolutely perfect, exactly as described, super great skincare, super great skincare"
sa***i1,in,"on Feb 20, 2025",Excellent
Puraj Khadgi,in,"on May 11, 2025",", absolutely perfect, cool"
yasser Bouacha,in,"on Apr 13, 2025",
Maha Isa,in,"on Jul 1, 2025","The rose doesn’t come with it but other than that, it’s super good and keeps the ice well shaped"
Tako Darakhvelidze,in,"on Jan 16, 2025",good!!
ּهــبــہ🎀,in,"on Jul 30, 2025",Love it
Omoyeni Delight,in,"on Aug 1, 2025",
an***e2,in,"on Jun 12, 2025",Great! 🤍🤍🤍🤍🤍🤍🤍🤍🤍👍🏻👍🏻♥️👍🏻♥️👏🏻🤍🤍🤍👍🏻👍🏻👍🏻♥️♥️♥️♥️🤍🤍👍🏻♥️♥️♥️♥️♥️♥️♥️♥️♥️♥️♥️♥️♥️♥️
Mela Nie,in,"on May 13, 2025","The material is lightweight, the color is vibrant, and it takes up little space in the freezer."
ju***ro,in,"on May 1, 2025","I was skeptical, but nothing leaks and it works perfectly. Great product."
90***20,in,"on Apr 28, 2025","Exactly as described, cute and tiny but really helpful 😂"
Iman Messaoudi,in,"on Feb 21, 2025",
Iman Messaoudi,in,"on Feb 21, 2025",
Li***al,in,"on Jul 7, 2025",Good
Irina Kandybina,in,"on May 5, 2025",excellent
오리,in,"on Nov 5, 2024","It's very small, I thought it would be bigger. The water lid opens a little and you have to be careful. The material is thick and very nice."
mharl,in,"on Apr 19, 2025","excellent, thank you"
ho***27,in,"on May 27, 2025",As shown in the photo
la***pe,in,"on Aug 3, 2025",Super practical and exactly as shown in the photos. I recommend it.
me***y5,in,"on Jun 16, 2025","Sometimes it's hard to remove the lid, but it's great for cooling off"
Александра Савченко,in,"on Oct 12, 2024",
mu***dh,in,"on Apr 19, 2025",As expected super fast delivery
si***om,in,"on Aug 14, 2025",I had bought one before and liked it. This one is for giving as a gift.
Анна Сотова,in,"on Aug 3, 2025","Excellent product, high quality, comfortable to hold and use"
75***96,in,"on Jul 30, 2025","It's very practical, and the results are good. We're happy with it."
Ka***ey,in,"on Jul 10, 2025","It serves its purpose, exactly like in the photo, I like it a lot!"
ac***np,in,"on May 8, 2025",A nice and convenient container. You fill it with water and put it in the freezer.
mu***na,in,"on Apr 16, 2025","Super cool and practical item, I can only highly recommend it ♡♡♡"
sa***28,in,"on Apr 10, 2025","A suitable device, I believe it will be useful for keeping things cool when the heat starts to rise."
70***69,in,"on May 1, 2025","nice. there is a little hole at the top where you can fill water on it, and close it back"
Me***ci,in,"on Nov 11, 2025","I haven't tried it yet, but it looks good."
68***84,in,"on Jan 17, 2026","Great! I use it with just water, and it works wonders. It's easy to refill and apply to tears or cracks"
ch***42,in,"on Nov 16, 2025","I haven't had a chance to use it yet, but it will definitely do its job. Great! 👍👍"
no***on,in,"on Jun 1, 2025","Wonderful, it refreshes the face and helps with wrinkles. It's also practical."
Mirela Nakić Kruško,in,"on Feb 17, 2025","A great product for rosacea, where the face often needs to be cooled."
No***di,in,"on Dec 7, 2024","Very good quality 😍❤️ I love it and I recommend it, thank you temu"
ma***im,in,"on Oct 21, 2024","Nice and cute, happy with this item"
